CustomerID,Gender,Age,Senior_Citizen,Partner,Dependents,Tenure_Months,Phone_Service,Multiple_Lines,Internet_Service,Online_Security,Online_Backup,Device_Protection,Tech_Support,Streaming_TV,Streaming_Movies,Contract,Paperless_Billing,Payment_Method,Monthly_Charges,Total_Charges,Num_Support_Tickets,Avg_Monthly_Data_GB,Churn
TC_0001,Male,53,0,Yes,Yes,10,Yes,No,DSL,No,No,No,No,No,No,One year,Yes,Bank transfer,60.45,598.92,11,156.1,No
TC_0002,Male,40,0,No,No,71,Yes,Yes,Fiber optic,No,No,No,Yes,No,Yes,Month-to-month,No,Electronic check,101.61,6767.87,1,261.6,No
TC_0003,Female,44,0,Yes,No,52,Yes,Yes,Fiber optic,Yes,Yes,Yes,No,No,Yes,One year,Yes,Bank transfer,120.0,5916.6,7,284.0,No
TC_0004,Female,56,0,No,No,62,Yes,No,DSL,No,No,No,No,No,Yes,One year,No,Mailed check,68.86,4125.44,5,42.3,No
TC_0005,Female,28,0,No,No,22,Yes,No,No,No internet service,No internet service,No internet service,No internet service,No internet service,No internet service,Two year,Yes,Credit card,20.0,396.42,3,0.0,Yes
TC_0006,Female,56,0,Yes,No,39,Yes,Yes,DSL,No,No,No,No,No,Yes,Two year,Yes,Bank transfer,80.11,2955.14,0,18.5,No
TC_0007,Male,18,0,No,Yes,25,Yes,Yes,Fiber optic,No,Yes,Yes,Yes,No,No,Two year,No,Mailed check,92.79,2108.87,1,459.0,No
TC_0008,Female,44,0,No,No,63,Yes,Yes,DSL,No,Yes,Yes,No,Yes,Yes,Month-to-month,No,Credit card,96.01,6035.23,0,39.2,Yes
TC_0009,Female,51,0,No,No,51,Yes,No,Fiber optic,No,No,Yes,No,Yes,No,Month-to-month,No,Bank transfer,92.31,4752.05,5,161.6,No
TC_0010,Female,29,0,Yes,No,31,Yes,Yes,Fiber optic,No,No,No,No,No,No,Two year,Yes,Mailed check,67.33,1886.32,5,255.4,No
TC_0011,Male,38,0,Yes,Yes,49,Yes,Yes,Fiber optic,Yes,No,No,Yes,Yes,No,Two year,Yes,Electronic check,119.21,5603.59,2,197.5,No
TC_0012,Female,34,0,No,No,23,Yes,No,Fiber optic,No,No,No,No,No,Yes,One year,Yes,Mailed check,79.99,1947.26,6,177.4,No
TC_0013,Male,32,0,No,No,62,Yes,No,No,No internet service,No internet service,No internet service,No internet service,No internet service,No internet service,One year,No,Bank transfer,20.0,1173.98,0,0.0,No
TC_0014,Male,53,0,No,No,9,Yes,No,No,No internet service,No internet service,No internet service,No internet service,No internet service,No internet service,Month-to-month,Yes,Electronic check,20.0,187.68,6,0.0,Yes
TC_0015,Female,57,0,Yes,No,5,No,No phone service,Fiber optic,Yes,No,Yes,No,No,No,Month-to-month,No,Credit card,68.73,333.83,1,247.4,No
TC_0016,Male,43,0,Yes,No,16,No,No phone service,Fiber optic,Yes,No,No,No,Yes,No,Month-to-month,Yes,Electronic check,65.22,,,94.0,Yes
TC_0017,Female,56,0,Yes,No,31,Yes,Yes,Fiber optic,No,No,No,Yes,Yes,Yes,Two year,No,Bank transfer,113.37,3695.26,,96.0,No
TC_0018,Female,54,0,Yes,Yes,2,Yes,No,No,No internet service,No internet service,No internet service,No internet service,No internet service,No internet service,One year,Yes,Credit card,,36.9,0,0.0,Yes
TC_0019,Female,43,0,Yes,No,58,Yes,Yes,DSL,No,Yes,No,No,Yes,No,One year,Yes,Mailed check,68.34,3879.64,0,93.7,No
TC_0020,Female,53,0,No,Yes,24,Yes,No,Fiber optic,No,No,No,No,No,No,Month-to-month,Yes,Electronic check,82.87,2167.97,10,174.3,Yes
TC_0021,Female,36,0,No,No,32,Yes,Yes,Fiber optic,No,No,Yes,No,Yes,No,Two year,Yes,Bank transfer,100.79,3218.59,1,211.3,No
TC_0022,Female,38,0,No,No,9,Yes,Yes,Fiber optic,No,No,No,No,No,Yes,Two year,No,Credit card,81.75,779.75,11,178.0,No
TC_0023,Female,49,0,Yes,No,50,Yes,No,No,No internet service,No internet service,No internet service,No internet service,No internet service,No internet service,Month-to-month,Yes,Credit card,20.0,1074.87,0,0.0,No
TC_0024,Male,62,0,Yes,No,1,Yes,Yes,No,No internet service,No internet service,No internet service,No internet service,No internet service,No internet service,One year,Yes,Credit card,20.0,19.02,1,0.0,No
TC_0025,Male,52,0,No,No,14,Yes,Yes,DSL,No,No,No,No,No,Yes,Month-to-month,No,Mailed check,67.03,861.45,4,97.0,No
TC_0026,Female,42,0,Yes,No,3,Yes,Yes,Fiber optic,No,No,No,No,No,No,Month-to-month,No,Credit card,67.35,202.41,5,353.5,No
TC_0027,Female,50,0,No,Yes,53,Yes,No,DSL,No,No,No,No,Yes,No,Two year,No,Bank transfer,61.37,3103.44,2,42.8,No
TC_0028,Female,65,1,Yes,No,10,Yes,Yes,DSL,No,No,Yes,No,No,Yes,Month-to-month,No,Mailed check,70.12,728.66,1,20.6,Yes
TC_0029,Male,65,1,No,No,62,Yes,No,No,No internet service,No internet service,No internet service,No internet service,No internet service,No internet service,One year,No,Bank transfer,20.0,1266.79,10,0.0,No
TC_0030,Female,39,0,No,No,60,Yes,No,Fiber optic,No,Yes,No,No,Yes,No,One year,Yes,Bank transfer,94.28,5362.98,1,224.0,Yes
TC_0031,Male,62,0,Yes,Yes,63,Yes,Yes,Fiber optic,No,No,No,No,Yes,No,Two year,No,Credit card,88.44,5085.1,5,320.8,No
TC_0032,Female,68,1,No,No,2,Yes,Yes,DSL,Yes,No,No,No,No,Yes,Month-to-month,No,Credit card,91.38,166.36,4,111.2,No
TC_0033,Female,33,0,Yes,No,35,Yes,No,No,No internet service,No internet service,No internet service,No internet service,No internet service,No internet service,Month-to-month,No,Bank transfer,20.0,647.85,6,0.0,Yes
TC_0034,Male,37,0,No,No,10,Yes,No,DSL,Yes,No,No,No,No,No,Month-to-month,No,Credit card,69.38,696.42,1,156.7,No
TC_0035,Female,26,0,No,No,2,Yes,No,DSL,No,Yes,Yes,Yes,No,Yes,Month-to-month,Yes,Bank transfer,84.23,157.31,2,75.4,Yes
TC_0036,Male,41,0,Yes,No,62,Yes,No,No,No internet service,No internet service,No internet service,No internet service,No internet service,No internet service,One year,Yes,Bank transfer,20.0,1252.81,7,0.0,No
TC_0037,Female,55,0,Yes,Yes,42,Yes,No,No,No internet service,No internet service,No internet service,No internet service,No internet service,No internet service,Month-to-month,No,Electronic check,,801.95,2,0.0,Yes
TC_0038,Female,74,1,No,No,41,Yes,Yes,DSL,No,No,No,No,Yes,No,One year,No,Credit card,71.4,2900.62,1,157.2,No
TC_0039,Male,36,0,Yes,No,59,Yes,No,No,No internet service,No internet service,No internet service,No internet service,No internet service,No internet service,One year,Yes,Mailed check,20.0,1242.47,0,0.0,No
TC_0040,Male,51,0,No,No,3,No,No phone service,DSL,No,Yes,No,No,No,Yes,Month-to-month,No,Mailed check,64.23,192.68,13,114.1,No
TC_0041,Male,59,0,Yes,Yes,10,No,No phone service,DSL,No,No,Yes,Yes,No,No,Two year,No,Mailed check,57.65,521.84,0,100.1,Yes
TC_0042,Female,32,0,Yes,Yes,,Yes,Yes,Fiber optic,No,Yes,No,No,Yes,No,Two year,Yes,Mailed check,85.99,3643.87,5,205.7,No
TC_0043,Male,54,0,Yes,Yes,1,Yes,No,No,No internet service,No internet service,No internet service,No internet service,No internet service,No internet service,Month-to-month,Yes,Electronic check,20.0,19.26,3,0.0,No
TC_0044,Male,38,0,No,No,,No,No phone service,No,No internet service,No internet service,No internet service,No internet service,No internet service,No internet service,Month-to-month,No,Credit card,22.82,73.45,0,0.0,Yes
TC_0045,Male,47,0,Yes,No,46,Yes,No,No,No internet service,No internet service,No internet service,No internet service,No internet service,No internet service,Month-to-month,Yes,Mailed check,20.0,925.98,0,0.0,Yes
TC_0046,Male,42,0,Yes,No,5,Yes,No,Fiber optic,Yes,Yes,No,Yes,Yes,Yes,Two year,No,Mailed check,120.0,572.93,,65.1,No
TC_0047,Male,36,0,Yes,Yes,5,Yes,No,Fiber optic,Yes,Yes,No,No,Yes,Yes,Month-to-month,Yes,Electronic check,113.73,555.52,0,428.6,No
TC_0048,Male,39,0,No,No,19,Yes,No,DSL,No,No,Yes,Yes,No,Yes,One year,Yes,Credit card,93.27,,3,52.9,No
TC_0049,Male,41,0,Yes,No,,Yes,Yes,DSL,Yes,No,Yes,Yes,No,No,Month-to-month,Yes,Mailed check,82.43,749.46,0,21.9,No
TC_0050,Female,56,0,No,No,3,Yes,No,No,No internet service,No internet service,No internet service,No internet service,No internet service,No internet service,One year,Yes,Mailed check,20.0,55.04,0,0.0,No
TC_0051,Female,46,0,No,No,11,Yes,No,Fiber optic,No,No,No,No,Yes,No,One year,No,Electronic check,78.05,881.24,2,233.8,No
TC_0052,Female,55,0,No,No,42,Yes,Yes,Fiber optic,Yes,Yes,No,No,No,No,Two year,Yes,Bank transfer,99.47,3968.75,2,252.0,No
TC_0053,Female,66,1,Yes,No,58,Yes,Yes,DSL,No,No,Yes,No,No,Yes,Month-to-month,No,Mailed check,73.61,4531.79,2,79.2,No
TC_0054,Female,69,1,Yes,No,57,Yes,Yes,Fiber optic,No,No,Yes,Yes,Yes,No,One year,Yes,Credit card,115.04,6520.43,6,262.6,No
TC_0055,Female,36,0,No,No,13,Yes,Yes,No,No internet service,No internet service,No internet service,No internet service,No internet service,No internet service,One year,Yes,Electronic check,20.0,239.85,0,0.0,No
TC_0056,Male,60,0,No,No,1,Yes,No,No,No internet service,No internet service,No internet service,No internet service,No internet service,No internet service,One year,Yes,Mailed check,20.0,21.44,1,0.0,No
TC_0057,Male,47,0,Yes,Yes,51,Yes,No,Fiber optic,No,Yes,No,No,Yes,No,Month-to-month,Yes,Electronic check,89.06,4126.84,5,65.7,Yes
TC_0058,Female,37,0,No,No,41,Yes,No,DSL,Yes,Yes,No,No,Yes,Yes,One year,Yes,Credit card,90.17,,0,134.4,Yes
TC_0059,Male,46,0,No,No,46,Yes,Yes,No,No internet service,No internet service,No internet service,No internet service,No internet service,No internet service,Two year,No,Credit card,20.0,923.6,,0.0,No
TC_0060,Female,40,0,Yes,No,37,Yes,Yes,Fiber optic,No,No,No,No,No,No,One year,No,Electronic check,67.25,,4,223.5,No
TC_0061,Female,52,0,No,No,6,Yes,No,DSL,No,No,No,No,No,Yes,Month-to-month,No,Electronic check,60.5,344.59,14,137.6,Yes
TC_0062,Male,40,0,Yes,No,65,Yes,Yes,No,No internet service,No internet service,No internet service,No internet service,No internet service,No internet service,Two year,No,Credit card,20.0,1365.37,4,0.0,Yes
TC_0063,Female,55,0,No,No,36,Yes,Yes,Fiber optic,Yes,Yes,No,Yes,No,No,Month-to-month,Yes,Credit card,99.93,3378.83,4,260.1,Yes
TC_0064,Male,50,0,No,No,46,Yes,Yes,DSL,Yes,No,Yes,No,Yes,Yes,Two year,Yes,Credit card,112.68,4767.65,2,73.1,No
TC_0065,Female,44,0,No,No,1,No,No phone service,Fiber optic,Yes,Yes,No,No,Yes,Yes,Month-to-month,No,Electronic check,92.24,89.44,4,197.8,Yes
TC_0066,Male,33,0,No,No,39,Yes,Yes,DSL,No,Yes,No,No,No,Yes,Two year,Yes,Credit card,70.9,2732.3,0,42.1,No
TC_0067,Female,68,1,Yes,No,40,Yes,No,DSL,No,Yes,No,No,Yes,Yes,One year,No,Bank transfer,98.7,4103.42,7,73.1,No
TC_0068,Female,38,0,No,No,63,No,No phone service,No,No internet service,No internet service,No internet service,No internet service,No internet service,No internet service,Two year,Yes,Mailed check,24.26,1411.48,1,0.0,No
TC_0069,Male,39,0,Yes,Yes,4,Yes,No,Fiber optic,Yes,No,No,No,Yes,Yes,Month-to-month,Yes,Mailed check,120.0,442.52,1,261.8,No
TC_0070,Male,56,0,Yes,No,,Yes,Yes,No,No internet service,No internet service,No internet service,No internet service,No internet service,No internet service,One year,Yes,Credit card,20.0,1260.87,3,0.0,No
TC_0071,Female,38,0,No,No,68,Yes,No,DSL,No,No,No,No,Yes,No,One year,Yes,Credit card,64.33,4028.72,5,71.5,Yes
TC_0072,Male,33,0,No,No,8,Yes,Yes,No,No internet service,No internet service,No internet service,No internet service,No internet service,No internet service,Month-to-month,Yes,Electronic check,20.0,146.3,6,0.0,No
TC_0073,Male,64,0,Yes,Yes,12,Yes,No,Fiber optic,Yes,No,No,No,Yes,Yes,Two year,Yes,Credit card,96.84,1197.39,5,105.0,No
TC_0074,Female,50,0,Yes,No,27,Yes,No,DSL,Yes,No,No,No,Yes,No,One year,Yes,Bank transfer,79.87,1994.43,0,72.4,No
TC_0075,Female,59,0,No,No,7,Yes,No,Fiber optic,Yes,Yes,No,Yes,No,Yes,Month-to-month,No,Mailed check,112.53,720.39,0,374.1,No
TC_0076,Female,41,0,No,Yes,8,Yes,No,DSL,Yes,No,No,No,No,No,One year,No,Credit card,73.34,612.5,0,112.0,No
TC_0077,Female,40,0,Yes,Yes,4,Yes,No,Fiber optic,No,No,Yes,Yes,Yes,Yes,Month-to-month,No,Electronic check,113.04,430.92,4,405.1,Yes
TC_0078,Male,68,1,Yes,No,45,Yes,Yes,No,No internet service,No internet service,No internet service,No internet service,No internet service,No internet service,Two year,Yes,Bank transfer,20.0,937.85,11,0.0,No
TC_0079,Male,48,0,Yes,No,59,Yes,Yes,Fiber optic,No,Yes,Yes,Yes,Yes,No,Two year,Yes,Electronic check,118.51,6741.9,4,261.8,No
TC_0080,Male,32,0,No,Yes,35,Yes,Yes,Fiber optic,No,Yes,Yes,No,Yes,No,Month-to-month,Yes,Electronic check,93.7,3516.84,7,166.3,Yes
TC_0081,Male,35,0,Yes,No,68,Yes,No,Fiber optic,Yes,No,No,No,Yes,No,Two year,No,Mailed check,,7046.77,8,323.4,No
TC_0082,Male,63,0,No,No,59,Yes,No,DSL,Yes,Yes,Yes,No,No,Yes,Two year,No,Mailed check,103.42,6274.76,5,43.6,No
TC_0083,Male,45,0,Yes,Yes,59,Yes,No,Fiber optic,Yes,No,Yes,No,No,Yes,Two year,Yes,Bank transfer,97.69,,8,129.1,No
TC_0084,Male,56,0,No,No,4,Yes,No,Fiber optic,Yes,Yes,Yes,No,Yes,Yes,Month-to-month,No,Bank transfer,120.0,475.66,7,456.6,Yes
TC_0085,Male,40,0,Yes,No,61,Yes,No,Fiber optic,No,Yes,Yes,Yes,No,No,Two year,No,Credit card,103.21,5996.14,1,143.8,No
TC_0086,Male,31,0,No,No,63,Yes,Yes,No,No internet service,No internet service,No internet service,No internet service,No internet service,No internet service,Two year,Yes,Bank transfer,20.0,,1,0.0,No
TC_0087,Male,72,1,No,No,68,Yes,No,DSL,No,No,No,No,No,No,One year,No,Bank transfer,61.05,4557.28,4,166.8,No
TC_0088,Female,42,0,No,No,56,No,No phone service,Fiber optic,Yes,Yes,No,Yes,No,No,One year,Yes,Bank transfer,91.9,4631.88,0,341.1,No
TC_0089,Male,63,0,No,No,25,Yes,Yes,Fiber optic,No,No,No,No,Yes,Yes,Two year,Yes,Electronic check,89.31,2418.39,7,359.2,No
TC_0090,Male,60,0,Yes,Yes,10,Yes,No,DSL,No,No,No,Yes,No,No,One year,No,Bank transfer,57.43,545.67,1,52.0,Yes
TC_0091,Male,23,0,Yes,No,69,Yes,Yes,Fiber optic,No,No,No,Yes,No,Yes,Month-to-month,Yes,Bank transfer,102.28,6521.17,6,82.9,Yes
TC_0092,Male,32,0,Yes,No,53,Yes,No,Fiber optic,Yes,No,No,Yes,No,No,One year,Yes,Credit card,91.34,4587.19,1,99.2,No
TC_0093,Male,69,1,Yes,No,60,Yes,Yes,DSL,No,No,Yes,No,No,Yes,One year,No,Credit card,69.06,3969.01,5,155.9,No
TC_0094,Female,29,0,No,No,8,Yes,Yes,Fiber optic,No,Yes,No,Yes,No,No,One year,No,Credit card,111.76,878.97,3,233.9,No
TC_0095,Male,68,1,Yes,No,68,No,No phone service,Fiber optic,No,No,Yes,No,No,Yes,Month-to-month,No,Bank transfer,71.78,4589.97,,96.3,Yes
TC_0096,Male,30,0,No,No,63,Yes,Yes,DSL,No,No,Yes,No,No,Yes,Two year,No,Credit card,67.65,4040.24,8,98.9,No
TC_0097,Male,33,0,No,Yes,3,Yes,No,DSL,Yes,Yes,No,Yes,Yes,Yes,Month-to-month,Yes,Mailed check,114.56,375.1,1,136.2,No
TC_0098,Male,40,0,No,No,2,Yes,Yes,Fiber optic,No,No,No,No,No,Yes,Month-to-month,Yes,Bank transfer,101.93,209.66,6,117.3,Yes
TC_0099,Male,55,0,Yes,Yes,56,Yes,Yes,DSL,No,No,No,No,No,No,One year,No,Bank transfer,64.31,3251.83,9,94.8,No
TC_0100,Female,22,0,No,No,37,Yes,Yes,Fiber optic,No,Yes,No,No,Yes,Yes,Month-to-month,Yes,Electronic check,117.62,4478.18,2,486.0,No
TC_0101,Female,56,0,Yes,No,59,Yes,Yes,Fiber optic,No,No,Yes,No,Yes,No,Month-to-month,No,Electronic check,104.45,6029.1,10,128.8,No
TC_0102,Male,41,0,Yes,No,8,Yes,No,DSL,Yes,No,No,No,No,Yes,One year,Yes,Mailed check,82.43,643.25,,145.6,Yes
TC_0103,Female,33,0,No,No,65,Yes,No,Fiber optic,Yes,No,Yes,No,Yes,Yes,Two year,Yes,Credit card,120.0,7646.17,3,202.1,No
TC_0104,Male,51,0,No,No,2,Yes,No,Fiber optic,No,Yes,Yes,Yes,Yes,No,Month-to-month,No,Electronic check,118.31,225.55,1,151.3,No
TC_0105,Male,35,0,Yes,No,3,Yes,No,No,No internet service,No internet service,No internet service,No internet service,No internet service,No internet service,Month-to-month,Yes,Credit card,20.0,58.93,9,0.0,No
TC_0106,Female,62,0,Yes,Yes,9,Yes,No,No,No internet service,No internet service,No internet service,No internet service,No internet service,No internet service,Month-to-month,No,Electronic check,20.0,181.68,7,0.0,Yes
TC_0107,Female,77,1,Yes,No,15,Yes,No,No,No internet service,No internet service,No internet service,No internet service,No internet service,No internet service,Month-to-month,Yes,Electronic check,20.0,302.39,1,0.0,No
TC_0108,Female,30,0,Yes,Yes,54,Yes,No,DSL,Yes,No,No,No,Yes,Yes,One year,Yes,Credit card,97.34,4834.64,0,86.2,No
TC_0109,Male,40,0,No,No,47,Yes,No,Fiber optic,No,Yes,No,No,Yes,Yes,Two year,Yes,Electronic check,120.0,5864.5,3,202.8,No
TC_0110,Female,33,0,Yes,Yes,5,No,No phone service,DSL,No,Yes,No,Yes,No,No,One year,Yes,Bank transfer,58.68,,5,118.9,No
TC_0111,Male,69,1,Yes,No,62,Yes,No,DSL,No,No,No,Yes,No,Yes,Month-to-month,Yes,Bank transfer,84.26,,,89.4,No
TC_0112,Female,42,0,No,No,7,Yes,No,No,No internet service,No internet service,No internet service,No internet service,No internet service,No internet service,One year,Yes,Mailed check,20.0,133.92,0,0.0,Yes
TC_0113,Male,24,0,No,No,56,Yes,Yes,No,No internet service,No internet service,No internet service,No internet service,No internet service,No internet service,Two year,No,Credit card,20.0,1209.73,10,0.0,No
TC_0114,Female,39,0,No,No,62,Yes,Yes,No,No internet service,No internet service,No internet service,No internet service,No internet service,No internet service,One year,Yes,Electronic check,20.0,1336.53,6,0.0,Yes
TC_0115,Female,37,0,No,No,57,Yes,Yes,No,No internet service,No internet service,No internet service,No internet service,No internet service,No internet service,Two year,Yes,Credit card,20.0,1214.52,0,0.0,No
TC_0116,Female,56,0,Yes,No,61,Yes,No,DSL,No,No,No,No,Yes,No,Two year,Yes,Electronic check,74.18,4719.9,12,175.0,No
TC_0117,Female,29,0,No,No,53,Yes,Yes,DSL,No,No,No,No,No,No,Month-to-month,Yes,Mailed check,69.12,,8,137.8,Yes
TC_0118,Female,39,0,Yes,No,27,Yes,Yes,Fiber optic,Yes,No,Yes,Yes,No,No,One year,Yes,Mailed check,117.98,3193.82,0,140.4,Yes
TC_0119,Female,38,0,Yes,No,40,Yes,Yes,Fiber optic,No,Yes,No,Yes,No,Yes,Month-to-month,No,Electronic check,110.96,4739.16,12,237.6,No
TC_0120,Female,45,0,No,No,,Yes,Yes,No,No internet service,No internet service,No internet service,No internet service,No internet service,No internet service,Two year,Yes,Credit card,20.0,219.04,4,0.0,No
TC_0121,Female,30,0,No,No,11,Yes,No,DSL,Yes,No,Yes,Yes,Yes,No,Month-to-month,No,Mailed check,108.5,1257.57,6,56.5,Yes
TC_0122,Male,37,0,No,No,55,Yes,No,Fiber optic,Yes,Yes,Yes,Yes,Yes,Yes,One year,No,Credit card,109.67,6616.83,3,206.9,No
TC_0123,Male,69,1,Yes,Yes,28,No,No phone service,DSL,No,Yes,No,Yes,Yes,No,Month-to-month,Yes,Bank transfer,57.19,1571.6,2,69.7,No
TC_0124,Male,32,0,Yes,No,6,Yes,Yes,Fiber optic,No,No,No,No,Yes,No,Month-to-month,Yes,Electronic check,82.89,533.4,2,201.0,Yes
TC_0125,Female,48,0,Yes,No,43,Yes,No,Fiber optic,Yes,No,No,No,No,Yes,Two year,Yes,Bank transfer,94.4,3767.4,6,78.3,No
TC_0126,Male,62,0,Yes,No,9,Yes,Yes,Fiber optic,No,No,Yes,No,Yes,Yes,Month-to-month,No,Electronic check,115.98,1095.05,5,272.3,No
TC_0127,Female,67,1,Yes,No,53,Yes,Yes,DSL,No,No,Yes,No,Yes,Yes,One year,No,Bank transfer,84.23,4795.51,1,75.2,No
TC_0128,Male,40,0,Yes,Yes,,Yes,Yes,DSL,No,No,No,No,No,Yes,One year,No,Bank transfer,74.33,4490.26,0,30.1,No
TC_0129,Male,76,1,Yes,No,52,Yes,No,No,No internet service,No internet service,No internet service,No internet service,No internet service,No internet service,One year,Yes,Bank transfer,20.0,962.66,3,0.0,No
TC_0130,Female,42,0,Yes,Yes,20,Yes,Yes,DSL,No,No,No,No,Yes,Yes,Month-to-month,Yes,Bank transfer,82.5,1534.21,1,154.5,Yes
TC_0131,Male,48,0,Yes,No,46,Yes,Yes,No,No internet service,No internet service,No internet service,No internet service,No internet service,No internet service,Two year,No,Mailed check,20.0,980.8,0,0.0,No
TC_0132,Male,53,0,Yes,Yes,60,Yes,Yes,No,No internet service,No internet service,No internet service,No internet service,No internet service,No internet service,One year,No,Bank transfer,20.0,1270.46,2,0.0,No
TC_0133,Female,30,0,No,No,9,Yes,No,Fiber optic,No,Yes,Yes,No,Yes,Yes,One year,Yes,Mailed check,98.48,,9,226.8,No
TC_0134,Female,65,1,Yes,No,53,Yes,Yes,Fiber optic,Yes,Yes,Yes,No,No,No,One year,Yes,Credit card,96.65,5018.83,3,216.0,Yes
TC_0135,Male,26,0,Yes,No,4,Yes,No,No,No internet service,No internet service,No internet service,No internet service,No internet service,No internet service,Month-to-month,Yes,Electronic check,20.0,72.8,1,0.0,No
TC_0136,Male,26,0,No,Yes,52,Yes,Yes,Fiber optic,No,No,No,No,No,No,Two year,Yes,Bank transfer,74.95,3538.01,5,165.1,No
TC_0137,Male,34,0,Yes,No,47,Yes,No,No,No internet service,No internet service,No internet service,No internet service,No internet service,No internet service,Two year,Yes,Electronic check,20.0,1010.25,1,0.0,No
TC_0138,Male,58,0,No,Yes,65,Yes,Yes,Fiber optic,No,Yes,No,Yes,Yes,No,Two year,No,Bank transfer,107.42,6477.3,3,249.5,No
TC_0139,Female,39,0,Yes,No,38,Yes,Yes,Fiber optic,Yes,No,No,Yes,No,Yes,Two year,Yes,Bank transfer,,3649.24,12,287.9,No
TC_0140,Male,32,0,Yes,Yes,7,Yes,No,DSL,No,No,No,No,No,No,Month-to-month,No,Credit card,69.65,,9,111.1,Yes
TC_0141,Male,45,0,Yes,No,42,Yes,No,Fiber optic,No,Yes,No,No,No,No,Two year,No,Credit card,99.56,4311.64,11,133.6,No
TC_0142,Male,39,0,No,No,1,Yes,Yes,No,No internet service,No internet service,No internet service,No internet service,No internet service,No internet service,Month-to-month,Yes,Mailed check,20.0,,13,0.0,No
TC_0143,Female,22,0,No,No,4,Yes,No,Fiber optic,No,No,Yes,No,No,Yes,Month-to-month,Yes,Mailed check,113.35,443.73,3,108.2,Yes
TC_0144,Male,67,1,Yes,No,69,Yes,Yes,Fiber optic,No,Yes,Yes,Yes,Yes,No,Two year,Yes,Bank transfer,,8639.14,9,198.5,No
TC_0145,Male,36,0,Yes,Yes,5,Yes,Yes,Fiber optic,No,Yes,Yes,No,Yes,No,Month-to-month,No,Electronic check,114.49,564.59,14,137.8,Yes
TC_0146,Female,36,0,No,No,6,Yes,No,No,No internet service,No internet service,No internet service,No internet service,No internet service,No internet service,Two year,Yes,Bank transfer,20.0,128.67,1,0.0,No
TC_0147,Female,54,0,Yes,Yes,47,Yes,Yes,DSL,No,Yes,No,No,No,No,Two year,No,Electronic check,81.76,4104.41,6,21.2,No
TC_0148,Male,35,0,No,No,39,Yes,No,DSL,Yes,No,No,Yes,Yes,No,Two year,Yes,Mailed check,99.84,3812.08,3,67.4,No
TC_0149,Female,33,0,Yes,No,17,Yes,No,Fiber optic,Yes,Yes,Yes,No,No,No,One year,No,Credit card,96.58,1604.81,1,343.2,No
TC_0150,Female,75,1,Yes,No,2,Yes,Yes,DSL,No,Yes,Yes,No,Yes,No,Month-to-month,No,Electronic check,93.12,198.15,5,33.1,No
TC_0151,Male,35,0,No,No,59,Yes,No,No,No internet service,No internet service,No internet service,No internet service,No internet service,No internet service,Two year,No,Mailed check,,1121.76,2,0.0,No
TC_0152,Female,47,0,Yes,Yes,50,No,No phone service,Fiber optic,No,Yes,Yes,No,Yes,Yes,One year,Yes,Credit card,114.35,5310.58,6,282.3,No
TC_0153,Male,49,0,Yes,No,39,Yes,No,DSL,Yes,No,No,Yes,Yes,No,One year,Yes,Credit card,86.45,3437.82,0,124.1,No
TC_0154,Female,37,0,No,No,28,Yes,Yes,Fiber optic,No,No,Yes,Yes,No,Yes,Month-to-month,Yes,Electronic check,102.75,2824.78,4,253.0,Yes
TC_0155,Male,29,0,Yes,No,70,Yes,No,No,No internet service,No internet service,No internet service,No internet service,No internet service,No internet service,Two year,No,Electronic check,,1409.47,5,0.0,No
TC_0156,Male,40,0,No,No,6,Yes,No,Fiber optic,Yes,No,Yes,No,No,No,Month-to-month,Yes,Bank transfer,,566.55,4,197.2,Yes
TC_0157,Female,37,0,No,No,3,Yes,No,No,No internet service,No internet service,No internet service,No internet service,No internet service,No internet service,Month-to-month,Yes,Credit card,20.0,64.63,0,0.0,Yes
TC_0158,Male,32,0,Yes,No,4,Yes,Yes,Fiber optic,No,No,No,No,Yes,No,Month-to-month,Yes,Credit card,86.94,371.57,13,123.9,No
TC_0159,Male,60,0,No,No,9,Yes,No,Fiber optic,Yes,Yes,Yes,No,No,Yes,Two year,No,Bank transfer,120.0,1010.91,1,47.4,No
TC_0160,Male,40,0,No,No,66,Yes,No,No,No internet service,No internet service,No internet service,No internet service,No internet service,No internet service,Two year,Yes,Credit card,20.0,1241.43,9,0.0,No
TC_0161,Male,45,0,Yes,No,60,Yes,Yes,DSL,Yes,No,No,No,Yes,No,Two year,No,Bank transfer,70.24,3915.56,4,76.0,No
TC_0162,Female,37,0,Yes,No,2,Yes,Yes,DSL,Yes,No,No,Yes,No,No,One year,Yes,Bank transfer,72.83,140.81,2,87.4,No
TC_0163,Female,63,0,Yes,No,44,Yes,No,Fiber optic,No,Yes,No,No,No,No,One year,Yes,Mailed check,80.88,3269.43,2,65.2,No
TC_0164,Female,48,0,Yes,No,25,Yes,No,Fiber optic,No,No,Yes,No,No,Yes,Two year,No,Bank transfer,96.53,2346.05,4,178.3,No
TC_0165,Male,62,0,Yes,No,61,Yes,No,Fiber optic,Yes,Yes,Yes,Yes,No,No,Month-to-month,No,Mailed check,116.0,7157.18,5,116.8,No
TC_0166,Female,60,0,No,Yes,5,No,No phone service,Fiber optic,No,Yes,No,No,Yes,Yes,Month-to-month,No,Electronic check,86.51,472.1,2,182.1,No
TC_0167,Female,53,0,No,No,47,Yes,Yes,No,No internet service,No internet service,No internet service,No internet service,No internet service,No internet service,Two year,Yes,Bank transfer,20.0,878.78,0,0.0,No
TC_0168,Male,33,0,Yes,No,9,Yes,Yes,Fiber optic,No,No,Yes,No,No,No,Month-to-month,Yes,Credit card,98.41,965.69,7,171.4,No
TC_0169,Female,61,0,Yes,No,56,Yes,No,DSL,No,Yes,No,No,No,No,Two year,No,Credit card,64.3,3820.17,1,63.0,No
TC_0170,Male,67,1,Yes,Yes,51,Yes,Yes,Fiber optic,No,No,Yes,Yes,No,No,One year,No,Bank transfer,102.98,5232.9,7,319.7,No
TC_0171,Male,46,0,No,No,72,Yes,No,DSL,No,No,No,No,No,No,Two year,No,Electronic check,50.83,,1,66.4,No
TC_0172,Male,70,1,Yes,No,58,Yes,No,DSL,Yes,No,Yes,No,Yes,Yes,One year,Yes,Bank transfer,98.61,5802.63,0,35.0,Yes
TC_0173,Male,52,0,Yes,No,31,Yes,Yes,Fiber optic,No,Yes,Yes,No,No,Yes,One year,No,Mailed check,,3743.22,8,194.3,No
TC_0174,Female,55,0,Yes,No,56,Yes,Yes,Fiber optic,No,No,No,No,No,No,Two year,No,Bank transfer,66.81,3549.13,6,148.8,No
TC_0175,Female,42,0,No,No,5,Yes,Yes,Fiber optic,Yes,No,Yes,No,No,Yes,One year,Yes,Mailed check,100.11,548.77,3,299.5,No
TC_0176,Female,50,0,Yes,Yes,49,Yes,Yes,No,No internet service,No internet service,No internet service,No internet service,No internet service,No internet service,Month-to-month,No,Electronic check,20.0,904.47,6,0.0,No
TC_0177,Female,25,0,No,No,37,Yes,No,No,No internet service,No internet service,No internet service,No internet service,No internet service,No internet service,One year,Yes,Credit card,20.0,721.75,1,0.0,No
TC_0178,Male,45,0,Yes,Yes,3,Yes,No,DSL,No,Yes,No,No,No,No,Month-to-month,No,Credit card,63.21,194.93,0,66.1,No
TC_0179,Male,59,0,Yes,No,4,Yes,Yes,Fiber optic,No,No,No,No,Yes,No,Month-to-month,Yes,Bank transfer,79.01,310.32,7,187.4,Yes
TC_0180,Male,67,1,Yes,No,35,Yes,No,Fiber optic,No,Yes,Yes,No,No,No,Two year,Yes,Mailed check,105.36,3364.92,3,305.0,No
TC_0181,Female,34,0,Yes,No,7,Yes,No,Fiber optic,Yes,Yes,No,Yes,Yes,Yes,Month-to-month,Yes,Electronic check,120.0,830.02,2,163.0,Yes
TC_0182,Male,52,0,No,No,66,Yes,No,Fiber optic,No,Yes,Yes,No,Yes,No,Two year,No,Credit card,115.91,7768.31,2,426.0,No
TC_0183,Female,32,0,No,Yes,25,Yes,Yes,DSL,No,No,No,Yes,Yes,No,One year,Yes,Bank transfer,74.03,1941.96,,83.1,No
TC_0184,Female,46,0,No,No,48,Yes,Yes,Fiber optic,No,No,No,Yes,Yes,Yes,One year,No,Bank transfer,120.0,5476.77,3,322.7,No
TC_0185,Female,49,0,No,No,59,Yes,No,Fiber optic,Yes,No,No,No,Yes,Yes,Two year,No,Mailed check,95.28,5714.78,3,346.4,No
TC_0186,Female,40,0,Yes,Yes,15,Yes,No,DSL,No,No,No,No,No,No,Month-to-month,Yes,Electronic check,281.27,897.01,6,129.5,No
TC_0187,Female,37,0,No,No,5,Yes,No,Fiber optic,Yes,Yes,Yes,No,No,Yes,Month-to-month,Yes,Bank transfer,120.0,544.81,2,186.5,Yes
TC_0188,Male,49,0,No,No,67,Yes,Yes,DSL,No,No,No,Yes,No,No,One year,No,Bank transfer,65.65,4573.48,0,38.8,Yes
TC_0189,Male,63,0,No,No,67,Yes,No,Fiber optic,No,No,No,No,Yes,No,Two year,No,Bank transfer,,5524.52,4,178.0,No
TC_0190,Female,45,0,Yes,No,64,Yes,No,DSL,No,Yes,No,Yes,Yes,Yes,One year,No,Bank transfer,102.5,6337.73,10,179.4,No
TC_0191,Female,42,0,Yes,Yes,5,Yes,No,Fiber optic,No,No,No,No,No,No,Month-to-month,No,Bank transfer,77.45,349.56,7,316.6,No
TC_0192,Female,41,0,Yes,No,4,Yes,No,DSL,Yes,No,Yes,No,No,No,One year,Yes,Bank transfer,72.75,263.7,0,129.2,No
TC_0193,Male,44,0,Yes,Yes,3,Yes,Yes,Fiber optic,No,Yes,No,No,Yes,No,Month-to-month,No,Electronic check,79.6,258.87,3,237.1,No
TC_0194,Male,55,0,No,No,18,Yes,No,Fiber optic,No,No,Yes,No,Yes,No,One year,Yes,Electronic check,94.73,1667.94,2,179.0,Yes
TC_0195,Female,67,1,No,No,15,Yes,No,Fiber optic,Yes,No,No,No,No,No,One year,No,Credit card,81.99,1275.78,6,136.8,No
TC_0196,Female,34,0,Yes,No,47,Yes,Yes,No,No internet service,No internet service,No internet service,No internet service,No internet service,No internet service,Month-to-month,Yes,Electronic check,20.0,875.8,2,0.0,No
TC_0197,Female,34,0,Yes,No,11,Yes,No,Fiber optic,No,Yes,No,Yes,Yes,Yes,Month-to-month,Yes,Credit card,105.86,1158.78,2,265.2,Yes
TC_0198,Male,31,0,Yes,No,57,Yes,Yes,No,No internet service,No internet service,No internet service,No internet service,No internet service,No internet service,Two year,No,Mailed check,20.0,1119.28,0,0.0,No
TC_0199,Male,66,1,Yes,No,19,Yes,No,No,No internet service,No internet service,No internet service,No internet service,No internet service,No internet service,Two year,No,Electronic check,20.0,349.92,0,0.0,No
TC_0200,Male,38,0,Yes,Yes,65,Yes,No,DSL,Yes,Yes,Yes,No,Yes,No,One year,Yes,Bank transfer,94.79,6325.95,1,57.2,No
TC_0201,Male,43,0,No,No,7,Yes,No,DSL,No,No,No,No,Yes,No,Month-to-month,Yes,Electronic check,61.24,444.97,3,32.5,No
TC_0202,Male,34,0,Yes,No,0,Yes,No,DSL,No,No,No,No,Yes,Yes,Month-to-month,Yes,Credit card,69.84,,6,82.4,Yes
TC_0203,Male,34,0,Yes,Yes,60,Yes,No,Fiber optic,No,No,No,No,Yes,No,Two year,Yes,Credit card,84.68,4705.72,0,118.7,Yes
TC_0204,Female,42,0,Yes,No,68,Yes,Yes,DSL,No,Yes,No,No,Yes,Yes,Two year,Yes,Credit card,78.66,5478.35,4,63.6,No
TC_0205,Female,37,0,Yes,No,56,Yes,No,Fiber optic,No,No,No,Yes,No,Yes,Two year,Yes,Mailed check,99.19,5667.45,0,351.9,No
TC_0206,Male,69,1,Yes,No,8,Yes,Yes,No,No internet service,No internet service,No internet service,No internet service,No internet service,No internet service,Month-to-month,No,Electronic check,,174.25,3,0.0,Yes
TC_0207,Female,42,0,No,Yes,53,Yes,Yes,Fiber optic,Yes,No,Yes,No,Yes,Yes,Two year,No,Bank transfer,111.1,5373.74,2,366.8,Yes
TC_0208,Female,70,1,Yes,Yes,53,Yes,No,No,No internet service,No internet service,No internet service,No internet service,No internet service,No internet service,Two year,Yes,Mailed check,20.0,1098.84,1,0.0,No
TC_0209,Male,32,0,No,No,64,Yes,Yes,No,No internet service,No internet service,No internet service,No internet service,No internet service,No internet service,Month-to-month,Yes,Electronic check,20.0,1272.48,3,0.0,No
TC_0210,Male,28,0,No,No,15,Yes,No,Fiber optic,Yes,No,No,Yes,Yes,No,One year,Yes,Credit card,102.4,1664.05,0,197.7,No
TC_0211,Female,44,0,Yes,Yes,10,No,No phone service,DSL,No,No,No,No,Yes,Yes,Month-to-month,No,Mailed check,60.77,,2,61.3,No
TC_0212,Female,31,0,Yes,Yes,2,Yes,No,No,No internet service,No internet service,No internet service,No internet service,No internet service,No internet service,Month-to-month,Yes,Electronic check,20.0,37.67,0,0.0,Yes
TC_0213,Female,33,0,Yes,No,53,Yes,No,No,No internet service,No internet service,No internet service,No internet service,No internet service,No internet service,Month-to-month,No,Bank transfer,20.0,979.9,13,0.0,Yes
TC_0214,Female,48,0,No,No,58,No,No phone service,Fiber optic,Yes,No,No,Yes,No,Yes,Month-to-month,Yes,Bank transfer,77.74,4583.43,7,380.8,No
TC_0215,Female,54,0,Yes,Yes,1,Yes,No,DSL,Yes,No,No,No,No,No,Month-to-month,No,Electronic check,64.23,62.79,2,47.8,No
TC_0216,Male,28,0,Yes,Yes,2,Yes,Yes,Fiber optic,Yes,No,Yes,Yes,Yes,No,Month-to-month,Yes,Mailed check,120.0,219.44,5,367.3,No
TC_0217,Male,49,0,No,No,11,Yes,Yes,Fiber optic,Yes,No,No,No,No,Yes,Month-to-month,Yes,Mailed check,83.76,970.05,6,123.4,Yes
TC_0218,Male,69,1,Yes,Yes,58,Yes,No,No,No internet service,No internet service,No internet service,No internet service,No internet service,No internet service,Two year,No,Mailed check,20.0,1052.62,9,0.0,No
TC_0219,Female,31,0,No,No,,Yes,No,Fiber optic,No,No,Yes,No,Yes,No,One year,Yes,Electronic check,93.76,91.7,6,405.7,No
TC_0220,Female,42,0,Yes,Yes,2,No,No phone service,Fiber optic,No,No,No,No,Yes,Yes,Month-to-month,No,Electronic check,90.94,195.85,,165.2,Yes
TC_0221,Female,35,0,Yes,No,6,Yes,No,DSL,No,No,Yes,Yes,No,No,One year,Yes,Electronic check,92.15,,3,97.4,No
TC_0222,Female,56,0,No,No,1,Yes,No,No,No internet service,No internet service,No internet service,No internet service,No internet service,No internet service,Two year,Yes,Mailed check,20.0,,12,0.0,No
TC_0223,Female,53,0,No,No,53,Yes,No,DSL,No,No,Yes,No,No,No,One year,No,Electronic check,71.81,3865.8,8,55.0,No
TC_0224,Male,41,0,No,Yes,1,No,No phone service,DSL,Yes,Yes,No,Yes,No,No,Month-to-month,No,Mailed check,69.04,71.95,0,130.9,No
TC_0225,Male,43,0,Yes,No,4,Yes,Yes,DSL,No,Yes,No,Yes,Yes,Yes,One year,Yes,Bank transfer,92.21,358.08,4,112.9,No
TC_0226,Male,51,0,Yes,No,42,Yes,No,No,No internet service,No internet service,No internet service,No internet service,No internet service,No internet service,Month-to-month,Yes,Mailed check,20.0,829.77,10,0.0,Yes
TC_0227,Male,32,0,No,No,5,Yes,Yes,DSL,Yes,Yes,No,No,No,No,Month-to-month,Yes,Electronic check,84.52,433.16,1,77.6,No
TC_0228,Female,50,0,Yes,No,5,Yes,No,Fiber optic,No,No,Yes,Yes,Yes,Yes,Month-to-month,Yes,Credit card,118.73,571.51,12,216.2,Yes
TC_0229,Female,44,0,Yes,No,45,Yes,No,Fiber optic,No,No,No,No,No,Yes,One year,Yes,Mailed check,86.35,3664.1,4,320.8,No
TC_0230,Female,46,0,No,No,63,Yes,Yes,Fiber optic,Yes,No,Yes,No,No,Yes,One year,Yes,Electronic check,96.08,5725.27,2,167.6,No
TC_0231,Female,48,0,No,No,55,Yes,Yes,Fiber optic,No,No,Yes,Yes,No,Yes,One year,No,Credit card,100.15,5406.65,8,193.6,No
TC_0232,Female,47,0,No,No,51,Yes,No,DSL,Yes,No,No,No,No,No,Two year,Yes,Credit card,68.75,3267.68,7,125.8,No
TC_0233,Female,54,0,Yes,No,10,Yes,Yes,Fiber optic,Yes,Yes,No,No,Yes,Yes,Month-to-month,Yes,Bank transfer,120.0,1298.83,,273.5,No
TC_0234,Male,30,0,No,No,69,Yes,Yes,No,No internet service,No internet service,No internet service,No internet service,No internet service,No internet service,One year,Yes,Electronic check,20.0,1389.44,4,0.0,No
TC_0235,Male,26,0,Yes,No,41,Yes,Yes,Fiber optic,No,No,No,Yes,No,Yes,Month-to-month,Yes,Credit card,108.97,,4,98.6,Yes
TC_0236,Male,46,0,Yes,No,52,Yes,No,Fiber optic,Yes,No,Yes,No,Yes,No,Two year,No,Mailed check,117.84,6004.1,,340.8,No
TC_0237,Female,57,0,Yes,No,50,Yes,No,Fiber optic,No,No,No,No,Yes,No,Two year,No,Mailed check,80.96,4024.48,2,83.5,No
TC_0238,Female,19,0,Yes,Yes,17,Yes,No,DSL,No,No,No,No,No,No,One year,No,Bank transfer,50.73,922.63,4,88.9,No
TC_0239,Female,41,0,Yes,Yes,60,Yes,Yes,Fiber optic,No,No,No,Yes,Yes,No,Two year,Yes,Credit card,86.37,4971.69,1,300.5,No
TC_0240,Female,60,0,Yes,Yes,9,Yes,Yes,DSL,No,Yes,No,No,Yes,Yes,One year,No,Electronic check,96.44,854.88,8,56.7,No
TC_0241,Female,43,0,No,No,4,Yes,Yes,DSL,No,No,Yes,Yes,No,Yes,Two year,Yes,Electronic check,92.91,341.41,5,171.6,No
TC_0242,Female,61,0,Yes,No,3,Yes,Yes,Fiber optic,Yes,No,No,No,No,No,Month-to-month,No,Electronic check,85.1,270.16,2,228.8,No
TC_0243,Female,53,0,Yes,No,9,No,No phone service,DSL,No,No,Yes,No,No,No,One year,Yes,Bank transfer,,360.0,0,69.8,No
TC_0244,Female,38,0,Yes,No,8,Yes,No,No,No internet service,No internet service,No internet service,No internet service,No internet service,No internet service,Two year,Yes,Credit card,20.0,171.53,1,0.0,No
TC_0245,Female,44,0,No,No,72,Yes,No,DSL,No,No,No,No,Yes,No,One year,No,Bank transfer,,5996.02,2,84.4,No
TC_0246,Male,32,0,No,No,65,Yes,Yes,DSL,No,No,No,No,No,No,Two year,Yes,Electronic check,52.24,3170.05,0,59.0,No
TC_0247,Female,39,0,No,Yes,54,Yes,Yes,No,No internet service,No internet service,No internet service,No internet service,No internet service,No internet service,One year,Yes,Electronic check,20.0,979.9,3,0.0,No
TC_0248,Male,40,0,Yes,Yes,1,No,No phone service,Fiber optic,No,Yes,No,Yes,Yes,No,Month-to-month,Yes,Bank transfer,75.26,75.96,1,362.4,No
TC_0249,Female,51,0,No,Yes,8,No,No phone service,No,No internet service,No internet service,No internet service,No internet service,No internet service,No internet service,One year,Yes,Bank transfer,21.11,162.73,5,0.0,Yes
TC_0250,Male,43,0,No,No,25,Yes,Yes,DSL,Yes,Yes,No,No,No,No,Two year,Yes,Credit card,90.16,2292.77,0,65.8,No
TC_0251,Male,29,0,Yes,No,52,Yes,No,DSL,Yes,No,No,No,No,No,Month-to-month,No,Bank transfer,75.12,3649.18,0,115.0,No
TC_0252,Female,38,0,Yes,Yes,7,Yes,No,Fiber optic,No,No,No,Yes,No,Yes,Two year,Yes,Electronic check,89.43,614.85,2,178.3,No
TC_0253,Male,60,0,No,No,17,Yes,No,Fiber optic,No,No,No,No,No,No,Month-to-month,Yes,Credit card,65.32,1192.88,2,377.1,No
TC_0254,Male,49,0,No,No,72,Yes,No,Fiber optic,No,Yes,Yes,Yes,No,No,One year,Yes,Mailed check,117.23,9197.02,4,168.8,No
TC_0255,Female,60,0,Yes,Yes,63,Yes,No,Fiber optic,Yes,No,No,Yes,Yes,No,Month-to-month,No,Bank transfer,118.32,6882.73,11,89.5,Yes
TC_0256,Male,45,0,Yes,No,51,Yes,No,No,No internet service,No internet service,No internet service,No internet service,No internet service,No internet service,Month-to-month,Yes,Bank transfer,20.0,1102.18,2,0.0,Yes
TC_0257,Female,38,0,Yes,No,42,Yes,No,No,No internet service,No internet service,No internet service,No internet service,No internet service,No internet service,Two year,No,Electronic check,20.0,906.11,7,0.0,No
TC_0258,Female,50,0,No,No,2,Yes,No,Fiber optic,No,Yes,No,No,No,No,One year,No,Bank transfer,97.08,179.0,6,213.6,No
TC_0259,Female,64,0,No,No,8,Yes,No,No,No internet service,No internet service,No internet service,No internet service,No internet service,No internet service,Month-to-month,No,Mailed check,20.0,145.81,0,0.0,Yes
TC_0260,Male,76,1,Yes,No,6,Yes,No,Fiber optic,Yes,No,No,Yes,Yes,Yes,Month-to-month,Yes,Electronic check,110.26,,,192.1,Yes
TC_0261,Female,59,0,No,No,33,Yes,No,DSL,Yes,No,No,No,Yes,No,Two year,No,Electronic check,76.38,2367.88,0,138.9,No
TC_0262,Female,32,0,No,No,60,Yes,No,No,No internet service,No internet service,No internet service,No internet service,No internet service,No internet service,Month-to-month,Yes,Credit card,,1114.2,7,0.0,Yes
TC_0263,Female,39,0,No,No,24,Yes,No,DSL,No,No,No,Yes,Yes,No,Two year,Yes,Mailed check,82.1,1910.56,6,115.9,No
TC_0264,Female,37,0,No,No,4,No,No phone service,DSL,No,No,Yes,No,No,No,Month-to-month,Yes,Mailed check,53.83,215.14,4,79.1,No
TC_0265,Male,47,0,No,No,8,Yes,Yes,No,No internet service,No internet service,No internet service,No internet service,No internet service,No internet service,One year,No,Bank transfer,20.0,160.97,5,0.0,No
TC_0266,Male,37,0,Yes,Yes,48,Yes,Yes,Fiber optic,No,Yes,Yes,Yes,No,Yes,Month-to-month,Yes,Bank transfer,120.0,6013.72,,245.0,No
TC_0267,Female,46,0,Yes,No,50,Yes,Yes,Fiber optic,No,Yes,No,No,Yes,Yes,One year,Yes,Bank transfer,113.33,5447.54,3,221.9,Yes
TC_0268,Female,41,0,No,No,71,Yes,Yes,DSL,No,Yes,No,No,No,Yes,One year,No,Electronic check,74.53,4915.72,12,78.9,No
TC_0269,Male,52,0,Yes,No,54,Yes,No,No,No internet service,No internet service,No internet service,No internet service,No internet service,No internet service,Two year,No,Electronic check,20.0,1023.68,11,0.0,No
TC_0270,Male,27,0,Yes,No,3,Yes,No,Fiber optic,Yes,No,Yes,Yes,Yes,Yes,Month-to-month,Yes,Electronic check,120.0,351.73,4,115.8,Yes
TC_0271,Female,59,0,No,No,37,Yes,Yes,Fiber optic,Yes,Yes,Yes,No,Yes,No,Month-to-month,No,Mailed check,102.42,3800.67,0,179.8,Yes
TC_0272,Female,72,1,Yes,Yes,67,Yes,No,DSL,Yes,Yes,No,No,No,Yes,One year,No,Credit card,80.14,5348.74,9,146.4,No
TC_0273,Male,48,0,Yes,No,56,Yes,No,Fiber optic,No,No,No,No,Yes,Yes,One year,No,Credit card,96.0,5439.58,15,266.3,No
TC_0274,Female,49,0,Yes,No,9,No,No phone service,Fiber optic,No,No,No,Yes,No,Yes,Month-to-month,Yes,Credit card,70.17,645.04,,124.8,No
TC_0275,Male,61,0,Yes,No,4,Yes,No,Fiber optic,No,No,No,No,No,No,Two year,No,Credit card,84.1,341.13,2,78.8,No
TC_0276,Male,34,0,Yes,No,60,Yes,Yes,DSL,No,No,No,Yes,No,No,One year,Yes,Bank transfer,69.52,3855.77,10,102.6,No
TC_0277,Female,60,0,Yes,Yes,1,Yes,Yes,DSL,No,No,Yes,No,No,Yes,Month-to-month,Yes,Electronic check,78.46,76.94,11,142.2,Yes
TC_0278,Male,45,0,No,No,50,Yes,No,Fiber optic,Yes,No,No,No,No,No,Month-to-month,No,Credit card,98.29,5068.72,8,262.9,No
TC_0279,Male,34,0,Yes,Yes,5,Yes,Yes,Fiber optic,No,No,No,No,Yes,Yes,Month-to-month,No,Credit card,106.84,495.05,4,96.5,Yes
TC_0280,Male,54,0,Yes,No,-5,No,No phone service,DSL,No,No,Yes,No,Yes,Yes,Two year,No,Bank transfer,62.47,2190.87,9,145.3,No
TC_0281,Female,39,0,Yes,No,55,Yes,Yes,Fiber optic,No,No,No,No,Yes,No,Two year,Yes,Credit card,88.93,4455.13,6,89.5,No
TC_0282,Male,53,0,No,No,47,Yes,Yes,No,No internet service,No internet service,No internet service,No internet service,No internet service,No internet service,One year,No,Credit card,20.0,882.67,5,0.0,No
TC_0283,Female,46,0,No,No,3,Yes,Yes,Fiber optic,Yes,No,No,No,Yes,No,Month-to-month,No,Credit card,106.11,333.55,4,275.1,Yes
TC_0284,Female,24,0,Yes,Yes,,No,No phone service,Fiber optic,No,Yes,No,No,No,Yes,Month-to-month,Yes,Electronic check,86.31,2339.0,5,304.2,Yes
TC_0285,Male,36,0,No,No,52,Yes,No,No,No internet service,No internet service,No internet service,No internet service,No internet service,No internet service,Two year,No,Credit card,20.0,1090.03,0,0.0,No
TC_0286,Female,40,0,No,No,5,Yes,No,DSL,No,No,Yes,No,No,Yes,One year,No,Bank transfer,93.31,501.45,6,112.6,No
TC_0287,Female,41,0,Yes,No,54,No,No phone service,Fiber optic,Yes,No,Yes,No,No,No,One year,No,Bank transfer,84.74,4976.69,5,118.0,No
TC_0288,Female,27,0,No,No,9,Yes,No,DSL,No,No,No,Yes,No,Yes,Month-to-month,Yes,Mailed check,83.94,735.31,2,131.7,Yes
TC_0289,Female,31,0,Yes,No,5,Yes,No,DSL,No,Yes,No,No,No,Yes,One year,No,Bank transfer,71.23,335.77,1,92.4,No
TC_0290,Male,37,0,Yes,No,13,Yes,No,No,No internet service,No internet service,No internet service,No internet service,No internet service,No internet service,Two year,No,Bank transfer,20.0,279.29,0,0.0,No
TC_0291,Male,57,0,No,No,54,Yes,No,Fiber optic,Yes,No,No,Yes,No,No,Month-to-month,Yes,Electronic check,91.79,5188.23,6,337.0,No
TC_0292,Female,78,1,Yes,No,7,Yes,Yes,DSL,No,No,No,Yes,Yes,No,Two year,Yes,Mailed check,86.26,632.18,2,62.7,No
TC_0293,Male,52,0,Yes,No,7,Yes,No,Fiber optic,No,No,Yes,Yes,Yes,Yes,One year,No,Electronic check,,648.69,0,213.5,No
TC_0294,Female,43,0,No,No,9,Yes,No,Fiber optic,Yes,No,No,No,No,Yes,Month-to-month,No,Credit card,95.91,805.81,3,218.4,No
TC_0295,Male,50,0,No,No,69,Yes,No,Fiber optic,No,No,Yes,Yes,Yes,Yes,Two year,No,Credit card,99.39,7131.1,10,194.9,No
TC_0296,Female,54,0,Yes,Yes,46,Yes,No,Fiber optic,Yes,Yes,No,Yes,No,No,Two year,No,Electronic check,99.23,4823.81,5,125.6,No
TC_0297,Male,37,0,No,No,51,Yes,Yes,DSL,No,No,Yes,No,Yes,No,One year,No,Bank transfer,65.21,3412.36,12,39.5,No
TC_0298,Male,40,0,No,No,56,Yes,Yes,DSL,No,No,No,Yes,No,No,One year,Yes,Credit card,67.46,3533.47,12,73.7,Yes
TC_0299,Female,27,0,Yes,No,57,Yes,No,Fiber optic,No,No,No,No,No,Yes,Month-to-month,No,Electronic check,82.77,4875.6,8,325.7,Yes
TC_0300,Male,37,0,Yes,No,2,Yes,No,Fiber optic,No,Yes,Yes,Yes,Yes,No,Month-to-month,No,Credit card,117.7,227.68,3,290.6,No
TC_0301,Male,58,0,Yes,No,42,Yes,Yes,No,No internet service,No internet service,No internet service,No internet service,No internet service,No internet service,Month-to-month,Yes,Electronic check,20.0,798.15,1,0.0,Yes
TC_0302,Female,33,0,No,No,60,Yes,No,No,No internet service,No internet service,No internet service,No internet service,No internet service,No internet service,Two year,Yes,Electronic check,20.0,1227.36,3,0.0,Yes
TC_0303,Male,36,0,No,No,53,Yes,Yes,DSL,No,No,No,No,No,Yes,One year,Yes,Electronic check,64.91,3561.09,7,64.1,No
TC_0304,Male,43,0,Yes,Yes,46,Yes,Yes,No,No internet service,No internet service,No internet service,No internet service,No internet service,No internet service,One year,Yes,Bank transfer,20.0,1001.76,2,0.0,No
TC_0305,Male,26,0,Yes,No,39,No,No phone service,Fiber optic,Yes,No,Yes,Yes,Yes,Yes,Month-to-month,No,Electronic check,102.92,3672.62,8,351.6,Yes
TC_0306,Male,37,0,No,No,42,Yes,No,Fiber optic,No,Yes,No,Yes,Yes,No,Two year,No,Electronic check,,4512.37,2,148.8,No
TC_0307,Female,51,0,Yes,Yes,45,Yes,No,Fiber optic,No,No,No,Yes,Yes,Yes,Month-to-month,No,Mailed check,100.35,4884.32,2,184.1,No
TC_0308,Female,30,0,No,No,8,Yes,Yes,Fiber optic,No,Yes,No,No,Yes,Yes,Month-to-month,Yes,Electronic check,116.6,943.56,11,285.0,Yes
TC_0309,Male,32,0,No,No,48,Yes,Yes,DSL,No,No,No,No,No,Yes,One year,Yes,Credit card,68.16,3503.48,8,93.1,No
TC_0310,Male,38,0,No,No,59,Yes,Yes,DSL,No,No,Yes,No,No,No,Month-to-month,Yes,Electronic check,70.39,3756.65,2,15.2,Yes
TC_0311,Male,40,0,No,No,52,Yes,No,No,No internet service,No internet service,No internet service,No internet service,No internet service,No internet service,Two year,No,Bank transfer,20.0,,1,0.0,No
TC_0312,Male,57,0,Yes,No,,Yes,Yes,DSL,No,No,No,Yes,No,Yes,Two year,Yes,Electronic check,76.56,2972.87,4,65.3,No
TC_0313,Male,26,0,No,Yes,6,Yes,No,Fiber optic,Yes,Yes,Yes,No,Yes,Yes,Month-to-month,Yes,Credit card,120.0,750.56,1,217.8,No
TC_0314,Female,30,0,Yes,No,39,Yes,No,Fiber optic,Yes,Yes,No,No,Yes,No,Two year,Yes,Credit card,117.1,4339.36,7,159.6,No
TC_0315,Female,48,0,No,No,44,Yes,No,Fiber optic,No,Yes,Yes,Yes,Yes,No,Month-to-month,Yes,Electronic check,120.0,5206.74,3,343.6,No
TC_0316,Female,33,0,No,No,21,Yes,Yes,Fiber optic,Yes,Yes,Yes,No,No,Yes,Month-to-month,No,Electronic check,110.02,2432.32,3,134.7,Yes
TC_0317,Male,51,0,Yes,No,51,Yes,No,No,No internet service,No internet service,No internet service,No internet service,No internet service,No internet service,One year,Yes,Bank transfer,20.0,1075.85,2,0.0,No
TC_0318,Male,30,0,No,No,38,Yes,No,Fiber optic,No,No,No,Yes,No,No,One year,Yes,Mailed check,93.37,3678.36,8,117.7,No
TC_0319,Female,30,0,Yes,No,6,Yes,Yes,No,No internet service,No internet service,No internet service,No internet service,No internet service,No internet service,Month-to-month,Yes,Electronic check,20.0,108.1,8,0.0,Yes
TC_0320,Female,50,0,Yes,Yes,,Yes,Yes,Fiber optic,Yes,No,Yes,No,Yes,Yes,Month-to-month,No,Electronic check,120.0,1178.9,2,195.5,Yes
TC_0321,Female,28,0,Yes,Yes,63,Yes,No,DSL,No,Yes,Yes,No,No,No,Month-to-month,Yes,Electronic check,91.41,5230.95,2,72.6,Yes
TC_0322,Male,42,0,No,No,3,No,No phone service,Fiber optic,No,No,Yes,Yes,No,Yes,Two year,No,Credit card,72.86,224.0,9,285.0,No
TC_0323,Female,54,0,Yes,No,53,Yes,Yes,DSL,No,Yes,Yes,No,No,No,Two year,No,Mailed check,85.98,4804.43,2,76.4,No
TC_0324,Male,23,0,Yes,No,7,Yes,Yes,No,No internet service,No internet service,No internet service,No internet service,No internet service,No internet service,Month-to-month,No,Credit card,20.0,129.87,0,0.0,No
TC_0325,Male,49,0,No,Yes,62,Yes,Yes,Fiber optic,No,No,No,No,Yes,Yes,Two year,No,Electronic check,,6762.02,5,113.3,No
TC_0326,Female,27,0,No,No,57,Yes,Yes,Fiber optic,No,No,No,No,No,Yes,One year,No,Bank transfer,92.41,5649.51,12,91.4,No
TC_0327,Male,64,0,No,No,5,No,No phone service,No,No internet service,No internet service,No internet service,No internet service,No internet service,No internet service,One year,No,Credit card,18.34,90.2,11,0.0,No
TC_0328,Male,67,1,Yes,No,61,Yes,Yes,No,No internet service,No internet service,No internet service,No internet service,No internet service,No internet service,Month-to-month,No,Mailed check,,1275.3,9,0.0,No
TC_0329,Female,41,0,No,No,5,No,No phone service,DSL,No,No,Yes,Yes,Yes,Yes,Month-to-month,No,Electronic check,69.86,322.21,12,77.8,No
TC_0330,Male,46,0,Yes,Yes,65,Yes,No,DSL,No,No,No,No,No,No,Two year,No,Credit card,57.66,3691.25,0,41.7,No
TC_0331,Female,49,0,No,No,3,Yes,No,DSL,No,No,No,No,No,No,Month-to-month,Yes,Electronic check,53.31,,1,154.0,Yes
TC_0332,Female,26,0,No,No,62,Yes,No,Fiber optic,No,No,No,Yes,Yes,Yes,One year,No,Electronic check,110.59,6924.35,6,137.3,No
TC_0333,Male,76,1,No,No,28,Yes,No,No,No internet service,No internet service,No internet service,No internet service,No internet service,No internet service,One year,No,Bank transfer,20.0,592.09,10,0.0,No
TC_0334,Male,32,0,Yes,No,4,Yes,No,Fiber optic,Yes,No,No,No,No,Yes,One year,Yes,Mailed check,88.13,356.84,5,67.1,No
TC_0335,Male,46,0,Yes,No,41,Yes,Yes,Fiber optic,No,No,Yes,No,Yes,No,Two year,Yes,Credit card,92.14,3874.55,7,402.3,No
TC_0336,Male,58,0,No,No,42,Yes,No,DSL,No,Yes,No,No,No,No,One year,Yes,Bank transfer,73.49,2848.78,0,41.8,Yes
TC_0337,Male,35,0,Yes,No,72,No,No phone service,Fiber optic,Yes,Yes,No,No,No,Yes,Two year,No,Electronic check,76.68,5211.28,15,184.3,No
TC_0338,Female,51,0,Yes,No,51,Yes,No,DSL,No,Yes,No,No,Yes,Yes,Two year,No,Mailed check,90.34,4571.49,2,84.1,No
TC_0339,Male,34,0,No,No,14,No,No phone service,DSL,Yes,No,Yes,No,No,No,Month-to-month,Yes,Electronic check,57.59,877.15,3,111.0,Yes
TC_0340,Male,35,0,No,No,39,Yes,No,Fiber optic,No,Yes,No,Yes,No,Yes,Two year,Yes,Credit card,114.26,4085.13,1,157.2,No
TC_0341,Male,61,0,No,No,60,Yes,No,Fiber optic,No,No,No,No,Yes,Yes,One year,No,Mailed check,105.38,5917.56,0,215.6,No
TC_0342,Male,45,0,No,No,57,Yes,No,DSL,No,Yes,Yes,No,No,No,Month-to-month,Yes,Mailed check,74.63,,5,56.6,No
TC_0343,Male,34,0,No,No,48,Yes,No,DSL,Yes,No,Yes,Yes,No,Yes,Month-to-month,Yes,Electronic check,91.12,4091.71,7,76.4,No
TC_0344,Male,41,0,No,No,6,Yes,Yes,DSL,No,No,No,No,Yes,No,Month-to-month,No,Mailed check,67.22,422.08,10,43.3,Yes
TC_0345,Female,23,0,Yes,Yes,26,Yes,Yes,Fiber optic,No,No,No,No,No,No,Month-to-month,Yes,Mailed check,82.36,1992.91,0,339.3,No
TC_0346,Male,60,0,Yes,No,10,Yes,No,DSL,No,No,No,Yes,Yes,Yes,Month-to-month,No,Mailed check,102.85,944.55,7,59.7,Yes
TC_0347,Male,40,0,Yes,No,17,Yes,No,DSL,No,No,No,No,Yes,Yes,Two year,Yes,Credit card,78.23,1430.19,0,173.8,No
TC_0348,Female,63,0,Yes,Yes,3,Yes,Yes,No,No internet service,No internet service,No internet service,No internet service,No internet service,No internet service,Month-to-month,No,Bank transfer,20.0,54.32,4,0.0,No
TC_0349,Male,19,0,Yes,No,58,Yes,No,No,No internet service,No internet service,No internet service,No internet service,No internet service,No internet service,One year,Yes,Bank transfer,20.0,1126.98,0,0.0,No
TC_0350,Male,46,0,Yes,No,42,Yes,No,No,No internet service,No internet service,No internet service,No internet service,No internet service,No internet service,Month-to-month,No,Mailed check,20.0,923.86,1,0.0,No
TC_0351,Female,63,0,Yes,No,9,Yes,No,No,No internet service,No internet service,No internet service,No internet service,No internet service,No internet service,One year,Yes,Electronic check,20.0,194.59,3,0.0,No
TC_0352,Female,52,0,Yes,No,50,Yes,Yes,Fiber optic,No,Yes,Yes,No,No,Yes,Month-to-month,No,Credit card,100.08,4773.08,1,276.5,Yes
TC_0353,Male,24,0,No,No,,Yes,Yes,Fiber optic,Yes,No,No,No,No,Yes,One year,Yes,Bank transfer,87.03,5145.24,13,218.0,No
TC_0354,Male,29,0,No,No,1,Yes,No,No,No internet service,No internet service,No internet service,No internet service,No internet service,No internet service,Month-to-month,Yes,Mailed check,20.0,19.79,0,0.0,No
TC_0355,Female,38,0,No,Yes,52,Yes,Yes,Fiber optic,No,Yes,Yes,Yes,No,Yes,One year,Yes,Electronic check,105.47,5898.18,3,130.5,No
TC_0356,Female,58,0,Yes,Yes,4,No,No phone service,DSL,No,No,No,No,Yes,No,Month-to-month,Yes,Electronic check,55.91,227.29,2,79.1,No
TC_0357,Male,27,0,No,No,6,No,No phone service,DSL,No,No,No,No,Yes,No,Month-to-month,Yes,Credit card,57.99,,0,100.0,Yes
TC_0358,Male,45,0,Yes,No,20,No,No phone service,Fiber optic,Yes,No,No,No,Yes,Yes,One year,Yes,Credit card,,1795.41,6,84.1,Yes
TC_0359,Male,32,0,Yes,Yes,57,Yes,Yes,Fiber optic,Yes,No,No,Yes,No,No,Month-to-month,Yes,Mailed check,87.7,5137.42,4,167.4,No
TC_0360,Male,36,0,Yes,No,67,Yes,Yes,No,No internet service,No internet service,No internet service,No internet service,No internet service,No internet service,Two year,Yes,Credit card,20.0,1436.25,1,0.0,No
TC_0361,Male,68,1,Yes,No,4,Yes,No,Fiber optic,Yes,No,No,Yes,No,No,Month-to-month,Yes,Electronic check,109.87,440.47,5,242.7,Yes
TC_0362,Male,71,1,Yes,No,4,Yes,No,No,No internet service,No internet service,No internet service,No internet service,No internet service,No internet service,Month-to-month,Yes,Bank transfer,20.0,76.49,5,0.0,No
TC_0363,Female,46,0,No,No,63,Yes,No,Fiber optic,Yes,No,No,No,Yes,Yes,Two year,Yes,Bank transfer,,7644.14,13,127.6,Yes
TC_0364,Female,59,0,Yes,No,2,Yes,No,Fiber optic,No,No,No,Yes,No,No,Month-to-month,Yes,Bank transfer,83.49,172.74,0,297.9,No
TC_0365,Male,38,0,No,No,64,Yes,No,Fiber optic,Yes,No,Yes,No,Yes,No,Two year,Yes,Bank transfer,98.04,,13,205.7,No
TC_0366,Male,56,0,Yes,No,6,Yes,No,Fiber optic,Yes,No,No,No,No,Yes,Month-to-month,No,Bank transfer,84.23,525.31,2,242.6,No
TC_0367,Female,23,0,No,No,48,Yes,Yes,DSL,No,No,No,No,No,No,Month-to-month,Yes,Mailed check,62.11,2964.56,0,69.2,No
TC_0368,Female,35,0,No,No,9,Yes,No,Fiber optic,No,No,No,Yes,No,No,Month-to-month,No,Bank transfer,91.86,769.82,0,45.7,Yes
TC_0369,Female,52,0,Yes,No,9,No,No phone service,Fiber optic,No,Yes,Yes,No,No,Yes,One year,No,Credit card,94.19,883.48,2,142.3,No
TC_0370,Male,57,0,Yes,No,7,Yes,No,DSL,No,No,No,No,Yes,No,One year,No,Bank transfer,68.13,516.21,4,78.5,Yes
TC_0371,Male,34,0,No,No,49,Yes,No,Fiber optic,No,Yes,Yes,No,Yes,Yes,Month-to-month,Yes,Credit card,117.23,6268.82,2,159.9,No
TC_0372,Female,37,0,Yes,No,21,Yes,No,Fiber optic,No,No,No,No,No,Yes,One year,No,Bank transfer,81.93,1623.84,4,323.2,Yes
TC_0373,Male,38,0,Yes,Yes,60,Yes,Yes,No,No internet service,No internet service,No internet service,No internet service,No internet service,No internet service,Month-to-month,Yes,Electronic check,20.0,1111.78,10,0.0,Yes
TC_0374,Male,38,0,No,No,64,Yes,Yes,Fiber optic,No,No,Yes,Yes,No,Yes,Two year,Yes,Credit card,92.99,6192.33,3,53.5,No
TC_0375,Female,42,0,Yes,Yes,62,Yes,No,Fiber optic,Yes,No,No,No,Yes,Yes,Two year,No,Bank transfer,95.4,,2,126.9,No
TC_0376,Male,58,0,No,No,,Yes,No,DSL,Yes,No,No,No,No,Yes,Month-to-month,No,Electronic check,92.75,5908.45,9,58.3,No
TC_0377,Female,68,1,Yes,No,2,No,No phone service,Fiber optic,Yes,Yes,No,No,No,No,One year,No,Electronic check,77.29,167.93,12,179.0,Yes
TC_0378,Female,44,0,Yes,Yes,11,Yes,No,DSL,No,No,No,No,No,Yes,One year,No,Bank transfer,77.44,821.83,5,102.9,No
TC_0379,Female,37,0,No,No,51,Yes,Yes,DSL,No,No,No,No,No,No,Two year,Yes,Credit card,51.88,2463.07,2,26.8,No
TC_0380,Female,55,0,No,No,46,Yes,No,Fiber optic,No,No,No,Yes,Yes,No,Two year,Yes,Bank transfer,98.06,4090.92,4,306.1,No
TC_0381,Female,53,0,Yes,No,36,Yes,Yes,Fiber optic,Yes,No,Yes,No,Yes,No,One year,Yes,Mailed check,,4141.81,2,276.5,No
TC_0382,Male,48,0,Yes,No,62,Yes,No,DSL,No,No,No,No,No,No,Two year,No,Credit card,64.21,3991.14,2,14.8,No
TC_0383,Female,37,0,No,No,16,Yes,No,Fiber optic,No,No,No,No,No,No,Two year,Yes,Credit card,86.66,,2,125.8,No
TC_0384,Female,18,0,No,No,52,Yes,No,Fiber optic,No,No,No,Yes,Yes,Yes,One year,Yes,Bank transfer,110.91,5226.66,10,317.8,No
TC_0385,Male,36,0,No,No,53,Yes,No,DSL,No,No,No,No,Yes,Yes,Month-to-month,Yes,Bank transfer,71.91,4152.71,2,35.1,No
TC_0386,Female,57,0,No,No,,Yes,Yes,Fiber optic,No,No,No,Yes,Yes,Yes,Two year,Yes,Mailed check,110.71,5980.67,8,217.7,No
TC_0387,Female,22,0,No,No,,Yes,Yes,DSL,No,No,No,No,Yes,No,Two year,Yes,Credit card,80.77,232.89,2,131.2,No
TC_0388,Female,35,0,Yes,No,,No,No phone service,Fiber optic,No,No,No,No,Yes,No,One year,Yes,Bank transfer,64.86,3106.64,4,69.9,No
TC_0389,Male,37,0,Yes,No,2,Yes,No,Fiber optic,Yes,No,No,No,Yes,No,Month-to-month,Yes,Mailed check,95.0,207.07,2,217.9,No
TC_0390,Female,41,0,Yes,No,60,No,No phone service,DSL,Yes,No,Yes,No,No,No,Month-to-month,Yes,Electronic check,57.9,3343.37,6,68.1,Yes
TC_0391,Male,38,0,No,No,54,Yes,Yes,DSL,No,No,No,Yes,No,No,Two year,Yes,Mailed check,73.97,3739.43,9,177.4,No
TC_0392,Female,44,0,No,No,44,Yes,No,Fiber optic,No,No,No,Yes,Yes,No,Two year,Yes,Bank transfer,84.45,3962.3,5,310.5,No
TC_0393,Female,64,0,No,No,12,Yes,No,Fiber optic,No,Yes,No,No,Yes,Yes,Month-to-month,No,Electronic check,113.85,1462.62,4,452.1,No
TC_0394,Male,48,0,No,Yes,45,No,No phone service,Fiber optic,Yes,No,No,No,No,No,Month-to-month,Yes,Mailed check,72.17,3494.69,2,163.3,No
TC_0395,Male,63,0,No,Yes,3,No,No phone service,DSL,No,Yes,No,Yes,No,No,Two year,No,Electronic check,57.58,189.86,5,108.2,No
TC_0396,Male,29,0,No,No,,Yes,No,Fiber optic,No,Yes,No,No,Yes,No,Two year,Yes,Credit card,104.07,6624.44,5,54.4,No
TC_0397,Female,54,0,Yes,No,5,Yes,No,Fiber optic,No,No,Yes,No,Yes,No,Month-to-month,Yes,Electronic check,89.67,444.04,7,295.9,No
TC_0398,Male,61,0,Yes,No,9,Yes,No,Fiber optic,No,Yes,Yes,No,Yes,Yes,One year,No,Credit card,120.0,998.92,5,220.8,No
TC_0399,Female,74,1,Yes,No,1,Yes,No,Fiber optic,No,No,No,No,Yes,Yes,One year,Yes,Bank transfer,103.92,112.63,6,294.8,No
TC_0400,Female,30,0,No,Yes,69,Yes,Yes,Fiber optic,No,No,No,No,Yes,No,One year,Yes,Electronic check,87.83,6548.59,5,164.3,No
TC_0401,Male,41,0,Yes,No,1,Yes,Yes,DSL,No,No,Yes,Yes,No,No,Month-to-month,No,Mailed check,88.41,92.59,2,69.0,No
TC_0402,Female,42,0,Yes,No,56,No,No phone service,Fiber optic,No,No,Yes,No,No,Yes,Two year,Yes,Electronic check,68.28,3930.27,1,148.1,No
TC_0403,Male,67,1,Yes,No,38,Yes,No,No,No internet service,No internet service,No internet service,No internet service,No internet service,No internet service,One year,No,Credit card,20.0,,6,0.0,No
TC_0404,Female,45,0,Yes,No,2,Yes,No,No,No internet service,No internet service,No internet service,No internet service,No internet service,No internet service,Two year,Yes,Bank transfer,20.0,39.33,3,0.0,Yes
TC_0405,Female,39,0,Yes,No,66,Yes,Yes,No,No internet service,No internet service,No internet service,No internet service,No internet service,No internet service,One year,Yes,Bank transfer,20.0,1282.15,1,0.0,No
TC_0406,Male,30,0,Yes,No,2,Yes,Yes,Fiber optic,Yes,Yes,Yes,No,No,Yes,Month-to-month,Yes,Credit card,120.0,223.95,15,164.5,Yes
TC_0407,Female,35,0,Yes,Yes,60,No,No phone service,Fiber optic,Yes,No,No,Yes,No,No,Two year,Yes,Mailed check,81.96,4655.44,1,177.4,No
TC_0408,Female,47,0,Yes,No,63,No,No phone service,Fiber optic,Yes,No,Yes,Yes,No,Yes,One year,No,Bank transfer,95.67,5600.47,13,229.5,No
TC_0409,Female,42,0,No,No,46,Yes,No,DSL,No,No,No,Yes,Yes,No,One year,Yes,Credit card,74.3,3379.05,2,110.1,No
TC_0410,Male,31,0,No,No,8,Yes,Yes,No,No internet service,No internet service,No internet service,No internet service,No internet service,No internet service,One year,No,Credit card,20.0,165.01,1,0.0,No
TC_0411,Male,33,0,Yes,No,54,Yes,Yes,DSL,No,No,No,No,Yes,No,Month-to-month,No,Electronic check,57.92,3021.55,7,39.0,Yes
TC_0412,Male,29,0,Yes,No,29,Yes,Yes,DSL,Yes,No,No,Yes,No,Yes,Two year,No,Credit card,98.59,,9,64.6,No
TC_0413,Female,60,0,No,No,3,Yes,No,DSL,Yes,No,Yes,No,No,No,Month-to-month,No,Credit card,72.02,202.05,8,31.0,Yes
TC_0414,Female,46,0,No,No,3,Yes,No,DSL,Yes,Yes,Yes,No,No,Yes,Two year,No,Credit card,98.81,322.54,10,53.5,No
TC_0415,Female,36,0,Yes,No,27,Yes,No,No,No internet service,No internet service,No internet service,No internet service,No internet service,No internet service,Two year,Yes,Bank transfer,20.0,577.77,11,0.0,No
TC_0416,Male,75,1,Yes,Yes,57,Yes,Yes,Fiber optic,No,Yes,Yes,No,No,No,Month-to-month,Yes,Mailed check,95.38,5017.0,7,101.5,Yes
TC_0417,Female,38,0,No,No,,Yes,Yes,Fiber optic,No,No,No,No,Yes,No,Month-to-month,Yes,Credit card,83.45,4266.73,3,129.0,Yes
TC_0418,Female,39,0,Yes,No,10,Yes,Yes,DSL,No,No,No,No,Yes,Yes,Two year,Yes,Credit card,88.37,968.8,6,172.8,No
TC_0419,Male,59,0,Yes,No,47,Yes,No,No,No internet service,No internet service,No internet service,No internet service,No internet service,No internet service,Month-to-month,No,Bank transfer,20.0,960.52,7,0.0,No
TC_0420,Male,43,0,Yes,No,52,Yes,No,No,No internet service,No internet service,No internet service,No internet service,No internet service,No internet service,One year,No,Mailed check,20.0,1029.82,4,0.0,No
TC_0421,Male,56,0,No,No,43,Yes,Yes,Fiber optic,Yes,No,No,Yes,Yes,Yes,Two year,Yes,Credit card,119.23,5510.63,5,226.5,No
TC_0422,Male,47,0,Yes,Yes,9,Yes,No,No,No internet service,No internet service,No internet service,No internet service,No internet service,No internet service,Month-to-month,No,Bank transfer,20.0,,6,0.0,Yes
TC_0423,Male,42,0,Yes,No,67,Yes,No,Fiber optic,Yes,Yes,Yes,No,No,Yes,Two year,No,Bank transfer,108.39,7763.21,11,126.0,No
TC_0424,Male,64,0,Yes,No,28,Yes,No,DSL,No,No,Yes,No,No,Yes,Two year,No,Bank transfer,76.47,2021.31,1,144.1,No
TC_0425,Female,29,0,No,No,3,No,No phone service,Fiber optic,No,No,No,Yes,No,No,Month-to-month,Yes,Electronic check,61.54,177.76,2,162.6,Yes
TC_0426,Male,70,1,No,No,1,Yes,Yes,No,No internet service,No internet service,No internet service,No internet service,No internet service,No internet service,Two year,No,Mailed check,,19.02,3,0.0,No
TC_0427,Male,44,0,Yes,No,8,No,No phone service,DSL,No,Yes,Yes,No,No,Yes,Two year,Yes,Electronic check,54.86,467.16,14,51.1,No
TC_0428,Male,31,0,No,Yes,38,Yes,Yes,Fiber optic,No,No,Yes,No,No,No,Two year,Yes,Bank transfer,91.09,3414.57,6,158.0,No
TC_0429,Female,60,0,No,No,53,Yes,No,DSL,No,Yes,No,No,Yes,Yes,Two year,Yes,Mailed check,94.87,5239.45,6,51.6,No
TC_0430,Female,53,0,No,No,1,Yes,Yes,Fiber optic,Yes,No,No,No,No,Yes,One year,No,Electronic check,85.23,78.69,2,230.7,No
TC_0431,Male,45,0,Yes,Yes,61,Yes,No,Fiber optic,Yes,No,No,No,Yes,No,Two year,No,Bank transfer,113.35,6872.66,2,114.1,No
TC_0432,Female,33,0,Yes,No,1,Yes,No,Fiber optic,Yes,No,No,Yes,No,No,Month-to-month,Yes,Bank transfer,109.22,118.05,12,128.5,No
TC_0433,Male,25,0,No,No,,Yes,Yes,DSL,No,No,Yes,Yes,No,No,Month-to-month,Yes,Electronic check,83.3,266.03,0,179.8,No
TC_0434,Female,31,0,Yes,Yes,59,Yes,No,No,No internet service,No internet service,No internet service,No internet service,No internet service,No internet service,Month-to-month,No,Electronic check,20.0,1088.83,1,0.0,No
TC_0435,Female,60,0,Yes,Yes,6,No,No phone service,No,No internet service,No internet service,No internet service,No internet service,No internet service,No internet service,Month-to-month,No,Electronic check,22.24,137.33,0,0.0,Yes
TC_0436,Male,63,0,Yes,No,57,Yes,No,DSL,No,No,No,No,No,No,Two year,Yes,Mailed check,68.22,4007.11,14,91.4,No
TC_0437,Female,34,0,Yes,No,62,Yes,No,No,No internet service,No internet service,No internet service,No internet service,No internet service,No internet service,Two year,No,Bank transfer,20.0,1240.68,3,0.0,No
TC_0438,Female,36,0,No,No,7,Yes,No,No,No internet service,No internet service,No internet service,No internet service,No internet service,No internet service,One year,No,Credit card,20.0,140.02,0,0.0,No
TC_0439,Male,46,0,No,No,61,Yes,No,Fiber optic,No,No,No,No,Yes,Yes,Two year,Yes,Mailed check,85.04,4671.43,7,378.8,No
TC_0440,Male,36,0,Yes,No,48,Yes,No,Fiber optic,No,No,No,No,Yes,Yes,One year,Yes,Electronic check,97.02,4202.84,14,185.2,No
TC_0441,Female,63,0,No,No,6,Yes,No,Fiber optic,No,Yes,Yes,No,Yes,Yes,One year,No,Electronic check,120.0,743.36,7,325.5,No
TC_0442,Male,66,1,No,No,,Yes,No,Fiber optic,No,Yes,No,No,No,Yes,One year,Yes,Mailed check,107.12,,4,230.4,Yes
TC_0443,Male,25,0,No,No,45,Yes,No,DSL,No,No,No,No,Yes,No,Month-to-month,No,Credit card,64.83,2976.16,12,81.8,Yes
TC_0444,Female,33,0,No,No,50,Yes,No,No,No internet service,No internet service,No internet service,No internet service,No internet service,No internet service,Two year,No,Credit card,20.0,1068.33,7,0.0,No
TC_0445,Male,55,0,Yes,No,2,Yes,No,DSL,Yes,No,No,No,No,No,Month-to-month,Yes,Mailed check,,154.83,,76.9,Yes
TC_0446,Male,53,0,Yes,No,43,No,No phone service,Fiber optic,No,No,No,Yes,Yes,Yes,Month-to-month,No,Electronic check,95.52,4285.88,2,253.1,Yes
TC_0447,Male,50,0,Yes,No,49,Yes,Yes,No,No internet service,No internet service,No internet service,No internet service,No internet service,No internet service,One year,Yes,Mailed check,20.0,,8,0.0,No
TC_0448,Male,46,0,No,No,1,Yes,No,DSL,No,Yes,Yes,No,Yes,Yes,One year,No,Bank transfer,110.31,120.4,0,114.7,No
TC_0449,Male,31,0,Yes,No,52,Yes,No,Fiber optic,No,No,No,No,Yes,No,One year,Yes,Bank transfer,83.7,3950.56,,229.3,No
TC_0450,Male,42,0,Yes,No,58,Yes,No,Fiber optic,No,No,No,No,Yes,Yes,One year,No,Credit card,103.92,5671.28,0,97.0,No
TC_0451,Female,32,0,No,Yes,55,Yes,Yes,DSL,No,Yes,Yes,No,Yes,Yes,One year,No,Mailed check,102.1,,3,50.5,No
TC_0452,Male,49,0,No,No,,Yes,Yes,DSL,Yes,No,No,Yes,Yes,Yes,Month-to-month,Yes,Electronic check,107.77,210.93,0,67.4,Yes
TC_0453,Male,77,1,Yes,No,8,Yes,No,Fiber optic,Yes,No,Yes,No,Yes,Yes,One year,No,Bank transfer,120.0,944.52,9,83.0,Yes
TC_0454,Female,54,0,No,No,51,Yes,No,Fiber optic,No,No,No,Yes,Yes,No,One year,No,Credit card,93.9,4944.34,3,180.0,No
TC_0455,Male,32,0,Yes,No,12,Yes,Yes,No,No internet service,No internet service,No internet service,No internet service,No internet service,No internet service,One year,No,Bank transfer,20.0,216.21,2,0.0,No
TC_0456,Male,46,0,No,No,21,Yes,No,DSL,No,No,Yes,Yes,No,Yes,One year,No,Bank transfer,99.58,1974.46,1,166.1,No
TC_0457,Female,43,0,Yes,No,6,Yes,No,DSL,Yes,No,Yes,Yes,Yes,Yes,Two year,Yes,Electronic check,101.1,598.66,4,81.9,No
TC_0458,Male,47,0,No,No,41,Yes,Yes,DSL,No,No,Yes,No,Yes,No,One year,No,Bank transfer,84.96,3287.56,2,123.8,Yes
TC_0459,Female,40,0,No,No,10,Yes,No,No,No internet service,No internet service,No internet service,No internet service,No internet service,No internet service,Month-to-month,Yes,Electronic check,20.0,190.1,4,0.0,Yes
TC_0460,Male,54,0,No,No,44,Yes,No,Fiber optic,Yes,Yes,No,Yes,Yes,No,Two year,No,Electronic check,120.0,,13,427.0,No
TC_0461,Female,57,0,Yes,No,17,No,No phone service,DSL,No,No,No,No,Yes,No,One year,Yes,Credit card,58.92,918.48,0,39.5,No
TC_0462,Male,40,0,No,No,12,Yes,No,No,No internet service,No internet service,No internet service,No internet service,No internet service,No internet service,Two year,Yes,Bank transfer,20.0,252.03,0,0.0,No
TC_0463,Male,47,0,Yes,No,1,Yes,Yes,DSL,No,Yes,Yes,No,No,Yes,One year,Yes,Electronic check,79.78,77.88,4,107.4,Yes
TC_0464,Female,28,0,No,No,1,Yes,No,No,No internet service,No internet service,No internet service,No internet service,No internet service,No internet service,One year,Yes,Bank transfer,20.0,19.81,6,0.0,No
TC_0465,Female,61,0,Yes,No,56,No,No phone service,No,No internet service,No internet service,No internet service,No internet service,No internet service,No internet service,Two year,No,Credit card,23.94,1429.85,5,0.0,No
TC_0466,Male,34,0,Yes,Yes,63,No,No phone service,DSL,No,No,Yes,No,No,Yes,One year,Yes,Mailed check,63.26,3596.6,2,58.1,No
TC_0467,Male,43,0,No,No,69,Yes,Yes,Fiber optic,No,No,No,Yes,No,No,Month-to-month,Yes,Bank transfer,78.07,,5,262.0,No
TC_0468,Male,40,0,Yes,No,6,Yes,Yes,Fiber optic,Yes,No,Yes,No,No,No,Month-to-month,Yes,Bank transfer,83.4,523.58,4,296.7,Yes
TC_0469,Female,59,0,No,No,10,Yes,No,DSL,No,No,No,Yes,No,Yes,One year,No,Electronic check,68.67,640.76,4,20.9,No
TC_0470,Female,52,0,Yes,No,34,Yes,Yes,Fiber optic,No,No,Yes,No,No,Yes,Two year,Yes,Credit card,106.59,3982.14,4,159.7,No
TC_0471,Male,22,0,Yes,No,66,Yes,Yes,DSL,Yes,No,No,No,No,No,Month-to-month,Yes,Mailed check,65.03,3908.38,7,149.3,Yes
TC_0472,Female,32,0,Yes,No,0,Yes,No,Fiber optic,Yes,No,No,Yes,No,Yes,One year,No,Electronic check,105.66,,3,290.3,No
TC_0473,Female,26,0,Yes,No,12,Yes,No,DSL,Yes,No,No,No,No,No,One year,No,Bank transfer,60.05,673.41,3,64.2,No
TC_0474,Male,32,0,No,No,60,Yes,No,Fiber optic,Yes,Yes,No,No,No,Yes,Two year,Yes,Credit card,106.9,6574.84,1,378.3,No
TC_0475,Female,48,0,No,Yes,67,Yes,Yes,Fiber optic,No,No,Yes,No,No,No,Two year,No,Bank transfer,87.56,6288.08,2,248.9,No
TC_0476,Female,39,0,No,No,2,Yes,No,Fiber optic,Yes,No,Yes,No,No,Yes,Month-to-month,No,Bank transfer,113.68,228.33,4,157.3,Yes
TC_0477,Male,44,0,No,No,60,Yes,No,DSL,No,No,No,No,No,Yes,One year,Yes,Bank transfer,71.57,4022.86,2,106.1,No
TC_0478,Male,64,0,No,No,57,Yes,Yes,Fiber optic,Yes,Yes,Yes,No,No,Yes,One year,Yes,Mailed check,112.58,6085.83,7,202.1,No
TC_0479,Male,34,0,Yes,Yes,54,Yes,No,Fiber optic,No,No,Yes,Yes,Yes,Yes,One year,Yes,Bank transfer,120.0,6965.36,2,175.6,No
TC_0480,Female,22,0,No,No,3,Yes,Yes,DSL,Yes,No,No,No,Yes,Yes,Month-to-month,No,Electronic check,81.27,250.0,5,70.8,Yes
TC_0481,Female,27,0,No,No,42,Yes,No,Fiber optic,No,No,Yes,Yes,No,No,One year,Yes,Credit card,88.08,3335.83,15,412.4,No
TC_0482,Male,55,0,Yes,No,65,Yes,No,DSL,No,No,No,No,No,Yes,Month-to-month,Yes,Electronic check,76.14,5078.29,4,116.1,No
TC_0483,Female,33,0,Yes,No,62,Yes,Yes,DSL,Yes,No,No,No,Yes,No,Two year,Yes,Mailed check,88.28,5396.69,3,104.7,No
TC_0484,Male,54,0,Yes,No,51,Yes,Yes,DSL,Yes,Yes,Yes,Yes,Yes,No,One year,No,Credit card,,5128.76,,154.4,No
TC_0485,Male,34,0,Yes,No,20,Yes,Yes,No,No internet service,No internet service,No internet service,No internet service,No internet service,No internet service,Month-to-month,Yes,Electronic check,20.0,415.53,0,0.0,No
TC_0486,Male,56,0,No,No,42,Yes,No,DSL,No,Yes,No,No,Yes,No,One year,Yes,Bank transfer,74.82,3413.14,3,112.3,No
TC_0487,Male,43,0,Yes,No,64,Yes,Yes,Fiber optic,Yes,Yes,Yes,Yes,No,Yes,Month-to-month,No,Mailed check,120.0,,1,71.7,No
TC_0488,Female,30,0,No,No,10,Yes,No,Fiber optic,Yes,Yes,No,Yes,No,No,Month-to-month,No,Electronic check,92.54,869.11,14,166.2,Yes
TC_0489,Female,30,0,Yes,Yes,56,Yes,No,Fiber optic,No,No,No,No,No,No,One year,Yes,Credit card,88.68,,13,285.4,No
TC_0490,Female,53,0,Yes,Yes,26,Yes,No,DSL,No,No,No,No,Yes,Yes,Month-to-month,No,Electronic check,84.76,1983.76,9,52.8,No
TC_0491,Female,67,1,Yes,No,56,Yes,No,Fiber optic,No,Yes,No,Yes,No,Yes,One year,Yes,Mailed check,96.5,5406.56,3,241.9,No
TC_0492,Female,52,0,No,No,2,Yes,Yes,DSL,No,No,No,No,No,Yes,Month-to-month,No,Bank transfer,78.13,156.3,8,155.2,Yes
TC_0493,Male,36,0,No,Yes,,Yes,No,Fiber optic,Yes,No,No,No,No,Yes,One year,Yes,Mailed check,98.4,4723.22,15,89.0,No
TC_0494,Male,23,0,No,Yes,27,Yes,No,DSL,No,Yes,No,No,No,No,Two year,Yes,Electronic check,84.06,2433.46,,31.3,No
TC_0495,Male,37,0,Yes,No,58,Yes,No,Fiber optic,No,No,No,No,No,Yes,One year,Yes,Bank transfer,96.53,5911.58,7,288.0,Yes
TC_0496,Male,38,0,Yes,No,71,Yes,No,DSL,No,Yes,No,Yes,No,No,Two year,Yes,Mailed check,85.17,6537.66,3,119.9,No
TC_0497,Female,58,0,Yes,No,5,Yes,No,DSL,No,Yes,No,No,Yes,No,One year,Yes,Electronic check,76.38,375.02,4,31.7,No
TC_0498,Female,52,0,No,No,23,Yes,No,DSL,Yes,No,No,No,No,Yes,Month-to-month,No,Electronic check,78.71,1718.76,2,160.5,Yes
TC_0499,Female,44,0,Yes,No,7,Yes,No,No,No internet service,No internet service,No internet service,No internet service,No internet service,No internet service,Month-to-month,No,Electronic check,20.0,140.0,0,0.0,No
TC_0500,Female,28,0,Yes,Yes,59,Yes,Yes,Fiber optic,Yes,Yes,Yes,No,Yes,Yes,Month-to-month,Yes,Mailed check,120.0,6870.28,,150.8,Yes
TC_0501,Male,39,0,Yes,Yes,7,No,No phone service,No,No internet service,No internet service,No internet service,No internet service,No internet service,No internet service,Month-to-month,No,Bank transfer,23.44,178.1,1,0.0,Yes
TC_0502,Male,64,0,No,No,62,Yes,Yes,No,No internet service,No internet service,No internet service,No internet service,No internet service,No internet service,Two year,Yes,Bank transfer,20.0,1331.29,0,0.0,No
TC_0503,Male,43,0,No,No,5,Yes,No,DSL,Yes,No,Yes,Yes,No,Yes,Month-to-month,Yes,Credit card,107.0,517.34,2,76.7,No
TC_0504,Female,24,0,No,No,1,Yes,No,No,No internet service,No internet service,No internet service,No internet service,No internet service,No internet service,Month-to-month,No,Mailed check,20.0,19.96,2,0.0,Yes
TC_0505,Male,77,1,Yes,Yes,7,Yes,Yes,Fiber optic,Yes,Yes,No,No,No,No,One year,No,Credit card,94.12,626.92,4,123.7,No
TC_0506,Male,54,0,Yes,No,57,Yes,No,No,No internet service,No internet service,No internet service,No internet service,No internet service,No internet service,Two year,No,Mailed check,,1169.34,4,0.0,No
TC_0507,Female,35,0,No,No,20,Yes,No,Fiber optic,No,No,Yes,Yes,No,Yes,Month-to-month,No,Bank transfer,116.08,,3,93.7,Yes
TC_0508,Female,35,0,Yes,Yes,5,Yes,No,No,No internet service,No internet service,No internet service,No internet service,No internet service,No internet service,Month-to-month,No,Electronic check,20.0,105.33,10,0.0,No
TC_0509,Female,53,0,No,No,51,Yes,No,Fiber optic,No,No,No,No,Yes,No,Two year,Yes,Electronic check,98.39,5082.9,2,118.8,No
TC_0510,Female,48,0,Yes,Yes,63,Yes,No,No,No internet service,No internet service,No internet service,No internet service,No internet service,No internet service,Two year,Yes,Bank transfer,20.0,1165.08,0,0.0,No
TC_0511,Male,32,0,Yes,Yes,21,Yes,Yes,DSL,No,No,No,No,No,Yes,Month-to-month,Yes,Bank transfer,69.6,1560.22,0,164.9,Yes
TC_0512,Male,52,0,Yes,No,60,Yes,No,Fiber optic,No,No,No,No,Yes,No,Month-to-month,Yes,Bank transfer,101.76,6260.37,9,36.4,Yes
TC_0513,Male,40,0,Yes,Yes,59,Yes,Yes,DSL,No,No,No,Yes,No,No,Two year,No,Bank transfer,66.19,3745.83,1,88.2,No
TC_0514,Male,53,0,No,Yes,26,Yes,No,DSL,No,No,No,No,Yes,Yes,Two year,Yes,Credit card,76.34,1933.34,1,101.0,No
TC_0515,Male,43,0,Yes,Yes,3,Yes,Yes,DSL,No,No,No,No,No,Yes,Month-to-month,No,Credit card,78.16,,2,129.2,No
TC_0516,Female,32,0,No,No,68,Yes,No,DSL,Yes,No,No,No,No,Yes,One year,Yes,Credit card,75.29,5396.45,1,74.1,No
TC_0517,Male,72,1,Yes,No,6,Yes,Yes,DSL,Yes,Yes,No,Yes,No,No,One year,No,Mailed check,86.7,525.2,0,60.6,No
TC_0518,Male,48,0,No,No,11,Yes,Yes,Fiber optic,Yes,Yes,No,Yes,Yes,No,Month-to-month,No,Mailed check,114.86,1175.12,2,147.6,No
TC_0519,Female,43,0,Yes,No,61,Yes,No,DSL,No,No,No,No,No,Yes,Two year,No,Credit card,64.67,4193.01,3,104.1,No
TC_0520,Male,35,0,Yes,Yes,69,Yes,Yes,DSL,Yes,No,No,Yes,Yes,No,Two year,No,Mailed check,87.39,6320.13,1,117.4,No
TC_0521,Male,44,0,Yes,Yes,51,Yes,No,DSL,No,Yes,No,Yes,No,No,Month-to-month,No,Mailed check,93.53,4463.9,1,131.8,No
TC_0522,Female,71,1,No,No,3,Yes,No,No,No internet service,No internet service,No internet service,No internet service,No internet service,No internet service,One year,Yes,Credit card,20.0,60.47,1,0.0,No
TC_0523,Female,43,0,No,No,57,Yes,Yes,DSL,No,No,No,No,Yes,Yes,Two year,No,Mailed check,86.42,4562.16,5,97.3,No
TC_0524,Female,28,0,Yes,Yes,7,Yes,No,Fiber optic,Yes,No,Yes,No internet service,Yes,No,Month-to-month,Yes,Mailed check,119.99,890.09,13,276.6,No
TC_0525,Female,39,0,Yes,No,61,Yes,Yes,No,No internet service,No internet service,No internet service,No internet service,No internet service,No internet service,Month-to-month,No,Electronic check,20.0,1117.92,9,0.0,No
TC_0526,Male,32,0,No,No,8,Yes,No,No,No internet service,No internet service,No internet service,No internet service,No internet service,No internet service,Month-to-month,Yes,Bank transfer,20.0,169.43,4,0.0,Yes
TC_0527,Male,65,1,No,No,70,Yes,No,DSL,Yes,No,Yes,Yes,Yes,No,One year,No,Mailed check,96.07,6118.94,8,71.2,No
TC_0528,Female,69,1,Yes,No,4,Yes,Yes,DSL,No,No,No,Yes,No,No,Month-to-month,Yes,Electronic check,67.6,268.16,12,129.6,Yes
TC_0529,Female,52,0,No,No,3,Yes,No,DSL,No,No,No,No,No,No,One year,No,Bank transfer,60.32,,0,80.1,No
TC_0530,Female,53,0,Yes,No,3,Yes,No,DSL,No,Yes,No,No,Yes,Yes,Two year,No,Credit card,73.31,218.44,5,45.1,No
TC_0531,Female,51,0,Yes,No,19,Yes,Yes,Fiber optic,No,No,No,No,Yes,Yes,One year,Yes,Mailed check,96.01,,3,150.1,No
TC_0532,Male,48,0,Yes,No,7,Yes,Yes,Fiber optic,No,No,No,No,No,No,Month-to-month,Yes,Credit card,,570.58,9,185.5,Yes
TC_0533,Female,51,0,Yes,No,1,Yes,No,DSL,No,No,No,No,Yes,No,Month-to-month,No,Electronic check,78.8,74.34,1,13.8,No
TC_0534,Female,45,0,Yes,No,53,Yes,No,Fiber optic,No,Yes,No,No,No,Yes,Two year,Yes,Bank transfer,83.65,4283.39,2,147.3,No
TC_0535,Male,38,0,No,No,60,Yes,Yes,No,No internet service,No internet service,No internet service,No internet service,No internet service,No internet service,One year,No,Credit card,20.0,1083.31,5,0.0,No
TC_0536,Female,50,0,Yes,No,52,Yes,Yes,Fiber optic,Yes,Yes,Yes,No,Yes,No,Month-to-month,No,Mailed check,120.0,6452.53,0,247.2,No
TC_0537,Male,28,0,No,No,61,Yes,No,Fiber optic,No,No,No,Yes,Yes,Yes,Month-to-month,No,Electronic check,109.98,6256.41,3,232.6,No
TC_0538,Female,44,0,No,No,48,Yes,Yes,DSL,No,No,Yes,No,No,No,Two year,Yes,Credit card,66.01,3324.09,15,56.7,No
TC_0539,Male,49,0,Yes,No,25,Yes,Yes,Fiber optic,No,Yes,No,Yes,Yes,No,One year,No,Mailed check,104.51,2708.19,0,173.2,No
TC_0540,Male,32,0,No,Yes,61,Yes,Yes,DSL,No,No,Yes,No,Yes,Yes,Two year,Yes,Credit card,78.83,4327.87,8,63.4,No
TC_0541,Male,43,0,Yes,No,45,Yes,Yes,DSL,No,No,Yes,Yes,No,No,One year,Yes,Electronic check,76.24,3646.54,15,101.8,No
TC_0542,Male,32,0,No,No,50,Yes,No,DSL,No,No,Yes,Yes,Yes,Yes,One year,Yes,Credit card,96.71,4417.33,8,110.9,No
TC_0543,Female,63,0,Yes,No,68,Yes,No,Fiber optic,Yes,Yes,Yes,No,No,Yes,One year,No,Credit card,120.0,8478.38,,245.9,No
TC_0544,Male,68,1,Yes,Yes,20,Yes,No,No,No internet service,No internet service,No internet service,No internet service,No internet service,No internet service,One year,No,Bank transfer,20.0,420.57,1,0.0,No
TC_0545,Male,59,0,Yes,No,61,Yes,No,No,No internet service,No internet service,No internet service,No internet service,No internet service,No internet service,Two year,No,Credit card,20.0,1283.34,0,0.0,No
TC_0546,Male,40,0,No,Yes,2,Yes,No,Fiber optic,Yes,No,No,No,Yes,No,Month-to-month,No,Electronic check,94.72,203.66,6,200.6,Yes
TC_0547,Male,45,0,No,No,5,No,No phone service,Fiber optic,No,No,Yes,Yes,Yes,Yes,Month-to-month,Yes,Electronic check,102.93,534.29,2,144.2,Yes
TC_0548,Female,72,1,Yes,No,4,Yes,Yes,No,No internet service,No internet service,No internet service,No internet service,No internet service,No internet service,Two year,No,Bank transfer,20.0,81.01,,0.0,No
TC_0549,Female,62,0,Yes,No,38,Yes,Yes,Fiber optic,Yes,No,Yes,No,No,Yes,Two year,No,Credit card,103.97,4060.35,2,209.9,No
TC_0550,Female,30,0,No,No,2,Yes,No,Fiber optic,No,No,Yes,Yes,No,No,Month-to-month,Yes,Credit card,94.6,191.42,7,227.5,No
TC_0551,Female,50,0,No,No,29,Yes,No,No,No internet service,No internet service,No internet service,No internet service,No internet service,No internet service,Two year,No,Electronic check,20.0,572.18,2,0.0,No
TC_0552,Male,33,0,No,No,17,Yes,Yes,No,No internet service,No internet service,No internet service,No internet service,No internet service,No internet service,Two year,No,Bank transfer,20.0,344.17,6,0.0,No
TC_0553,Female,64,0,Yes,No,39,Yes,Yes,DSL,Yes,No,No,No,Yes,No,Month-to-month,No,Electronic check,75.55,3081.32,3,31.8,Yes
TC_0554,Male,59,0,No,No,46,Yes,No,Fiber optic,Yes,Yes,Yes,No,Yes,Yes,Two year,No,Mailed check,120.0,5626.06,0,252.0,No
TC_0555,Male,61,0,No,Yes,59,Yes,No,Fiber optic,Yes,No,No,No,Yes,Yes,One year,No,Credit card,106.48,6703.27,10,230.3,Yes
TC_0556,Female,49,0,No,No,66,Yes,No,No,No internet service,No internet service,No internet service,No internet service,No internet service,No internet service,One year,Yes,Credit card,20.0,1284.0,7,0.0,No
TC_0557,Male,70,1,Yes,No,57,Yes,No,Fiber optic,No,Yes,No,No,No,No,Two year,No,Credit card,96.57,5657.01,2,116.6,No
TC_0558,Male,74,1,No,No,67,Yes,Yes,Fiber optic,Yes,No,No,No,No,Yes,One year,Yes,Electronic check,85.27,5615.0,12,275.9,Yes
TC_0559,Male,53,0,No,No,62,Yes,Yes,DSL,No,No,No,No,No,Yes,One year,Yes,Electronic check,74.2,4240.14,3,81.7,No
TC_0560,Female,22,0,Yes,No,47,No,No phone service,Fiber optic,Yes,No,No,Yes,No,Yes,Month-to-month,Yes,Mailed check,85.59,4246.42,4,172.5,Yes
TC_0561,Female,78,1,No,No,32,Yes,Yes,No,No internet service,No internet service,No internet service,No internet service,No internet service,No internet service,One year,No,Mailed check,20.0,580.02,6,0.0,No
TC_0562,Male,43,0,Yes,Yes,54,Yes,No,DSL,Yes,No,No,No,No,No,Month-to-month,No,Credit card,64.46,3334.69,13,105.1,No
TC_0563,Male,45,0,Yes,No,34,No,No phone service,No,No internet service,No internet service,No internet service,No internet service,No internet service,No internet service,Two year,Yes,Mailed check,19.3,634.54,4,0.0,No
TC_0564,Male,48,0,Yes,No,2,Yes,Yes,DSL,No,No,No,No,No,No,Month-to-month,Yes,Electronic check,55.89,108.43,11,110.8,No
TC_0565,Male,76,1,Yes,Yes,38,Yes,No,Fiber optic,Yes,No,No,Yes,Yes,Yes,One year,Yes,Bank transfer,120.0,4217.94,2,211.1,No
TC_0566,Female,28,0,Yes,No,56,Yes,Yes,Fiber optic,No,Yes,No,Yes,No,Yes,Two year,No,Electronic check,94.2,5645.39,12,326.9,No
TC_0567,Male,35,0,No,No,67,Yes,No,Fiber optic,Yes,No,Yes,Yes,No,No,Two year,Yes,Electronic check,104.71,7579.95,9,296.5,No
TC_0568,Male,43,0,Yes,Yes,1,Yes,Yes,No,No internet service,No internet service,No internet service,No internet service,No internet service,No internet service,Month-to-month,Yes,Bank transfer,20.0,19.5,10,0.0,No
TC_0569,Male,45,0,Yes,No,5,Yes,Yes,Fiber optic,No,Yes,No,No,Yes,Yes,Month-to-month,No,Electronic check,115.37,629.08,1,156.5,No
TC_0570,Female,46,0,Yes,No,2,Yes,No,DSL,No,Yes,No,Yes,Yes,Yes,Month-to-month,Yes,Bank transfer,93.2,203.56,4,54.0,No
TC_0571,Female,58,0,Yes,Yes,40,Yes,Yes,Fiber optic,Yes,No,No,Yes,Yes,Yes,Two year,No,Electronic check,113.77,4911.14,4,258.6,No
TC_0572,Male,66,1,Yes,No,53,Yes,No,No,No internet service,No internet service,No internet service,No internet service,No internet service,No internet service,Month-to-month,No,Bank transfer,20.0,979.71,4,0.0,No
TC_0573,Female,35,0,Yes,No,2,Yes,Yes,DSL,Yes,Yes,Yes,Yes,No,No,One year,Yes,Bank transfer,89.32,183.67,9,67.8,Yes
TC_0574,Male,35,0,Yes,Yes,51,Yes,Yes,DSL,No,No,No,No,Yes,No,Month-to-month,Yes,Bank transfer,59.52,3172.22,0,104.3,Yes
TC_0575,Male,63,0,No,No,60,Yes,Yes,No,No internet service,No internet service,No internet service,No internet service,No internet service,No internet service,One year,No,Bank transfer,20.0,1094.9,3,0.0,Yes
TC_0576,Female,38,0,No,No,2,Yes,Yes,DSL,No,No,Yes,No,No,No,One year,Yes,Credit card,71.49,145.48,1,150.5,Yes
TC_0577,Male,45,0,Yes,No,13,Yes,No,DSL,Yes,Yes,Yes,No,Yes,No,Month-to-month,Yes,Credit card,104.31,1395.47,2,113.0,No
TC_0578,Female,31,0,No,No,41,Yes,No,Fiber optic,Yes,No,No,No,Yes,Yes,One year,Yes,Credit card,98.7,,0,196.5,No
TC_0579,Female,69,1,Yes,No,6,Yes,No,Fiber optic,No,Yes,Yes,Yes,Yes,No,Month-to-month,No,Electronic check,112.36,702.02,7,123.7,Yes
TC_0580,Female,37,0,No,No,48,Yes,No,DSL,Yes,Yes,Yes,Yes,Yes,Yes,Two year,No,Mailed check,115.66,5959.51,3,44.5,Yes
TC_0581,Female,40,0,Yes,Yes,54,Yes,Yes,Fiber optic,Yes,No,No,No,No,Yes,Month-to-month,Yes,Bank transfer,,6355.4,14,128.3,No
TC_0582,Male,48,0,No,No,60,Yes,Yes,Fiber optic,Yes,No,No,No,No,Yes,Two year,No,Bank transfer,95.89,6044.88,3,266.3,No
TC_0583,Male,43,0,No,Yes,4,Yes,No,Fiber optic,No,Yes,Yes,No,No,No,Month-to-month,Yes,Credit card,85.3,336.11,4,284.4,Yes
TC_0584,Male,73,1,Yes,No,52,Yes,Yes,Fiber optic,Yes,Yes,No,No,No,Yes,Two year,No,Bank transfer,117.27,,4,252.8,No
TC_0585,Female,42,0,Yes,No,53,No,No phone service,Fiber optic,No,No,No,No,Yes,No,One year,Yes,Credit card,80.76,,1,93.7,No
TC_0586,Male,18,0,No,Yes,13,Yes,No,No,No internet service,No internet service,No internet service,No internet service,No internet service,No internet service,Two year,Yes,Credit card,20.0,255.98,9,0.0,No
TC_0587,Male,46,0,Yes,Yes,14,Yes,No,No,No internet service,No internet service,No internet service,No internet service,No internet service,No internet service,One year,Yes,Bank transfer,20.0,301.14,0,0.0,No
TC_0588,Male,36,0,Yes,No,62,Yes,No,No,No internet service,No internet service,No internet service,No internet service,No internet service,No internet service,Two year,No,Credit card,20.0,1138.79,9,0.0,No
TC_0589,Female,35,0,Yes,Yes,69,Yes,Yes,Fiber optic,No,Yes,No,No,Yes,No,One year,Yes,Mailed check,100.57,6320.99,2,164.4,No
TC_0590,Female,39,0,Yes,Yes,20,Yes,No,Fiber optic,No,Yes,Yes,Yes,No,No,One year,No,Mailed check,109.1,2382.47,10,117.9,No
TC_0591,Male,36,0,Yes,No,7,Yes,No,No,No internet service,No internet service,No internet service,No internet service,No internet service,No internet service,Two year,Yes,Credit card,20.0,147.97,7,0.0,No
TC_0592,Male,41,0,Yes,Yes,65,Yes,Yes,Fiber optic,Yes,No,No,No,Yes,Yes,Two year,Yes,Bank transfer,111.36,7187.39,5,286.6,No
TC_0593,Male,39,0,No,No,40,Yes,No,Fiber optic,No,No,Yes,No,No,No,One year,No,Mailed check,85.78,3746.46,2,346.4,No
TC_0594,Male,27,0,No,Yes,60,Yes,No,Fiber optic,Yes,No,No,No,No,No,Two year,No,Bank transfer,76.15,4142.59,5,314.5,No
TC_0595,Female,32,0,No,No,2,Yes,Yes,DSL,No,Yes,No,No,Yes,Yes,Month-to-month,No,Electronic check,93.44,176.17,0,91.5,Yes
TC_0596,Male,34,0,Yes,No,11,Yes,No,Fiber optic,Yes,No,Yes,No,No,No,Month-to-month,Yes,Bank transfer,98.75,,12,373.6,No
TC_0597,Female,54,0,Yes,No,51,Yes,Yes,No,No internet service,No internet service,No internet service,No internet service,No internet service,No internet service,Two year,No,Bank transfer,20.0,1100.35,0,0.0,No
TC_0598,Male,46,0,No,No,31,No,No phone service,DSL,No,Yes,No,No,No,No,One year,Yes,Credit card,60.64,1948.11,4,176.4,No
TC_0599,Female,48,0,No,No,5,Yes,No,Fiber optic,Yes,Yes,No,Yes,Yes,Yes,Month-to-month,No,Mailed check,120.0,570.41,2,116.3,No
TC_0600,Male,27,0,Yes,No,2,Yes,Yes,No,No internet service,No internet service,No internet service,No internet service,No internet service,No internet service,Month-to-month,Yes,Electronic check,20.0,36.55,0,0.0,Yes
TC_0601,Female,48,0,Yes,No,62,Yes,No,Fiber optic,No,No,No,Yes,Yes,No,Two year,No,Bank transfer,96.0,5904.62,6,331.4,No
TC_0602,Male,68,1,No,No,,Yes,Yes,DSL,No,Yes,No,No,Yes,Yes,Month-to-month,Yes,Mailed check,98.08,6355.74,3,60.1,No
TC_0603,Male,60,0,No,No,21,Yes,No,No,No internet service,No internet service,No internet service,No internet service,No internet service,No internet service,One year,Yes,Bank transfer,20.0,404.28,1,0.0,No
TC_0604,Male,49,0,Yes,No,43,Yes,Yes,Fiber optic,Yes,No,No,No,No,Yes,Two year,Yes,Credit card,92.97,3814.72,3,138.9,No
TC_0605,Female,30,0,No,No,19,Yes,Yes,DSL,No,No,No,Yes,Yes,Yes,Month-to-month,Yes,Mailed check,103.63,1943.1,1,9.9,No
TC_0606,Female,53,0,Yes,No,45,Yes,No,DSL,No,No,No,No,No,No,One year,Yes,Bank transfer,,2201.73,0,113.5,No
TC_0607,Male,36,0,Yes,No,58,Yes,Yes,Fiber optic,Yes,Yes,No,Yes,No,No,Two year,No,Electronic check,110.36,6051.38,15,49.8,No
TC_0608,Male,46,0,Yes,Yes,63,Yes,Yes,No,No internet service,No internet service,No internet service,No internet service,No internet service,No internet service,Month-to-month,Yes,Electronic check,20.0,1238.89,0,0.0,No
TC_0609,Female,58,0,No,No,1,Yes,No,DSL,No,No,Yes,No,Yes,Yes,Month-to-month,Yes,Credit card,83.76,81.9,3,41.1,No
TC_0610,Male,55,0,Yes,No,41,Yes,No,No,No internet service,No internet service,No internet service,No internet service,No internet service,No internet service,Two year,Yes,Bank transfer,20.0,788.8,4,0.0,No
TC_0611,Female,35,0,Yes,No,50,Yes,No,Fiber optic,No,No,No,No,No,Yes,One year,Yes,Credit card,81.69,4418.33,2,83.3,No
TC_0612,Female,44,0,No,No,39,Yes,No,DSL,No,No,Yes,No,Yes,Yes,Month-to-month,Yes,Electronic check,85.26,3131.98,0,88.8,Yes
TC_0613,Female,28,0,Yes,No,9,Yes,No,Fiber optic,No,Yes,No,No,No,No,Month-to-month,No,Credit card,89.69,836.52,1,214.2,Yes
TC_0614,Female,35,0,No,No,1,Yes,No,Fiber optic,Yes,No,No,No,Yes,No,One year,No,Bank transfer,85.33,89.84,0,211.2,No
TC_0615,Male,26,0,No,No,36,Yes,Yes,DSL,Yes,No,No,Yes,Yes,No,Two year,Yes,Credit card,80.38,3027.16,5,76.9,No
TC_0616,Male,53,0,Yes,Yes,2,Yes,No,DSL,Yes,No,No,No,No,Yes,Month-to-month,No,Bank transfer,75.58,141.22,1,67.0,Yes
TC_0617,Male,44,0,Yes,No,7,Yes,Yes,Fiber optic,No,No,No,Yes,Yes,Yes,One year,No,Credit card,,745.89,9,73.0,Yes
TC_0618,Female,39,0,Yes,No,46,Yes,Yes,Fiber optic,No,Yes,No,Yes,Yes,Yes,Two year,Yes,Credit card,109.04,5287.46,5,72.7,No
TC_0619,Male,43,0,Yes,No,63,Yes,No,Fiber optic,Yes,No,No,No,No,No,Month-to-month,Yes,Mailed check,92.24,6109.18,4,110.7,No
TC_0620,Male,35,0,No,No,45,Yes,No,Fiber optic,Yes,No,No,No,Yes,No,Two year,No,Bank transfer,86.1,3857.78,1,67.6,No
TC_0621,Male,45,0,Yes,No,3,Yes,Yes,No,No internet service,No internet service,No internet service,No internet service,No internet service,No internet service,One year,Yes,Credit card,20.0,58.57,8,0.0,Yes
TC_0622,Male,41,0,Yes,Yes,54,Yes,No,DSL,No,Yes,No,No,Yes,No,One year,No,Mailed check,77.67,,3,152.8,No
TC_0623,Female,43,0,Yes,No,7,Yes,Yes,DSL,No,No,No,No,No,Yes,One year,No,Credit card,67.54,443.57,3,34.4,Yes
TC_0624,Male,67,1,Yes,Yes,44,Yes,Yes,No,No internet service,No internet service,No internet service,No internet service,No internet service,No internet service,Two year,Yes,Credit card,20.0,838.4,5,0.0,No
TC_0625,Male,45,0,Yes,No,1,Yes,No,Fiber optic,No,No,Yes,No,Yes,No,Month-to-month,Yes,Electronic check,104.71,103.75,1,144.0,Yes
TC_0626,Male,37,0,No,No,71,Yes,No,No,No internet service,No internet service,No internet service,No internet service,No internet service,No internet service,One year,No,Mailed check,20.0,1375.64,3,0.0,No
TC_0627,Female,72,1,No,No,0,No,No phone service,No,No internet service,No internet service,No internet service,No internet service,No internet service,No internet service,One year,No,Credit card,24.95,,1,0.0,No
TC_0628,Female,37,0,No,No,,Yes,No,DSL,Yes,No,No,Yes,No,Yes,One year,Yes,Mailed check,101.1,6106.02,2,59.0,No
TC_0629,Female,54,0,Yes,No,50,Yes,Yes,No,No internet service,No internet service,No internet service,No internet service,No internet service,No internet service,Month-to-month,No,Electronic check,20.0,958.13,6,0.0,No
TC_0630,Male,38,0,Yes,No,1,Yes,Yes,No,No internet service,No internet service,No internet service,No internet service,No internet service,No internet service,Month-to-month,Yes,Credit card,20.0,20.37,5,0.0,No
TC_0631,Female,59,0,No,No,1,Yes,Yes,Fiber optic,No,Yes,No,No,Yes,No,Month-to-month,No,Electronic check,111.58,104.36,2,391.4,Yes
TC_0632,Female,54,0,No,No,68,No,No phone service,No,No internet service,No internet service,No internet service,No internet service,No internet service,No internet service,Two year,Yes,Bank transfer,24.01,1687.3,0,0.0,No
TC_0633,Female,38,0,Yes,No,68,Yes,No,DSL,No,No,Yes,No,No,Yes,Two year,Yes,Credit card,77.36,5384.01,,58.5,No
TC_0634,Male,43,0,Yes,Yes,55,Yes,Yes,No,No internet service,No internet service,No internet service,No internet service,No internet service,No internet service,Two year,Yes,Mailed check,20.0,1011.29,7,0.0,No
TC_0635,Male,57,0,Yes,Yes,30,Yes,No,Fiber optic,No,No,No,Yes,Yes,Yes,Two year,No,Bank transfer,99.41,2879.97,6,367.5,No
TC_0636,Female,49,0,No,No,2,Yes,Yes,Fiber optic,Yes,No,No,No,No,No,Month-to-month,Yes,Electronic check,83.13,,8,113.7,No
TC_0637,Female,50,0,Yes,Yes,10,Yes,No,Fiber optic,No,No,Yes,No,No,No,Two year,Yes,Bank transfer,99.7,925.99,5,312.4,No
TC_0638,Female,33,0,Yes,No,6,Yes,No,Fiber optic,No,Yes,No,No,No,No,Two year,Yes,Bank transfer,86.99,535.61,1,408.9,No
TC_0639,Male,35,0,Yes,No,29,Yes,Yes,No,No internet service,No internet service,No internet service,No internet service,No internet service,No internet service,Two year,Yes,Electronic check,20.0,549.1,11,0.0,No
TC_0640,Female,42,0,No,No,8,Yes,No,Fiber optic,Yes,Yes,Yes,No,Yes,No,Month-to-month,No,Electronic check,,1028.59,6,206.3,Yes
TC_0641,Female,49,0,No,No,2,Yes,Yes,DSL,Yes,No,No,No,Yes,Yes,Two year,No,Electronic check,95.74,191.21,9,135.0,No
TC_0642,Female,45,0,Yes,No,3,No,No phone service,Fiber optic,No,Yes,No,No,No,No,Two year,No,Mailed check,76.52,242.68,4,86.5,No
TC_0643,Male,47,0,No,No,19,Yes,Yes,DSL,No,No,Yes,No,No,No,Month-to-month,No,Bank transfer,60.88,1050.11,0,105.8,Yes
TC_0644,Female,55,0,Yes,No,12,No,No phone service,No,No internet service,No internet service,No internet service,No internet service,No internet service,No internet service,One year,Yes,Credit card,18.35,205.28,4,0.0,No
TC_0645,Female,49,0,Yes,Yes,5,No,No phone service,Fiber optic,Yes,No,Yes,Yes,Yes,Yes,Month-to-month,No,Bank transfer,95.91,475.53,1,95.1,No
TC_0646,Female,40,0,Yes,Yes,10,Yes,No,Fiber optic,Yes,No,No,Yes,Yes,No,One year,No,Credit card,109.4,1058.46,8,203.7,Yes
TC_0647,Male,42,0,No,No,2,Yes,Yes,Fiber optic,Yes,No,Yes,No,No,No,One year,Yes,Bank transfer,93.73,198.43,2,193.3,No
TC_0648,Female,60,0,Yes,No,14,Yes,Yes,DSL,No,No,No,No,No,Yes,Two year,No,Bank transfer,66.18,946.83,0,41.2,No
TC_0649,Male,50,0,No,No,1,Yes,Yes,DSL,No,No,Yes,Yes,No,No,Month-to-month,No,Mailed check,82.54,85.02,12,124.8,Yes
TC_0650,Male,38,0,Yes,No,36,Yes,Yes,No,No internet service,No internet service,No internet service,No internet service,No internet service,No internet service,Two year,Yes,Mailed check,20.0,772.96,11,0.0,No
TC_0651,Female,33,0,No,No,5,Yes,No,No,No internet service,No internet service,No internet service,No internet service,No internet service,No internet service,One year,No,Mailed check,20.0,96.37,0,0.0,No
TC_0652,Female,76,1,No,No,4,Yes,Yes,No,No internet service,No internet service,No internet service,No internet service,No internet service,No internet service,Month-to-month,Yes,Electronic check,20.0,72.92,5,0.0,No
TC_0653,Female,23,0,No,No,33,Yes,Yes,Fiber optic,No,No,No,Yes,Yes,Yes,Two year,Yes,Bank transfer,94.6,2824.5,13,184.1,No
TC_0654,Male,34,0,No,No,69,Yes,No,Fiber optic,Yes,No,No,No,No,No,Two year,No,Mailed check,83.2,5365.88,3,234.9,No
TC_0655,Female,37,0,No,No,5,Yes,Yes,Fiber optic,No,No,No,No,Yes,Yes,Month-to-month,Yes,Credit card,96.78,488.21,3,230.1,Yes
TC_0656,Male,62,0,No,No,28,Yes,Yes,Fiber optic,No,Yes,Yes,No,No,No,One year,No,Mailed check,111.66,3281.26,11,282.5,No
TC_0657,Female,47,0,Yes,No,,Yes,No,Fiber optic,Yes,Yes,No,Yes,Yes,No,Month-to-month,Yes,Electronic check,120.0,4274.6,5,169.9,Yes
TC_0658,Female,57,0,No,No,24,Yes,No,Fiber optic,No,No,Yes,Yes,No,No,Two year,Yes,Credit card,109.07,2402.46,10,231.1,No
TC_0659,Male,63,0,Yes,No,55,Yes,No,Fiber optic,No,Yes,No,No,No,No,Two year,No,Electronic check,,5650.21,4,146.0,No
TC_0660,Female,47,0,Yes,Yes,67,Yes,No,Fiber optic,No,No,No,No,Yes,No,Two year,Yes,Electronic check,84.86,5127.28,4,243.3,No
TC_0661,Female,53,0,Yes,No,3,No,No phone service,DSL,No,Yes,Yes,Yes,Yes,No,Month-to-month,No,Electronic check,76.68,216.88,0,116.6,Yes
TC_0662,Female,44,0,Yes,No,67,Yes,No,DSL,Yes,Yes,No,No,No,Yes,One year,No,Bank transfer,79.94,4854.34,,132.6,No
TC_0663,Female,45,0,No,Yes,50,Yes,Yes,Fiber optic,Yes,No,Yes,No,No,Yes,One year,No,Credit card,103.72,4720.88,2,125.2,No
TC_0664,Male,40,0,Yes,No,28,Yes,No,DSL,Yes,No,No,No,Yes,Yes,One year,No,Electronic check,90.44,2514.63,2,67.9,No
TC_0665,Female,56,0,Yes,No,,Yes,No,DSL,Yes,No,No,No,No,Yes,One year,No,Electronic check,88.62,503.85,0,83.2,No
TC_0666,Female,37,0,No,No,40,Yes,Yes,DSL,No,No,No,No,No,No,Month-to-month,No,Electronic check,65.74,2491.24,1,122.9,Yes
TC_0667,Female,24,0,No,No,3,Yes,No,DSL,No,No,No,No,Yes,Yes,Two year,No,Bank transfer,76.79,251.19,0,106.8,No
TC_0668,Male,28,0,Yes,No,45,Yes,No,Fiber optic,Yes,No,Yes,No,No,No,Two year,No,Credit card,82.34,3659.61,3,173.4,No
TC_0669,Male,23,0,No,No,7,Yes,No,DSL,No,No,Yes,No,No,No,Month-to-month,Yes,Bank transfer,75.47,527.9,2,70.2,Yes
TC_0670,Female,41,0,No,No,62,Yes,No,No,No internet service,No internet service,No internet service,No internet service,No internet service,No internet service,Two year,Yes,Credit card,,1289.22,5,0.0,No
TC_0671,Female,45,0,Yes,Yes,2,Yes,No,Fiber optic,Yes,Yes,Yes,No,Yes,Yes,Month-to-month,No,Electronic check,120.0,225.93,4,205.2,No
TC_0672,Male,68,1,Yes,No,4,Yes,No,Fiber optic,Yes,No,No,Yes,No,No,One year,Yes,Credit card,100.08,394.96,4,49.1,No
TC_0673,Male,63,0,Yes,No,60,Yes,Yes,No,No internet service,No internet service,No internet service,No internet service,No internet service,No internet service,One year,Yes,Bank transfer,20.0,1197.73,0,0.0,No
TC_0674,Male,42,0,Yes,No,3,No,No phone service,Fiber optic,No,No,No,No,No,No,Month-to-month,Yes,Mailed check,48.04,145.88,7,176.9,Yes
TC_0675,Male,48,0,Yes,No,2,Yes,Yes,DSL,Yes,No,No,Yes,Yes,No,Two year,Yes,Credit card,91.0,197.91,1,97.3,No
TC_0676,Female,65,1,Yes,Yes,49,Yes,Yes,DSL,No,Yes,No,No,Yes,No,Two year,No,Bank transfer,83.37,3705.42,0,61.0,No
TC_0677,Male,39,0,Yes,No,57,Yes,No,Fiber optic,No,No,No,No,Yes,No,Two year,Yes,Credit card,77.39,4042.4,6,120.4,No
TC_0678,Female,29,0,No,Yes,4,Yes,No,No,No internet service,No internet service,No internet service,No internet service,No internet service,No internet service,Month-to-month,Yes,Credit card,,84.01,0,0.0,Yes
TC_0679,Male,25,0,No,No,51,Yes,No,No,No internet service,No internet service,No internet service,No internet service,No internet service,No internet service,Two year,Yes,Credit card,20.0,1010.56,0,0.0,No
TC_0680,Male,49,0,Yes,Yes,29,Yes,Yes,Fiber optic,No,No,Yes,No,No,Yes,Two year,Yes,Credit card,94.89,2695.11,2,185.4,No
TC_0681,Female,58,0,Yes,Yes,16,Yes,No,No,No internet service,No internet service,No internet service,No internet service,No internet service,No internet service,One year,Yes,Mailed check,20.0,319.72,0,0.0,No
TC_0682,Male,62,0,Yes,No,3,Yes,No,DSL,No,Yes,Yes,No,No,No,Month-to-month,Yes,Electronic check,74.67,223.94,3,30.1,No
TC_0683,Female,24,0,No,No,48,Yes,Yes,No,No internet service,No internet service,No internet service,No internet service,No internet service,No internet service,Two year,No,Credit card,20.0,894.73,4,0.0,No
TC_0684,Female,30,0,Yes,No,56,Yes,Yes,DSL,No,Yes,No,Yes,No,No,Two year,Yes,Credit card,85.97,5097.45,8,85.8,No
TC_0685,Male,45,0,Yes,No,11,Yes,Yes,DSL,No,No,No,No,Yes,No,Month-to-month,Yes,Electronic check,71.93,723.65,0,182.2,No
TC_0686,Female,71,1,Yes,No,63,Yes,No,DSL,No,No,No,Yes,No,No,One year,Yes,Credit card,75.85,5255.96,6,47.5,No
TC_0687,Female,30,0,Yes,No,3,Yes,No,No,No internet service,No internet service,No internet service,No internet service,No internet service,No internet service,Month-to-month,Yes,Credit card,20.0,58.41,6,0.0,Yes
TC_0688,Male,36,0,Yes,No,20,Yes,No,No,No internet service,No internet service,No internet service,No internet service,No internet service,No internet service,One year,Yes,Mailed check,20.0,387.05,1,0.0,No
TC_0689,Female,50,0,Yes,No,37,Yes,No,DSL,Yes,No,No,No,Yes,No,One year,No,Mailed check,80.79,3281.61,2,99.8,No
TC_0690,Male,52,0,No,No,8,Yes,No,Fiber optic,Yes,No,No,Yes,No,Yes,Two year,Yes,Bank transfer,112.29,828.8,2,52.0,No
TC_0691,Female,41,0,Yes,No,11,Yes,Yes,Fiber optic,No,No,No,No,Yes,No,Month-to-month,Yes,Mailed check,76.6,814.3,2,329.9,Yes
TC_0692,Female,37,0,Yes,No,70,Yes,No,No,No internet service,No internet service,No internet service,No internet service,No internet service,No internet service,One year,Yes,Bank transfer,20.0,1500.43,3,0.0,No
TC_0693,Male,31,0,No,No,29,Yes,No,Fiber optic,No,Yes,Yes,Yes,Yes,No,One year,No,Bank transfer,113.68,3619.4,1,231.5,No
TC_0694,Female,22,0,Yes,Yes,5,Yes,No,Fiber optic,Yes,No,No,Yes,Yes,Yes,One year,No,Bank transfer,116.69,530.49,1,173.8,No
TC_0695,Female,38,0,No,No,72,Yes,No,No,No internet service,No internet service,No internet service,No internet service,No internet service,No internet service,One year,Yes,Bank transfer,20.0,1500.33,5,0.0,No
TC_0696,Male,33,0,No,No,39,Yes,No,Fiber optic,Yes,No,No,Yes,No,No,Two year,No,Bank transfer,99.48,4143.49,7,298.2,No
TC_0697,Female,63,0,Yes,No,47,Yes,Yes,Fiber optic,No,No,No,No,Yes,Yes,One year,Yes,Credit card,85.8,3869.72,0,358.9,No
TC_0698,Female,41,0,No,Yes,15,Yes,No,No,No internet service,No internet service,No internet service,No internet service,No internet service,No internet service,One year,Yes,Credit card,20.0,329.04,2,0.0,No
TC_0699,Male,41,0,No,No,44,Yes,Yes,Fiber optic,No,Yes,No,No,Yes,Yes,Two year,No,Mailed check,112.93,5164.65,0,419.3,No
TC_0700,Male,38,0,Yes,No,16,Yes,No,No,No internet service,No internet service,No internet service,No internet service,No internet service,No internet service,One year,Yes,Bank transfer,20.0,288.22,0,0.0,Yes
TC_0701,Male,44,0,No,No,6,Yes,Yes,No,No internet service,No internet service,No internet service,No internet service,No internet service,No internet service,Month-to-month,Yes,Bank transfer,20.0,118.54,0,0.0,No
TC_0702,Male,35,0,Yes,No,5,Yes,No,Fiber optic,No,Yes,No,No,Yes,No,One year,No,Electronic check,98.46,505.16,3,176.4,Yes
TC_0703,Male,32,0,Yes,No,59,Yes,Yes,Fiber optic,No,No,Yes,Yes,Yes,Yes,Month-to-month,Yes,Mailed check,120.0,7451.68,2,192.9,No
TC_0704,Female,64,0,Yes,No,12,Yes,Yes,DSL,No,Yes,No,No,Yes,Yes,Month-to-month,No,Credit card,88.47,1072.27,10,146.7,No
TC_0705,Male,50,0,No,No,54,Yes,Yes,DSL,Yes,No,No,Yes,No,Yes,Two year,Yes,Credit card,91.3,5041.99,4,55.4,No
TC_0706,Male,37,0,Yes,No,53,Yes,No,Fiber optic,No,No,No,Yes,Yes,No,Two year,No,Credit card,96.12,5293.65,12,227.9,No
TC_0707,Male,42,0,No,No,60,Yes,No,Fiber optic,No,No,Yes,Yes,Yes,Yes,Month-to-month,Yes,Mailed check,120.0,6976.46,13,106.0,No
TC_0708,Male,54,0,Yes,No,1,Yes,No,Fiber optic,Yes,No,No,Yes,Yes,Yes,Two year,No,Mailed check,120.0,114.92,3,234.6,No
TC_0709,Female,54,0,Yes,No,13,No,No phone service,No,No internet service,No internet service,No internet service,No internet service,No internet service,No internet service,Two year,No,Electronic check,19.68,258.52,1,0.0,No
TC_0710,Female,59,0,Yes,Yes,55,Yes,Yes,Fiber optic,Yes,Yes,No,Yes,Yes,No,Two year,No,Bank transfer,113.37,6430.66,2,213.3,No
TC_0711,Male,49,0,No,No,23,Yes,Yes,Fiber optic,Yes,Yes,Yes,No,No,Yes,Two year,No,Credit card,120.0,2632.9,0,71.3,No
TC_0712,Female,50,0,Yes,No,1,Yes,No,Fiber optic,Yes,No,No,No,No,No,Two year,Yes,Credit card,,82.67,4,234.5,No
TC_0713,Male,40,0,No,No,0,Yes,Yes,No,No internet service,No internet service,No internet service,No internet service,No internet service,No internet service,Month-to-month,No,Electronic check,20.0,,6,0.0,Yes
TC_0714,Male,54,0,Yes,No,52,Yes,No,DSL,No,No,No,Yes,No,No,Two year,Yes,Bank transfer,76.22,54.1,7,158.4,No
TC_0715,Female,43,0,No,No,18,Yes,No,DSL,No,No,No,Yes,No,No,One year,No,Bank transfer,73.01,1395.74,5,53.8,No
TC_0716,Female,68,1,Yes,No,2,Yes,Yes,No,No internet service,No internet service,No internet service,No internet service,No internet service,No internet service,One year,No,Credit card,20.0,36.01,0,0.0,No
TC_0717,Male,61,0,No,No,41,Yes,No,Fiber optic,No,Yes,Yes,No,No,Yes,One year,No,Bank transfer,102.69,4057.66,10,83.3,No
TC_0718,Female,68,1,Yes,No,63,Yes,No,Fiber optic,No,No,No,Yes,No,Yes,Two year,Yes,Electronic check,93.75,6183.56,10,150.8,No
TC_0719,Female,37,0,Yes,Yes,62,Yes,Yes,No,No internet service,No internet service,No internet service,No internet service,No internet service,No internet service,Month-to-month,No,Electronic check,20.0,1161.49,8,0.0,No
TC_0720,Male,54,0,Yes,No,53,Yes,No,DSL,No,No,Yes,No,No,No,Month-to-month,Yes,Electronic check,70.08,3849.65,0,147.5,No
TC_0721,Male,52,0,Yes,No,49,Yes,No,DSL,Yes,Yes,Yes,No,Yes,Yes,Two year,No,Credit card,119.84,6079.28,9,77.5,No
TC_0722,Male,35,0,Yes,Yes,7,Yes,Yes,DSL,No,No,Yes,No,Yes,Yes,Month-to-month,Yes,Electronic check,89.14,597.41,1,171.4,Yes
TC_0723,Female,41,0,Yes,No,,Yes,No,DSL,No,No,No,Yes,No,Yes,Two year,Yes,Electronic check,85.18,3076.66,4,22.6,No
TC_0724,Female,59,0,No,No,68,Yes,No,Fiber optic,No,No,Yes,No,No,No,Two year,No,Credit card,80.67,5806.98,3,263.5,No
TC_0725,Female,40,0,Yes,No,4,Yes,No,No,No internet service,No internet service,No internet service,No internet service,No internet service,No internet service,Month-to-month,No,Credit card,20.0,79.48,3,0.0,No
TC_0726,Male,49,0,Yes,Yes,15,Yes,Yes,DSL,No,Yes,No,Yes,No,No,One year,No,Mailed check,74.08,1193.88,0,145.8,Yes
TC_0727,Male,19,0,Yes,No,2,Yes,No,Fiber optic,No,No,No,Yes,No,Yes,Month-to-month,Yes,Credit card,105.26,227.95,9,164.4,Yes
TC_0728,Female,40,0,No,No,6,Yes,No,DSL,No,Yes,No,No,No,No,Month-to-month,Yes,Electronic check,66.1,427.03,11,116.3,Yes
TC_0729,Female,39,0,Yes,Yes,67,No,No phone service,Fiber optic,No,No,No,No,No,Yes,One year,Yes,Credit card,71.85,5238.86,11,349.9,Yes
TC_0730,Male,54,0,No,No,3,Yes,Yes,Fiber optic,No,No,No,Yes,Yes,No,One year,No,Bank transfer,90.95,295.21,9,166.9,No
TC_0731,Male,32,0,No,No,1,Yes,Yes,DSL,No,No,No,No,No,Yes,Month-to-month,No,Electronic check,,65.32,7,44.6,No
TC_0732,Male,22,0,No,No,,Yes,No,DSL,No,No,No,No,No,Yes,Month-to-month,Yes,Electronic check,72.34,467.22,2,83.1,Yes
TC_0733,Male,73,1,Yes,No,52,Yes,No,Fiber optic,No,Yes,No,Yes,No,No,One year,No,Credit card,100.07,5578.64,3,201.5,No
TC_0734,Female,53,0,Yes,No,9,Yes,Yes,DSL,Yes,No,Yes,No,Yes,Yes,Two year,Yes,Electronic check,98.3,960.23,4,59.7,No
TC_0735,Male,40,0,Yes,No,57,Yes,No,Fiber optic,Yes,No,No,No,No,No,One year,No,Bank transfer,96.23,5244.62,8,168.2,No
TC_0736,Male,34,0,No,No,8,Yes,No,No,No internet service,No internet service,No internet service,No internet service,No internet service,No internet service,Two year,Yes,Electronic check,20.0,155.01,7,0.0,No
TC_0737,Female,54,0,Yes,Yes,2,Yes,No,Fiber optic,Yes,Yes,No,No,No,No,Month-to-month,Yes,Electronic check,90.78,178.98,,191.4,Yes
TC_0738,Female,28,0,No,No,53,Yes,Yes,Fiber optic,No,No,Yes,Yes,Yes,No,One year,No,Credit card,93.89,5025.83,12,265.7,No
TC_0739,Female,41,0,Yes,No,45,Yes,No,Fiber optic,Yes,No,No,No,No,No,Month-to-month,Yes,Electronic check,83.88,4129.79,11,208.8,Yes
TC_0740,Male,75,1,Yes,No,64,Yes,Yes,Fiber optic,Yes,Yes,No,No,No,No,Month-to-month,No,Electronic check,100.53,5813.51,4,139.8,Yes
TC_0741,Male,49,0,Yes,No,54,No,No phone service,DSL,Yes,No,No,No,No,No,One year,No,Credit card,47.94,2430.66,0,67.2,No
TC_0742,Male,52,0,Yes,No,63,Yes,No,DSL,No,No,No,No,No,No,Two year,Yes,Mailed check,59.23,3659.2,14,147.8,No
TC_0743,Male,53,0,No,No,,Yes,No,No,No internet service,No internet service,No internet service,No internet service,No internet service,No internet service,One year,Yes,Electronic check,20.0,1059.04,1,0.0,No
TC_0744,Female,40,0,No,No,64,Yes,Yes,DSL,No,No,No,Yes,No,No,One year,No,Credit card,69.06,4748.49,1,139.8,No
TC_0745,Male,33,0,Yes,Yes,,Yes,No,No,No internet service,No internet service,No internet service,No internet service,No internet service,No internet service,Two year,Yes,Bank transfer,20.0,697.55,3,0.0,No
TC_0746,Male,63,0,No,No,7,Yes,Yes,Fiber optic,No,No,No,Yes,No,No,Two year,No,Bank transfer,77.11,512.83,5,382.9,No
TC_0747,Male,51,0,Yes,No,40,Yes,Yes,DSL,No,No,Yes,No,Yes,Yes,Month-to-month,No,Mailed check,85.19,3367.43,10,78.9,Yes
TC_0748,Male,47,0,No,No,5,Yes,No,Fiber optic,No,No,No,No,Yes,No,Month-to-month,Yes,Bank transfer,81.54,376.87,7,294.9,Yes
TC_0749,Female,60,0,No,No,56,Yes,Yes,Fiber optic,No,Yes,No,No,No,No,One year,No,Bank transfer,94.45,5016.76,1,438.9,Yes
TC_0750,Male,35,0,No,No,50,Yes,No,Fiber optic,Yes,No,No,No,No,Yes,Month-to-month,Yes,Electronic check,90.08,4248.23,9,433.2,Yes
TC_0751,Male,32,0,No,No,53,Yes,Yes,DSL,No,Yes,Yes,Yes,No,Yes,Two year,No,Electronic check,96.54,17.77,3,71.6,No
TC_0752,Male,37,0,No,No,1,Yes,No,No,No internet service,No internet service,No internet service,No internet service,No internet service,No internet service,Month-to-month,Yes,Mailed check,20.0,18.07,,0.0,Yes
TC_0753,Male,32,0,No,No,34,Yes,No,DSL,No,No,No,Yes,No,No,Two year,Yes,Electronic check,66.89,2066.56,4,37.8,No
TC_0754,Male,30,0,Yes,No,12,Yes,Yes,DSL,Yes,Yes,No,Yes,No,Yes,Two year,Yes,Credit card,83.5,956.84,0,161.0,Yes
TC_0755,Female,23,0,No,No,69,No,No phone service,DSL,No,No,No,No,No,No,One year,Yes,Bank transfer,35.58,2684.58,3,100.0,No
TC_0756,Male,60,0,Yes,No,4,Yes,No,No,No internet service,No internet service,No internet service,No internet service,No internet service,No internet service,Two year,Yes,Mailed check,20.0,86.09,6,0.0,No
TC_0757,Female,32,0,No,Yes,22,Yes,Yes,DSL,No,No,Yes,Yes,No,No,Month-to-month,Yes,Mailed check,78.0,1830.35,1,155.0,No
TC_0758,Female,57,0,No,No,3,Yes,No,DSL,No,No,No,Yes,Yes,No,One year,No,Mailed check,83.84,258.96,3,121.7,No
TC_0759,Female,58,0,No,No,7,Yes,No,No,No internet service,No internet service,No internet service,No internet service,No internet service,No internet service,Two year,Yes,Credit card,20.0,126.43,6,0.0,No
TC_0760,Female,49,0,No,No,34,Yes,Yes,DSL,No,No,No,No,No,Yes,Month-to-month,No,Electronic check,65.96,2154.06,6,42.6,Yes
TC_0761,Female,48,0,Yes,No,46,Yes,No,DSL,No,Yes,No,No,Yes,Yes,Month-to-month,Yes,Electronic check,96.63,4320.1,0,71.4,No
TC_0762,Male,52,0,Yes,No,27,Yes,No,DSL,Yes,No,Yes,No,No,No,Two year,Yes,Credit card,79.27,2341.84,1,77.2,No
TC_0763,Female,64,0,Yes,Yes,51,Yes,Yes,DSL,Yes,No,No,Yes,Yes,Yes,Month-to-month,No,Electronic check,101.4,5339.01,11,133.7,No
TC_0764,Male,70,1,Yes,No,67,No,No phone service,Fiber optic,No,Yes,No,No,Yes,No,Month-to-month,Yes,Electronic check,77.53,5673.49,4,263.2,Yes
TC_0765,Male,36,0,No,No,5,Yes,No,DSL,Yes,No,No,No,No,No,Month-to-month,Yes,Credit card,67.83,351.49,3,108.7,No
TC_0766,Male,49,0,Yes,No,3,Yes,Yes,Fiber optic,Yes,No,No,Yes,Yes,Yes,Month-to-month,No,Credit card,108.81,330.27,12,181.9,No
TC_0767,Male,70,1,Yes,No,14,Yes,No,No,No internet service,No internet service,No internet service,No internet service,No internet service,No internet service,One year,No,Electronic check,20.0,298.6,5,0.0,No
TC_0768,Male,43,0,No,No,7,Yes,Yes,Fiber optic,Yes,Yes,Yes,No,No,Yes,Two year,No,Bank transfer,120.0,774.79,5,78.6,No
TC_0769,Male,47,0,No,No,4,Yes,No,DSL,No,No,No,No,Yes,No,One year,No,Mailed check,63.16,233.04,3,47.7,No
TC_0770,Female,42,0,Yes,No,4,Yes,No,Fiber optic,Yes,No,Yes,Yes,Yes,Yes,Month-to-month,Yes,Bank transfer,120.0,502.61,1,70.6,Yes
TC_0771,Female,59,0,Yes,No,27,Yes,No,Fiber optic,Yes,No,No,No,Yes,Yes,Month-to-month,No,Credit card,105.33,2987.52,5,437.5,No
TC_0772,Male,38,0,Yes,Yes,16,Yes,No,DSL,Yes,No,No,No,Yes,No,Month-to-month,Yes,Mailed check,84.15,1363.18,1,123.0,No
TC_0773,Female,58,0,No,No,66,Yes,Yes,DSL,No,Yes,No,Yes,No,No,Two year,Yes,Credit card,84.38,5898.63,1,68.2,No
TC_0774,Male,28,0,No,No,,Yes,Yes,DSL,Yes,Yes,No,No,No,No,Month-to-month,No,Bank transfer,77.28,243.49,,80.9,No
TC_0775,Female,54,0,Yes,Yes,51,Yes,No,Fiber optic,Yes,No,No,Yes,No,Yes,One year,No,Credit card,106.25,5604.11,4,325.2,No
TC_0776,Male,67,1,No,No,52,No,No phone service,Fiber optic,Yes,Yes,Yes,Yes,No,Yes,Two year,Yes,Credit card,96.17,4810.75,4,307.1,No
TC_0777,Male,25,0,No,No,59,Yes,No,DSL,No,No,No,No,Yes,Yes,Month-to-month,Yes,Mailed check,,3632.83,1,82.4,No
TC_0778,Male,44,0,Yes,No,,Yes,Yes,DSL,Yes,Yes,Yes,No,Yes,No,Month-to-month,No,Electronic check,96.62,1527.52,0,54.7,No
TC_0779,Male,71,1,Yes,No,,Yes,Yes,Fiber optic,No,No,Yes,No,No,Yes,Month-to-month,No,Electronic check,99.31,3383.03,8,365.5,Yes
TC_0780,Female,43,0,Yes,No,54,Yes,No,DSL,Yes,Yes,No,Yes,Yes,No,Two year,Yes,Credit card,119.8,7075.51,0,64.2,No
TC_0781,Male,34,0,No,No,14,Yes,No,Fiber optic,Yes,Yes,No,No,No,Yes,Month-to-month,No,Electronic check,97.64,,10,174.0,No
TC_0782,Female,28,0,No,No,6,Yes,Yes,DSL,No,No,No,Yes,No,Yes,Two year,Yes,Bank transfer,88.69,546.46,9,36.1,No
TC_0783,Female,41,0,No,No,7,No,No phone service,Fiber optic,No,No,Yes,No,No,Yes,Two year,Yes,Credit card,67.4,492.2,12,342.5,No
TC_0784,Female,47,0,No,No,42,No,No phone service,DSL,No,No,No,No,No,Yes,Two year,No,Bank transfer,55.4,2509.88,2,138.5,No
TC_0785,Female,62,0,No,No,10,Yes,No,Fiber optic,Yes,Yes,No,Yes,Yes,No,Two year,No,Bank transfer,,1153.13,,97.4,No
TC_0786,Female,33,0,No,Yes,,Yes,No,No,No internet service,No internet service,No internet service,No internet service,No internet service,No internet service,One year,Yes,Credit card,20.0,588.68,8,0.0,No
TC_0787,Female,56,0,Yes,No,67,Yes,No,Fiber optic,No,No,No,No,Yes,Yes,Two year,Yes,Mailed check,,,15,305.0,No
TC_0788,Female,45,0,Yes,Yes,51,Yes,No,No,No internet service,No internet service,No internet service,No internet service,No internet service,No internet service,Two year,Yes,Bank transfer,20.0,11.37,5,0.0,No
TC_0789,Male,56,0,Yes,Yes,,Yes,No,DSL,No,Yes,Yes,No,No,No,One year,Yes,Credit card,88.48,719.02,4,58.5,Yes
TC_0790,Female,58,0,No,No,36,Yes,No,Fiber optic,No,Yes,No,No,No,Yes,One year,Yes,Bank transfer,100.69,3503.67,7,223.3,No
TC_0791,Female,48,0,No,No,66,Yes,Yes,Fiber optic,No,No,Yes,Yes,No,No,Month-to-month,No,Electronic check,87.15,5443.5,8,323.8,Yes
TC_0792,Female,26,0,Yes,Yes,1,Yes,No,DSL,No,No,No,No,Yes,Yes,Month-to-month,Yes,Electronic check,75.16,77.28,3,109.0,Yes
TC_0793,Female,54,0,Yes,No,69,Yes,No,DSL,Yes,Yes,No,Yes,Yes,No,Two year,Yes,Credit card,,5667.79,4,108.9,No
TC_0794,Female,39,0,No,No,45,Yes,Yes,Fiber optic,Yes,Yes,No,Yes,Yes,No,One year,No,Bank transfer,120.0,5780.38,2,183.7,No
TC_0795,Male,57,0,Yes,Yes,7,Yes,No,DSL,No,Yes,Yes,No,No,Yes,Month-to-month,Yes,Electronic check,81.35,562.85,0,67.2,No
TC_0796,Female,24,0,No,Yes,47,Yes,Yes,Fiber optic,Yes,No,No,Yes,Yes,Yes,Month-to-month,Yes,Electronic check,120.0,5762.66,1,74.4,No
TC_0797,Female,55,0,Yes,Yes,3,No,No phone service,Fiber optic,Yes,No,Yes,No,Yes,Yes,One year,Yes,Mailed check,101.11,321.32,2,306.1,No
TC_0798,Male,24,0,Yes,No,31,Yes,Yes,No,No internet service,No internet service,No internet service,No internet service,No internet service,No internet service,One year,Yes,Bank transfer,20.0,626.11,9,0.0,No
TC_0799,Male,50,0,No,No,52,Yes,Yes,No,No internet service,No internet service,No internet service,No internet service,No internet service,No internet service,Month-to-month,No,Electronic check,20.0,1046.47,2,0.0,No
TC_0800,Male,68,1,Yes,No,12,Yes,No,No,No internet service,No internet service,No internet service,No internet service,No internet service,No internet service,One year,Yes,Electronic check,20.0,234.22,1,0.0,No
TC_0801,Male,34,0,No,Yes,16,Yes,No,Fiber optic,Yes,No,Yes,Yes,No,No,Two year,No,Bank transfer,112.14,1733.38,4,170.0,No
TC_0802,Male,30,0,No,No,38,Yes,No,Fiber optic,Yes,No,Yes,No,No,Yes,Month-to-month,No,Electronic check,95.25,3639.84,3,241.4,Yes
TC_0803,Male,36,0,No,No,56,No,No phone service,DSL,Yes,Yes,No,No,No,Yes,One year,Yes,Mailed check,72.77,4462.78,2,53.0,No
TC_0804,Male,68,1,Yes,Yes,5,Yes,No,Fiber optic,Yes,No,Yes,Yes,No,No,Month-to-month,No,Credit card,89.46,460.98,2,81.5,No
TC_0805,Female,27,0,No,No,0,Yes,Yes,DSL,No,No,No,No,No,No,Month-to-month,Yes,Electronic check,60.1,,6,114.0,Yes
TC_0806,Female,33,0,Yes,Yes,7,Yes,Yes,Fiber optic,No,No,No,No,No,No,One year,Yes,Mailed check,86.63,655.52,3,110.4,No
TC_0807,Male,59,0,Yes,Yes,54,Yes,Yes,Fiber optic,No,No,Yes,Yes,Yes,Yes,Month-to-month,Yes,Electronic check,102.7,5383.43,1,493.5,No
TC_0808,Female,32,0,Yes,No,48,Yes,No,Fiber optic,Yes,No,No,No,Yes,Yes,Two year,Yes,Credit card,120.0,5385.35,4,322.8,No
TC_0809,Male,55,0,No,No,0,Yes,Yes,DSL,Yes,No,No,No,No,No,One year,No,Credit card,71.53,,1,131.4,No
TC_0810,Male,32,0,Yes,Yes,25,Yes,No,Fiber optic,Yes,No,No,No,No,No,Two year,Yes,Bank transfer,81.28,,12,248.5,No
TC_0811,Female,64,0,Yes,No,59,Yes,No,Fiber optic,No,No,Yes,No,Yes,No,Two year,No,Bank transfer,98.83,6190.91,3,204.1,No
TC_0812,Female,51,0,Yes,Yes,57,Yes,Yes,Fiber optic,Yes,No,No,Yes,No,No,Month-to-month,Yes,Electronic check,91.34,5569.41,0,175.5,No
TC_0813,Male,44,0,Yes,Yes,8,Yes,Yes,Fiber optic,No,Yes,No,No,No,No,Month-to-month,No,Mailed check,104.14,882.56,0,86.2,Yes
TC_0814,Female,38,0,Yes,No,39,Yes,No,DSL,Yes,No,No,No,No,No,Two year,Yes,Bank transfer,77.39,2830.38,7,74.6,No
TC_0815,Female,43,0,Yes,No,5,No,No phone service,No,No internet service,No internet service,No internet service,No internet service,No internet service,No internet service,Month-to-month,No,Bank transfer,24.11,116.7,0,0.0,Yes
TC_0816,Female,41,0,No,No,2,Yes,No,DSL,No,Yes,Yes,Yes,No,Yes,One year,No,Bank transfer,95.54,197.6,2,62.8,No
TC_0817,Male,38,0,Yes,No,32,Yes,No,No,No internet service,No internet service,No internet service,No internet service,No internet service,No internet service,One year,Yes,Credit card,,618.54,11,0.0,No
TC_0818,Male,41,0,No,No,46,Yes,No,DSL,No,No,No,No,No,No,Two year,No,Credit card,67.04,3167.11,1,124.8,No
TC_0819,Male,55,0,No,No,67,Yes,No,No,No internet service,No internet service,No internet service,No internet service,No internet service,No internet service,Month-to-month,No,Electronic check,20.0,1373.87,3,0.0,Yes
TC_0820,Male,40,0,No,No,7,Yes,Yes,No,No internet service,No internet service,No internet service,No internet service,No internet service,No internet service,One year,No,Electronic check,20.0,132.12,0,0.0,No
TC_0821,Female,54,0,No,No,2,Yes,Yes,DSL,Yes,No,No,No,Yes,No,Month-to-month,No,Credit card,81.91,153.35,3,81.5,Yes
TC_0822,Male,29,0,Yes,No,60,Yes,No,DSL,No,Yes,Yes,No,No,No,Two year,Yes,Electronic check,74.89,4546.15,7,49.7,No
TC_0823,Female,36,0,Yes,No,24,Yes,No,No,No internet service,No internet service,No internet service,No internet service,No internet service,No internet service,Month-to-month,Yes,Electronic check,,455.15,3,0.0,No
TC_0824,Male,39,0,Yes,No,,Yes,Yes,DSL,No,No,No,Yes,No,No,One year,Yes,Electronic check,77.01,4526.87,0,148.5,No
TC_0825,Male,44,0,Yes,No,43,No,No phone service,DSL,No,Yes,No,No,No,Yes,Two year,No,Mailed check,,2646.8,0,55.1,No
TC_0826,Male,46,0,No,No,46,Yes,Yes,DSL,No,No,Yes,No,No,No,One year,Yes,Credit card,67.49,3174.41,6,46.2,No
TC_0827,Male,25,0,No,No,71,Yes,No,DSL,No,No,No,No,No,No,One year,No,Mailed check,68.11,4597.13,10,128.1,No
TC_0828,Male,42,0,Yes,Yes,6,Yes,No,Fiber optic,No,No,Yes,Yes,Yes,Yes,Month-to-month,No,Electronic check,118.45,711.43,6,315.4,Yes
TC_0829,Female,40,0,No,No,6,Yes,No,Fiber optic,Yes,Yes,No,No,No,No,Month-to-month,No,Electronic check,99.99,560.41,2,156.4,No
TC_0830,Male,73,1,Yes,No,46,Yes,No,Fiber optic,No,Yes,No,No,No,Yes,Two year,No,Electronic check,94.43,4643.07,1,162.4,No
TC_0831,Female,45,0,No,No,1,No,No phone service,Fiber optic,No,Yes,No,No,Yes,Yes,Month-to-month,Yes,Credit card,83.22,82.56,5,385.1,Yes
TC_0832,Male,51,0,No,Yes,59,No,No phone service,DSL,No,No,No,No,No,No,Two year,Yes,Mailed check,49.3,3152.98,1,118.0,No
TC_0833,Male,36,0,Yes,No,9,Yes,Yes,Fiber optic,Yes,Yes,No,No,No,No,Month-to-month,Yes,Bank transfer,105.69,956.86,2,206.9,Yes
TC_0834,Male,41,0,No,No,1,Yes,No,Fiber optic,No,Yes,No,Yes,Yes,Yes,Month-to-month,No,Bank transfer,120.0,126.39,7,129.5,Yes
TC_0835,Female,37,0,Yes,No,70,No,No phone service,No,No internet service,No internet service,No internet service,No internet service,No internet service,No internet service,Month-to-month,Yes,Electronic check,24.45,1870.46,3,0.0,No
TC_0836,Female,29,0,No,No,61,Yes,No,No,No internet service,No internet service,No internet service,No internet service,No internet service,No internet service,One year,Yes,Mailed check,20.0,1225.67,1,0.0,No
TC_0837,Male,52,0,No,No,10,Yes,No,No,No internet service,No internet service,No internet service,No internet service,No internet service,No internet service,One year,No,Credit card,20.0,189.52,7,0.0,Yes
TC_0838,Male,40,0,Yes,Yes,,Yes,No,No,No internet service,No internet service,No internet service,No internet service,No internet service,No internet service,Two year,Yes,Mailed check,20.0,188.6,14,0.0,No
TC_0839,Male,61,0,No,No,41,Yes,No,DSL,No,Yes,No,Yes,No,No,One year,No,Credit card,84.22,3451.27,13,144.1,No
TC_0840,Female,55,0,Yes,No,52,No,No phone service,No,No internet service,No internet service,No internet service,No internet service,No internet service,No internet service,Two year,Yes,Credit card,20.76,1089.67,0,0.0,No
TC_0841,Female,41,0,No,No,49,Yes,No,Fiber optic,Yes,No,No,Yes,Yes,No,One year,No,Electronic check,116.41,5910.87,2,90.7,No
TC_0842,Female,64,0,No,No,1,Yes,Yes,Fiber optic,No,Yes,Yes,No,Yes,Yes,Month-to-month,No,Electronic check,96.29,105.29,3,119.6,Yes
TC_0843,Female,58,0,No,No,63,No,No phone service,Fiber optic,Yes,Yes,No,Yes,Yes,Yes,Month-to-month,No,Bank transfer,90.72,5622.77,11,201.7,Yes
TC_0844,Male,42,0,Yes,No,39,Yes,No,DSL,Yes,Yes,Yes,Yes,Yes,No,Two year,No,Bank transfer,92.63,3301.62,11,76.1,No
TC_0845,Female,51,0,No,No,65,Yes,Yes,Fiber optic,Yes,Yes,No,No,No,Yes,One year,Yes,Electronic check,89.8,5282.32,1,201.7,No
TC_0846,Male,35,0,Yes,No,,Yes,Yes,No,No internet service,No internet service,No internet service,No internet service,No internet service,No internet service,Month-to-month,No,Credit card,20.0,395.12,0,0.0,No
TC_0847,Female,37,0,No,No,7,Yes,No,Fiber optic,No,Yes,No,No,No,No,One year,Yes,Credit card,103.73,708.18,4,88.2,No
TC_0848,Female,58,0,No,No,64,Yes,No,DSL,Yes,No,No,Yes,Yes,No,Two year,No,Electronic check,88.02,6100.29,2,67.7,No
TC_0849,Female,35,0,No,Yes,60,Yes,No,Fiber optic,No,No,Yes,Yes,No,No,Two year,No,Bank transfer,97.81,6201.22,5,101.1,No
TC_0850,Male,31,0,No,No,5,Yes,Yes,DSL,Yes,No,No,Yes,No,Yes,Month-to-month,No,Credit card,89.49,453.81,1,49.7,No
TC_0851,Female,60,0,No,No,,Yes,Yes,DSL,No,Yes,No,No,No,Yes,Two year,Yes,Credit card,82.83,4192.23,7,53.0,No
TC_0852,Male,28,0,Yes,Yes,2,Yes,Yes,DSL,No,Yes,No,Yes,Yes,No,Month-to-month,Yes,Mailed check,95.04,184.76,1,126.3,No
TC_0853,Male,62,0,Yes,No,5,Yes,No,Fiber optic,No,No,No,Yes,Yes,No,Month-to-month,Yes,Credit card,98.99,459.83,4,62.4,No
TC_0854,Female,29,0,No,Yes,59,Yes,No,No,No internet service,No internet service,No internet service,No internet service,No internet service,No internet service,One year,No,Credit card,20.0,1158.82,6,0.0,No
TC_0855,Female,35,0,No,No,0,Yes,No,DSL,No,No,No,No,No,Yes,Month-to-month,No,Credit card,78.21,,2,61.2,No
TC_0856,Male,46,0,Yes,No,50,Yes,Yes,No,No internet service,No internet service,No internet service,No internet service,No internet service,No internet service,Month-to-month,Yes,Credit card,20.0,1018.5,4,0.0,No
TC_0857,Male,35,0,No,No,11,Yes,Yes,Fiber optic,No,No,No,No,No,Yes,Month-to-month,No,Mailed check,83.96,989.18,0,62.1,No
TC_0858,Female,38,0,No,Yes,2,Yes,No,No,No internet service,No internet service,No internet service,No internet service,No internet service,No internet service,Two year,Yes,Credit card,20.0,43.41,8,0.0,No
TC_0859,Female,50,0,Yes,No,4,Yes,No,No,No internet service,No internet service,No internet service,No internet service,No internet service,No internet service,Month-to-month,Yes,Mailed check,20.0,74.0,4,0.0,Yes
TC_0860,Female,29,0,No,No,54,Yes,Yes,Fiber optic,Yes,No,No,Yes,Yes,No,Month-to-month,No,Electronic check,119.22,6663.22,2,157.1,No
TC_0861,Female,31,0,No,Yes,29,Yes,Yes,No,No internet service,No internet service,No internet service,No internet service,No internet service,No internet service,Two year,No,Electronic check,20.0,611.08,3,0.0,No
TC_0862,Male,32,0,Yes,No,7,Yes,Yes,Fiber optic,Yes,No,No,No,No,Yes,Two year,No,Bank transfer,102.42,787.21,2,245.3,No
TC_0863,Female,49,0,Yes,No,39,Yes,Yes,No,No internet service,No internet service,No internet service,No internet service,No internet service,No internet service,Month-to-month,No,Electronic check,20.0,793.55,0,0.0,No
TC_0864,Female,49,0,No,No,3,Yes,No,DSL,Yes,No,No,Yes,No,Yes,Month-to-month,Yes,Mailed check,99.08,296.78,1,97.7,Yes
TC_0865,Female,38,0,No,No,0,Yes,No,DSL,Yes,Yes,Yes,No,No,Yes,Month-to-month,No,Electronic check,89.85,,3,120.1,Yes
TC_0866,Female,33,0,Yes,Yes,52,Yes,No,DSL,No,Yes,No,No,Yes,No,One year,Yes,Mailed check,77.27,4031.09,,57.0,No
TC_0867,Female,34,0,Yes,No,,Yes,No,Fiber optic,No,No,No,Yes,No,Yes,One year,No,Mailed check,97.81,409.13,0,153.3,No
TC_0868,Male,58,0,No,No,4,Yes,Yes,Fiber optic,No,Yes,No,No,Yes,No,Month-to-month,Yes,Bank transfer,86.01,314.06,5,332.9,No
TC_0869,Male,47,0,Yes,No,5,Yes,No,DSL,No,No,No,No,Yes,Yes,Month-to-month,No,Bank transfer,75.64,342.36,0,114.6,No
TC_0870,Male,29,0,No,No,3,Yes,No,DSL,Yes,Yes,Yes,No,No,No,Month-to-month,Yes,Mailed check,91.39,292.36,0,72.6,Yes
TC_0871,Male,49,0,No,No,53,Yes,Yes,Fiber optic,No,No,No,No,No,No,Two year,Yes,Bank transfer,66.97,3764.78,4,220.9,No
TC_0872,Male,49,0,No,No,64,Yes,Yes,DSL,Yes,No,No,No,No,No,Two year,No,Bank transfer,71.55,4977.4,5,56.9,No
TC_0873,Male,52,0,No,Yes,19,Yes,Yes,Fiber optic,Yes,Yes,Yes,No,Yes,No,Month-to-month,No,Electronic check,109.05,2180.97,8,144.0,No
TC_0874,Female,51,0,Yes,No,19,Yes,Yes,Fiber optic,Yes,No,Yes,Yes,No,Yes,Month-to-month,Yes,Credit card,117.34,2290.48,1,127.2,No
TC_0875,Male,23,0,Yes,Yes,21,Yes,Yes,No,No internet service,No internet service,No internet service,No internet service,No internet service,No internet service,Month-to-month,Yes,Electronic check,20.0,389.45,9,0.0,No
TC_0876,Male,33,0,Yes,Yes,27,Yes,No,Fiber optic,No,No,Yes,Yes,Yes,No,Two year,Yes,Bank transfer,113.07,3329.35,5,355.1,No
TC_0877,Female,40,0,Yes,Yes,2,Yes,Yes,No,No internet service,No internet service,No internet service,No internet service,No internet service,No internet service,Two year,Yes,Credit card,20.0,40.19,0,0.0,No
TC_0878,Female,32,0,No,No,,Yes,Yes,DSL,No,Yes,Yes,Yes,Yes,No,Month-to-month,Yes,Electronic check,95.27,209.49,2,90.2,No
TC_0879,Female,24,0,No,No,9,Yes,Yes,No,No internet service,No internet service,No internet service,No internet service,No internet service,No internet service,Month-to-month,Yes,Mailed check,20.0,182.66,2,0.0,Yes
TC_0880,Female,33,0,Yes,Yes,63,Yes,Yes,Fiber optic,No,Yes,Yes,No,No,No,Two year,Yes,Credit card,106.72,6224.19,13,131.5,No
TC_0881,Male,38,0,Yes,No,61,Yes,Yes,No,No internet service,No internet service,No internet service,No internet service,No internet service,No internet service,Month-to-month,Yes,Electronic check,20.0,1250.59,8,0.0,No
TC_0882,Male,55,0,Yes,No,5,Yes,Yes,Fiber optic,No,No,No,Yes,Yes,No,Month-to-month,Yes,Electronic check,,565.74,1,346.7,Yes
TC_0883,Female,23,0,Yes,No,60,Yes,Yes,Fiber optic,No,Yes,Yes,No,No,No,One year,Yes,Bank transfer,94.77,5990.27,8,137.4,No
TC_0884,Female,27,0,Yes,Yes,62,No,No phone service,DSL,No,Yes,No,No,No,No,One year,Yes,Bank transfer,44.24,2877.52,3,121.8,No
TC_0885,Female,24,0,Yes,No,49,Yes,No,DSL,Yes,No,No,No,Yes,No,One year,No,Bank transfer,90.25,4544.12,2,67.2,Yes
TC_0886,Male,40,0,No,No,4,No,No phone service,Fiber optic,No,No,No,No,No,No,Month-to-month,No,Electronic check,51.44,211.22,14,107.6,No
TC_0887,Male,54,0,Yes,No,63,Yes,Yes,No,No internet service,No internet service,No internet service,No internet service,No internet service,No internet service,One year,No,Bank transfer,20.0,1257.23,5,0.0,No
TC_0888,Male,39,0,No,No,53,Yes,No,No,No internet service,No internet service,No internet service,No internet service,No internet service,No internet service,Month-to-month,Yes,Bank transfer,20.0,1044.94,0,0.0,No
TC_0889,Female,49,0,No,No,58,Yes,No,DSL,No,No,No,No,No,Yes,One year,No,Credit card,67.96,4025.33,0,59.8,No
TC_0890,Female,65,1,Yes,No,9,Yes,Yes,Fiber optic,No,Yes,Yes,Yes,Yes,Yes,Two year,Yes,Bank transfer,120.0,1132.45,8,123.5,No
TC_0891,Female,48,0,Yes,No,16,Yes,Yes,Fiber optic,No,No,Yes,Yes,No,No,Month-to-month,Yes,Credit card,93.67,1516.25,4,164.3,Yes
TC_0892,Male,27,0,Yes,No,3,Yes,No,Fiber optic,Yes,Yes,Yes,No,Yes,No,Month-to-month,No,Electronic check,120.0,353.36,6,232.1,Yes
TC_0893,Male,54,0,Yes,No,56,Yes,Yes,Fiber optic,No,Yes,Yes,Yes,Yes,Yes,One year,Yes,Credit card,120.0,7172.18,4,179.1,No
TC_0894,Female,23,0,No,No,65,Yes,No,No,No internet service,No internet service,No internet service,No internet service,No internet service,No internet service,One year,Yes,Credit card,,1358.14,11,0.0,No
TC_0895,Female,45,0,No,No,6,Yes,No,Fiber optic,No,No,No,No,No,No,Month-to-month,Yes,Mailed check,79.32,432.33,11,227.9,Yes
TC_0896,Female,29,0,No,No,39,Yes,No,Fiber optic,Yes,No,No,No,No,No,Two year,No,Bank transfer,74.9,2786.66,5,285.6,No
TC_0897,Female,37,0,No,No,4,Yes,No,No,No internet service,No internet service,No internet service,No internet service,No internet service,No internet service,Month-to-month,No,Electronic check,20.0,75.73,0,0.0,No
TC_0898,Female,30,0,Yes,No,56,Yes,No,Fiber optic,No,Yes,Yes,No,No,No,One year,No,Mailed check,110.96,5888.68,2,278.5,No
TC_0899,Male,71,1,Yes,No,62,Yes,No,DSL,No,No,No,No,No,Yes,Month-to-month,No,Credit card,72.82,,4,130.4,No
TC_0900,Female,66,1,Yes,Yes,35,Yes,No,DSL,No,No,Yes,Yes,Yes,No,Two year,No,Mailed check,92.61,3493.68,3,128.4,No
TC_0901,Female,38,0,No,No,57,Yes,Yes,No,No internet service,No internet service,No internet service,No internet service,No internet service,No internet service,Month-to-month,Yes,Credit card,20.0,1159.22,2,0.0,No
TC_0902,Male,20,0,Yes,No,21,Yes,Yes,No,No internet service,No internet service,No internet service,No internet service,No internet service,No internet service,Month-to-month,Yes,Credit card,20.0,418.0,8,0.0,No
TC_0903,Female,54,0,No,No,28,Yes,No,Fiber optic,No,Yes,Yes,No,No,Yes,One year,Yes,Electronic check,113.91,3107.83,10,387.8,No
TC_0904,Female,39,0,No,Yes,8,Yes,Yes,DSL,No,No,No,No,Yes,No,Two year,No,Bank transfer,78.39,648.08,6,44.6,No
TC_0905,Female,45,0,No,No,38,Yes,No,No,No internet service,No internet service,No internet service,No internet service,No internet service,No internet service,One year,No,Bank transfer,20.0,706.16,0,0.0,No
TC_0906,Female,72,1,Yes,No,65,Yes,Yes,Fiber optic,No,No,No,No,No,No,Two year,No,Mailed check,89.2,6290.86,1,71.6,No
TC_0907,Female,48,0,Yes,No,10,Yes,No,DSL,Yes,No,No,No,No,No,Month-to-month,Yes,Electronic check,75.51,711.85,1,159.3,No
TC_0908,Male,30,0,No,Yes,4,Yes,No,Fiber optic,No,No,No,No,No,Yes,Month-to-month,Yes,Bank transfer,95.76,355.65,6,90.0,No
TC_0909,Female,29,0,No,Yes,60,Yes,Yes,Fiber optic,Yes,No,No,Yes,Yes,Yes,One year,Yes,Credit card,100.45,5628.15,2,308.4,No
TC_0910,Female,51,0,Yes,No,63,Yes,No,Fiber optic,No,No,No,Yes,Yes,No,One year,Yes,Credit card,95.08,6322.84,6,204.7,No
TC_0911,Female,23,0,No,No,55,Yes,No,DSL,No,No,No,No,No,No,One year,No,Electronic check,60.19,3036.11,0,61.6,No
TC_0912,Male,51,0,Yes,No,3,Yes,No,No,No internet service,No internet service,No internet service,No internet service,No internet service,No internet service,One year,Yes,Credit card,20.0,62.98,0,0.0,No
TC_0913,Female,63,0,Yes,Yes,11,Yes,Yes,Fiber optic,No,No,No,No,Yes,No,Two year,No,Credit card,81.51,932.33,,328.5,No
TC_0914,Male,39,0,No,No,3,Yes,No,Fiber optic,No,No,No,Yes,No,No,Month-to-month,Yes,Mailed check,91.85,284.96,8,417.7,Yes
TC_0915,Female,45,0,Yes,No,41,Yes,Yes,No,No internet service,No internet service,No internet service,No internet service,No internet service,No internet service,Two year,Yes,Credit card,,748.59,5,0.0,No
TC_0916,Female,45,0,Yes,No,59,Yes,No,DSL,No,No,No,Yes,No,No,Two year,No,Credit card,72.23,4009.28,1,84.7,No
TC_0917,Female,60,0,Yes,Yes,46,Yes,No,DSL,No,No,No,No,No,No,One year,Yes,Mailed check,56.14,2702.46,6,154.3,No
TC_0918,Female,38,0,No,Yes,39,Yes,No,No,No internet service,No internet service,No internet service,No internet service,No internet service,No internet service,One year,Yes,Electronic check,20.0,776.55,2,0.0,No
TC_0919,Male,23,0,No,No,1,Yes,Yes,No,No internet service,No internet service,No internet service,No internet service,No internet service,No internet service,Month-to-month,Yes,Credit card,20.0,20.31,2,0.0,Yes
TC_0920,Female,35,0,No,No,3,Yes,Yes,DSL,Yes,No,No,No,Yes,No,Two year,No,Electronic check,78.95,221.54,0,118.9,No
TC_0921,Male,54,0,No,No,41,No,No phone service,Fiber optic,Yes,No,No,Yes,No,No,One year,No,Electronic check,59.93,2464.22,2,302.3,No
TC_0922,Male,34,0,No,Yes,58,Yes,No,DSL,No,No,Yes,No,No,No,Two year,Yes,Bank transfer,64.78,,0,94.1,No
TC_0923,Female,59,0,Yes,No,39,Yes,No,DSL,No,No,Yes,No,No,No,One year,Yes,Credit card,60.48,2296.77,0,91.0,No
TC_0924,Female,41,0,No,Yes,63,Yes,Yes,No,No internet service,No internet service,No internet service,No internet service,No internet service,No internet service,Two year,No,Credit card,20.0,1255.19,15,0.0,No
TC_0925,Male,57,0,No,No,52,Yes,No,Fiber optic,No,No,Yes,No,Yes,Yes,Month-to-month,Yes,Electronic check,105.23,4964.71,4,155.9,Yes
TC_0926,Female,37,0,Yes,No,,Yes,No,DSL,Yes,Yes,No,No,No,Yes,One year,Yes,Credit card,85.91,6137.44,2,141.0,No
TC_0927,Male,52,0,No,No,34,Yes,No,No,No internet service,No internet service,No internet service,No internet service,No internet service,No internet service,One year,Yes,Bank transfer,20.0,677.93,7,0.0,Yes
TC_0928,Female,28,0,Yes,No,2,Yes,No,DSL,No,Yes,Yes,No,Yes,No,Two year,No,Bank transfer,85.45,182.26,3,97.0,No
TC_0929,Female,38,0,Yes,No,19,Yes,No,No,No internet service,No internet service,No internet service,No internet service,No internet service,No internet service,Two year,No,Electronic check,20.0,386.99,0,0.0,No
TC_0930,Male,44,0,No,Yes,22,Yes,No,DSL,No,No,No,Yes,Yes,Yes,One year,No,Mailed check,97.26,2019.31,2,80.2,No
TC_0931,Male,38,0,Yes,No,35,Yes,No,Fiber optic,No,No,Yes,No,Yes,No,Month-to-month,No,Credit card,95.82,,13,219.3,No
TC_0932,Female,44,0,Yes,No,45,Yes,No,No,No internet service,No internet service,No internet service,No internet service,No internet service,No internet service,Two year,No,Bank transfer,,879.0,7,0.0,No
TC_0933,Female,35,0,No,No,8,Yes,Yes,DSL,Yes,No,No,No,Yes,Yes,Two year,Yes,Bank transfer,78.16,608.49,6,56.4,No
TC_0934,Female,43,0,No,Yes,9,Yes,No,No,No internet service,No internet service,No internet service,No internet service,No internet service,No internet service,Month-to-month,No,Bank transfer,20.0,162.67,0,0.0,Yes
TC_0935,Female,44,0,No,No,65,Yes,No,No,No internet service,No internet service,No internet service,No internet service,No internet service,No internet service,Two year,Yes,Credit card,20.0,1284.94,3,0.0,No
TC_0936,Female,40,0,Yes,No,3,Yes,No,DSL,No,Yes,Yes,No,Yes,No,Month-to-month,Yes,Bank transfer,77.91,248.68,1,57.1,No
TC_0937,Male,42,0,No,No,32,Yes,No,No,No internet service,No internet service,No internet service,No internet service,No internet service,No internet service,One year,Yes,Electronic check,20.0,636.0,6,0.0,No
TC_0938,Female,52,0,No,No,68,Yes,No,Fiber optic,Yes,Yes,No,No,Yes,No,Month-to-month,No,Mailed check,,8264.6,1,407.3,Yes
TC_0939,Female,48,0,Yes,Yes,50,Yes,No,DSL,Yes,No,No,No,Yes,No,One year,No,Credit card,97.61,4961.3,0,36.7,No
TC_0940,Male,38,0,No,No,3,Yes,No,Fiber optic,No,Yes,No,No,No,Yes,Month-to-month,Yes,Credit card,112.48,345.67,7,187.7,No
TC_0941,Female,51,0,Yes,No,6,Yes,No,DSL,No,No,No,No,No,No,Month-to-month,No,Mailed check,62.81,412.57,11,105.0,Yes
TC_0942,Female,37,0,Yes,No,65,Yes,No,No,No internet service,No internet service,No internet service,No internet service,No internet service,No internet service,One year,Yes,Electronic check,20.0,1325.57,5,0.0,No
TC_0943,Female,42,0,No,No,4,Yes,No,DSL,No,No,No,No,No,No,Month-to-month,No,Electronic check,52.03,222.31,1,64.9,Yes
TC_0944,Male,23,0,Yes,No,29,Yes,No,Fiber optic,Yes,No,No,No,No,No,One year,No,Bank transfer,80.72,2280.9,2,324.0,No
TC_0945,Female,60,0,No,No,5,Yes,No,Fiber optic,Yes,No,No,No,No,Yes,Two year,No,Electronic check,101.85,469.84,0,350.9,No
TC_0946,Male,60,0,Yes,No,53,Yes,Yes,Fiber optic,No,No,No,No,No,No,Month-to-month,No,Credit card,89.9,4353.45,1,285.3,No
TC_0947,Female,46,0,Yes,No,58,Yes,No,Fiber optic,Yes,No,No,Yes,No,No,Month-to-month,No,Electronic check,117.3,,3,238.0,Yes
TC_0948,Male,53,0,No,No,26,Yes,Yes,No,No internet service,No internet service,No internet service,No internet service,No internet service,No internet service,One year,No,Bank transfer,20.0,528.76,0,0.0,No
TC_0949,Female,66,1,Yes,No,5,Yes,No,Fiber optic,Yes,No,No,Yes,No,No,Month-to-month,Yes,Credit card,95.12,454.53,4,258.2,No
TC_0950,Female,35,0,Yes,No,61,Yes,No,DSL,No,No,Yes,No,Yes,No,Two year,Yes,Credit card,81.27,4499.06,6,81.5,No
TC_0951,Female,41,0,No,No,4,Yes,No,DSL,No,No,No,Yes,Yes,Yes,Month-to-month,No,Mailed check,85.71,349.1,2,163.0,No
TC_0952,Female,54,0,Yes,No,16,Yes,No,Fiber optic,Yes,Yes,No,No,Yes,No,Two year,No,Bank transfer,99.76,1527.09,2,334.8,No
TC_0953,Female,27,0,No,No,8,Yes,Yes,DSL,No,No,Yes,No,Yes,No,Two year,No,Electronic check,61.69,507.39,14,54.5,No
TC_0954,Male,73,1,No,No,2,Yes,Yes,DSL,No,No,No,Yes,Yes,No,One year,No,Bank transfer,79.1,165.83,9,70.7,No
TC_0955,Male,57,0,No,Yes,7,Yes,Yes,DSL,No,No,No,No,No,Yes,One year,Yes,Bank transfer,75.01,533.71,3,87.2,No
TC_0956,Female,68,1,No,No,26,No,No phone service,Fiber optic,Yes,Yes,No,No,No,No,Month-to-month,Yes,Credit card,63.6,1557.01,5,219.1,No
TC_0957,Male,45,0,No,No,70,Yes,No,Fiber optic,Yes,Yes,Yes,No,No,No,Two year,Yes,Mailed check,102.92,7779.84,,198.9,No
TC_0958,Female,29,0,No,No,49,Yes,Yes,Fiber optic,Yes,Yes,Yes,No,Yes,No,Two year,No,Bank transfer,115.65,5342.95,1,87.9,No
TC_0959,Male,37,0,No,No,8,Yes,No,DSL,No,No,Yes,No,No,No,Month-to-month,No,Electronic check,67.57,568.83,0,127.8,Yes
TC_0960,Female,27,0,No,No,3,Yes,Yes,Fiber optic,No,No,Yes,No,No,Yes,Month-to-month,No,Bank transfer,102.74,301.44,1,335.2,Yes
TC_0961,Male,40,0,Yes,No,16,Yes,No,Fiber optic,No,No,No,No,No,No,Month-to-month,Yes,Bank transfer,83.29,1310.85,3,226.5,Yes
TC_0962,Female,40,0,No,No,22,Yes,No,Fiber optic,No,No,No,No,Yes,No,Month-to-month,Yes,Electronic check,77.49,1778.85,3,176.7,Yes
TC_0963,Male,46,0,Yes,Yes,6,Yes,No,Fiber optic,Yes,Yes,No,Yes,Yes,Yes,Two year,Yes,Electronic check,120.0,733.73,4,156.1,No
TC_0964,Male,35,0,No,No,5,Yes,Yes,Fiber optic,No,No,No,No,Yes,No,Month-to-month,Yes,Credit card,87.45,466.19,4,280.0,Yes
TC_0965,Male,32,0,Yes,Yes,51,Yes,No,DSL,No,No,Yes,No,Yes,Yes,Month-to-month,Yes,Electronic check,90.46,4490.97,1,95.6,Yes
TC_0966,Female,21,0,Yes,No,16,Yes,No,Fiber optic,No,No,Yes,No,Yes,No,Month-to-month,Yes,Credit card,95.17,1409.5,4,321.8,Yes
TC_0967,Male,42,0,No,No,53,Yes,Yes,Fiber optic,No,No,No,No,No,No,One year,No,Bank transfer,89.02,4982.44,3,66.7,No
TC_0968,Male,39,0,No,No,13,Yes,Yes,Fiber optic,No,Yes,No,No,Yes,Yes,Month-to-month,Yes,Credit card,115.41,1415.1,15,301.4,Yes
TC_0969,Female,28,0,Yes,Yes,44,Yes,No,DSL,No,No,Yes,No,No,No,Two year,Yes,Credit card,67.92,3267.12,6,48.5,No
TC_0970,Male,27,0,No,No,8,Yes,Yes,Fiber optic,No,Yes,Yes,No,Yes,No,Month-to-month,Yes,Electronic check,117.83,1028.83,3,229.0,Yes
TC_0971,Male,56,0,Yes,Yes,43,Yes,Yes,Fiber optic,Yes,Yes,Yes,Yes,No,Yes,Month-to-month,Yes,Mailed check,120.0,4791.59,2,139.5,No
TC_0972,Male,38,0,No,No,66,Yes,No,No,No internet service,No internet service,No internet service,No internet service,No internet service,No internet service,Month-to-month,Yes,Electronic check,,1271.29,4,0.0,No
TC_0973,Female,44,0,No,No,44,Yes,Yes,Fiber optic,No,Yes,No,No,No,No,One year,Yes,Bank transfer,86.29,3878.6,3,198.6,No
TC_0974,Female,47,0,Yes,Yes,1,Yes,Yes,DSL,Yes,Yes,Yes,No,Yes,No,Month-to-month,No,Electronic check,102.93,97.57,4,126.9,Yes
TC_0975,Male,35,0,No,No,1,Yes,No,DSL,No,No,No,No,No,No,Month-to-month,No,Electronic check,,58.58,2,58.6,Yes
TC_0976,Female,63,0,Yes,No,58,No,No phone service,Fiber optic,Yes,No,Yes,Yes,No,No,One year,No,Electronic check,87.99,5293.92,5,125.0,No
TC_0977,Male,34,0,No,No,6,Yes,No,Fiber optic,Yes,No,No,No,Yes,Yes,Month-to-month,Yes,Credit card,112.62,627.18,8,95.3,Yes
TC_0978,Female,34,0,Yes,No,56,Yes,No,No,No internet service,No internet service,No internet service,No internet service,No internet service,No internet service,One year,Yes,Credit card,20.0,1167.23,2,0.0,No
TC_0979,Male,43,0,Yes,No,56,Yes,No,No,No internet service,No internet service,No internet service,No internet service,No internet service,No internet service,Two year,No,Bank transfer,20.0,1124.76,5,0.0,No
TC_0980,Male,32,0,Yes,No,41,Yes,No,Fiber optic,Yes,No,Yes,No,Yes,Yes,Two year,Yes,Credit card,,4629.39,3,122.0,No
TC_0981,Male,33,0,No,Yes,37,Yes,No,Fiber optic,No,No,No,Yes,Yes,No,Two year,No,Credit card,,3124.43,4,145.2,No
TC_0982,Female,38,0,Yes,No,52,Yes,Yes,Fiber optic,Yes,No,No,No,Yes,Yes,Two year,Yes,Mailed check,114.22,5621.79,7,276.0,No
TC_0983,Male,40,0,No,No,60,No,No phone service,Fiber optic,No,No,No,Yes,Yes,Yes,One year,No,Bank transfer,,4410.32,6,148.0,No
TC_0984,Female,32,0,Yes,No,3,Yes,No,Fiber optic,Yes,No,No,No,No,No,Month-to-month,Yes,Electronic check,84.08,250.56,3,285.7,No
TC_0985,Male,57,0,No,No,69,Yes,No,DSL,No,Yes,No,Yes,No,No,One year,Yes,Bank transfer,80.26,5626.87,1,112.9,No
TC_0986,Female,25,0,No,No,6,No,No phone service,Fiber optic,No,No,Yes,No,No,Yes,One year,Yes,Mailed check,62.69,376.37,2,235.9,No
TC_0987,Female,36,0,Yes,No,49,No,No phone service,No,No internet service,No internet service,No internet service,No internet service,No internet service,No internet service,One year,Yes,Electronic check,18.0,939.6,1,0.0,No
TC_0988,Male,27,0,No,No,37,Yes,Yes,No,No internet service,No internet service,No internet service,No internet service,No internet service,No internet service,One year,Yes,Bank transfer,20.0,799.54,0,0.0,No
TC_0989,Male,39,0,Yes,No,28,Yes,No,DSL,Yes,No,No,Yes,No,Yes,One year,No,Credit card,83.48,2442.09,2,50.9,No
TC_0990,Female,30,0,No,Yes,45,Yes,No,Fiber optic,No,Yes,No,No,No,No,Two year,Yes,Mailed check,89.76,4008.58,11,150.2,No
TC_0991,Female,55,0,Yes,Yes,5,Yes,No,No,No internet service,No internet service,No internet service,No internet service,No internet service,No internet service,Month-to-month,Yes,Bank transfer,20.0,104.46,0,0.0,No
TC_0992,Male,44,0,Yes,No,43,Yes,No,Fiber optic,No,No,Yes,Yes,Yes,No,Two year,No,Credit card,105.59,4244.01,6,243.5,No
TC_0993,Male,25,0,No,No,67,Yes,No,No,No internet service,No internet service,No internet service,No internet service,No internet service,No internet service,One year,Yes,Mailed check,20.0,1361.05,0,0.0,No
TC_0994,Female,43,0,Yes,No,53,Yes,No,Fiber optic,Yes,Yes,No,Yes,No,No,Two year,Yes,Credit card,101.38,4876.82,3,376.1,No
TC_0995,Female,47,0,Yes,Yes,47,Yes,Yes,Fiber optic,Yes,No,Yes,Yes,No,Yes,Two year,Yes,Credit card,120.0,6189.28,1,68.6,No
TC_0996,Female,70,1,Yes,No,,Yes,No,No,No internet service,No internet service,No internet service,No internet service,No internet service,No internet service,Two year,No,Bank transfer,20.0,671.04,1,0.0,No
TC_0997,Female,22,0,Yes,No,3,Yes,No,Fiber optic,Yes,Yes,No,Yes,No,Yes,Month-to-month,Yes,Bank transfer,118.59,356.67,2,228.4,Yes
TC_0998,Female,64,0,Yes,No,68,Yes,No,Fiber optic,No,No,Yes,Yes,No,Yes,Month-to-month,No,Mailed check,101.55,6760.53,1,270.6,No
TC_0999,Male,35,0,No,No,12,Yes,Yes,No,No internet service,No internet service,No internet service,No internet service,No internet service,No internet service,One year,Yes,Bank transfer,20.0,216.82,1,0.0,No
TC_1000,Female,56,0,No,No,57,Yes,No,No,No internet service,No internet service,No internet service,No internet service,No internet service,No internet service,Month-to-month,Yes,Electronic check,20.0,1195.04,3,0.0,No
TC_1001,Female,63,0,Yes,No,9,Yes,No,Fiber optic,No,Yes,No,No,No,Yes,One year,Yes,Electronic check,110.42,1059.73,4,308.3,Yes
TC_1002,Female,47,0,Yes,No,66,Yes,No,DSL,No,No,No,No,Yes,No,One year,No,Bank transfer,81.68,5386.3,2,73.8,Yes
TC_1003,Female,40,0,No,No,1,Yes,Yes,DSL,No,Yes,No,No,No,Yes,One year,No,Credit card,84.82,82.83,0,162.1,No
TC_1004,Male,62,0,No,No,42,No,No phone service,Fiber optic,Yes,Yes,No,Yes,Yes,Yes,One year,Yes,Mailed check,89.75,4105.81,14,172.3,Yes
TC_1005,Male,65,1,Yes,No,,Yes,Yes,DSL,No,Yes,No,No,Yes,No,One year,Yes,Bank transfer,83.38,4700.47,11,139.4,No
TC_1006,Male,33,0,No,No,63,Yes,Yes,DSL,No,Yes,No,Yes,No,No,Two year,Yes,Bank transfer,81.06,4859.53,0,54.2,No
TC_1007,Female,32,0,Yes,Yes,3,No,No phone service,Fiber optic,Yes,No,Yes,Yes,Yes,Yes,Two year,Yes,Credit card,112.16,317.39,1,329.2,No
TC_1008,Female,47,0,No,No,6,No,No phone service,Fiber optic,No,Yes,Yes,No,Yes,No,Month-to-month,No,Electronic check,85.3,467.83,7,72.5,No
TC_1009,Male,66,1,Yes,No,56,Yes,Yes,DSL,No,No,Yes,No,Yes,No,One year,No,Bank transfer,82.28,4647.12,1,67.4,No
TC_1010,Male,46,0,No,No,,Yes,Yes,DSL,No,No,Yes,No,Yes,No,Month-to-month,No,Electronic check,86.54,1995.43,2,43.9,Yes
TC_1011,Male,38,0,Yes,No,46,Yes,Yes,Fiber optic,No,No,Yes,No,No,No,Two year,Yes,Bank transfer,76.55,3618.28,10,335.4,No
TC_1012,Male,39,0,Yes,Yes,3,Yes,Yes,DSL,No,No,No,No,No,No,Month-to-month,Yes,Electronic check,59.46,173.5,2,74.7,Yes
TC_1013,Male,42,0,No,Yes,52,Yes,No,DSL,No,Yes,Yes,Yes,No,Yes,Two year,Yes,Bank transfer,105.24,5548.45,10,52.7,No
TC_1014,Female,43,0,No,No,4,Yes,No,No,No internet service,No internet service,No internet service,No internet service,No internet service,No internet service,One year,Yes,Electronic check,20.0,74.81,8,0.0,No
TC_1015,Female,33,0,Yes,Yes,63,Yes,Yes,DSL,No,Yes,No,No,No,Yes,Two year,Yes,Bank transfer,75.8,4734.34,1,28.9,No
TC_1016,Male,31,0,Yes,No,56,Yes,No,No,No internet service,No internet service,No internet service,No internet service,No internet service,No internet service,Two year,Yes,Electronic check,20.0,1126.63,1,0.0,No
TC_1017,Female,68,1,No,No,11,Yes,No,No,No internet service,No internet service,No internet service,No internet service,No internet service,No internet service,One year,Yes,Electronic check,20.0,236.96,,0.0,No
TC_1018,Female,33,0,Yes,No,2,Yes,No,Fiber optic,No,No,No,No,No,No,Two year,No,Credit card,74.17,160.79,2,291.4,No
TC_1019,Female,62,0,Yes,Yes,3,Yes,Yes,DSL,No,No,Yes,No,Yes,No,Month-to-month,Yes,Electronic check,,269.77,7,44.6,Yes
TC_1020,Male,51,0,Yes,No,27,Yes,No,Fiber optic,Yes,Yes,No,Yes,No,Yes,Month-to-month,Yes,Bank transfer,120.0,2925.93,2,52.4,No
TC_1021,Male,59,0,Yes,No,55,Yes,No,DSL,No,No,No,No,Yes,Yes,One year,Yes,Mailed check,83.87,4552.8,1,73.8,Yes
TC_1022,Female,41,0,Yes,Yes,58,No,No phone service,Fiber optic,No,No,Yes,No,No,No,Two year,No,Bank transfer,62.21,3615.48,11,397.4,No
TC_1023,Male,45,0,Yes,No,64,Yes,No,No,No internet service,No internet service,No internet service,No internet service,No internet service,No internet service,Month-to-month,No,Bank transfer,20.0,1158.31,14,0.0,No
TC_1024,Male,31,0,No,No,31,Yes,No,No,No internet service,No internet service,No internet service,No internet service,No internet service,No internet service,Two year,Yes,Electronic check,20.0,643.34,3,0.0,No
TC_1025,Male,28,0,Yes,Yes,39,No,No phone service,Fiber optic,No,Yes,Yes,No,No,Yes,Month-to-month,Yes,Electronic check,82.1,3158.4,3,269.3,Yes
TC_1026,Male,28,0,No,No,12,Yes,Yes,DSL,No,No,No,No,No,No,Two year,No,Credit card,66.19,742.05,7,83.1,No
TC_1027,Male,43,0,Yes,No,7,Yes,Yes,Fiber optic,Yes,Yes,No,No,No,Yes,Month-to-month,Yes,Bank transfer,115.92,825.74,6,377.5,Yes
TC_1028,Male,43,0,No,No,17,Yes,No,Fiber optic,Yes,No,No,No,No,Yes,Month-to-month,Yes,Mailed check,100.04,1637.9,2,198.7,No
TC_1029,Male,39,0,Yes,Yes,5,Yes,No,Fiber optic,No,Yes,Yes,No,No,Yes,Month-to-month,Yes,Credit card,94.8,485.68,2,169.2,Yes
TC_1030,Female,58,0,Yes,No,71,Yes,Yes,Fiber optic,Yes,No,Yes,No,Yes,Yes,One year,No,Electronic check,116.48,8031.97,6,181.9,Yes
TC_1031,Female,30,0,Yes,No,2,Yes,No,DSL,No,No,No,No,No,Yes,Two year,Yes,Credit card,81.72,179.07,,35.4,Yes
TC_1032,Female,43,0,Yes,No,8,Yes,No,Fiber optic,No,Yes,Yes,No,No,No,Month-to-month,Yes,Mailed check,101.41,796.51,10,128.0,No
TC_1033,Male,52,0,No,No,9,Yes,No,No,No internet service,No internet service,No internet service,No internet service,No internet service,No internet service,Month-to-month,Yes,Credit card,20.0,197.23,2,0.0,No
TC_1034,Female,45,0,No,Yes,45,Yes,No,Fiber optic,Yes,No,No,No,Yes,No,Two year,No,Mailed check,,4238.73,9,197.5,No
TC_1035,Male,52,0,Yes,No,28,Yes,Yes,Fiber optic,Yes,No,No,No,Yes,No,One year,Yes,Credit card,89.82,,0,172.0,Yes
TC_1036,Female,35,0,Yes,No,46,Yes,No,DSL,Yes,Yes,No,No,Yes,No,One year,No,Electronic check,85.26,3706.64,3,51.9,No
TC_1037,Female,38,0,Yes,No,55,Yes,Yes,Fiber optic,Yes,No,No,No,No,Yes,Month-to-month,No,Electronic check,96.96,5832.94,14,283.0,No
TC_1038,Female,61,0,Yes,No,4,Yes,No,DSL,No,No,Yes,Yes,No,No,Month-to-month,No,Credit card,90.68,330.76,8,40.9,Yes
TC_1039,Female,38,0,No,No,3,No,No phone service,Fiber optic,Yes,No,Yes,Yes,No,No,Month-to-month,Yes,Electronic check,,,3,192.1,No
TC_1040,Female,50,0,Yes,Yes,1,Yes,Yes,Fiber optic,No,No,Yes,No,Yes,No,Month-to-month,No,Electronic check,82.05,79.37,15,152.5,Yes
TC_1041,Female,60,0,Yes,No,61,No,No phone service,DSL,Yes,Yes,No,No,Yes,Yes,One year,No,Credit card,93.17,5678.5,0,138.6,No
TC_1042,Female,56,0,Yes,No,46,Yes,No,Fiber optic,Yes,No,No,Yes,No,No,One year,No,Bank transfer,101.72,4302.46,8,155.5,No
TC_1043,Male,35,0,Yes,No,21,Yes,Yes,Fiber optic,Yes,Yes,Yes,No,Yes,No,Month-to-month,Yes,Electronic check,114.95,2363.92,0,254.4,No
TC_1044,Female,69,1,Yes,Yes,6,Yes,Yes,Fiber optic,Yes,No,No,Yes,Yes,Yes,Month-to-month,No,Electronic check,116.57,694.88,6,74.2,Yes
TC_1045,Male,39,0,No,No,49,Yes,Yes,No,No internet service,No internet service,No internet service,No internet service,No internet service,No internet service,Two year,Yes,Bank transfer,20.0,,1,0.0,No
TC_1046,Male,48,0,No,No,3,Yes,Yes,Fiber optic,No,No,Yes,No,Yes,No,Month-to-month,No,Mailed check,93.94,256.73,1,181.2,No
TC_1047,Male,38,0,No,No,8,Yes,Yes,Fiber optic,No,No,Yes,Yes,Yes,No,Two year,Yes,Mailed check,100.97,816.07,2,150.3,No
TC_1048,Female,41,0,No,No,11,Yes,Yes,Fiber optic,No,No,No,Yes,No,No,Month-to-month,No,Credit card,89.73,907.9,10,300.2,Yes
TC_1049,Male,51,0,Yes,No,61,Yes,No,Fiber optic,Yes,No,No,No,No,No,One year,No,Electronic check,87.62,,11,294.9,No
TC_1050,Female,60,0,No,No,65,Yes,No,Fiber optic,Yes,Yes,No,Yes,No,Yes,One year,No,Mailed check,111.99,7530.5,4,110.5,No
TC_1051,Male,44,0,Yes,Yes,46,Yes,Yes,No,No internet service,No internet service,No internet service,No internet service,No internet service,No internet service,Two year,No,Bank transfer,20.0,920.91,6,0.0,No
TC_1052,Female,57,0,Yes,Yes,4,Yes,Yes,DSL,No,Yes,Yes,No,No,No,Month-to-month,Yes,Electronic check,95.62,364.65,5,136.5,Yes
TC_1053,Female,49,0,No,No,5,Yes,Yes,Fiber optic,No,No,No,No,No,No,Month-to-month,No,Electronic check,79.55,366.79,2,397.2,No
TC_1054,Female,30,0,No,Yes,47,Yes,Yes,Fiber optic,No,No,No,No,Yes,No,Two year,Yes,Electronic check,,3630.47,0,326.3,Yes
TC_1055,Male,32,0,No,No,41,Yes,Yes,No,No internet service,No internet service,No internet service,No internet service,No internet service,No internet service,Month-to-month,Yes,Bank transfer,20.0,782.75,3,0.0,No
TC_1056,Female,35,0,Yes,No,66,Yes,Yes,DSL,No,No,Yes,No,No,No,Two year,No,Credit card,60.19,4004.13,1,96.3,No
TC_1057,Female,60,0,No,No,44,Yes,No,No,No internet service,No internet service,No internet service,No internet service,No internet service,No internet service,One year,No,Bank transfer,,842.66,1,0.0,No
TC_1058,Male,66,1,Yes,No,5,Yes,No,DSL,No,No,No,No,No,No,Month-to-month,No,Electronic check,56.72,259.44,14,157.3,Yes
TC_1059,Female,37,0,No,Yes,67,Yes,No,Fiber optic,Yes,No,No,No,No,Yes,Month-to-month,No,Electronic check,104.24,7249.66,3,306.0,Yes
TC_1060,Female,45,0,Yes,No,60,Yes,Yes,No,No internet service,No internet service,No internet service,No internet service,No internet service,No internet service,One year,Yes,Credit card,20.0,1134.1,2,0.0,No
TC_1061,Female,50,0,Yes,Yes,63,Yes,Yes,DSL,Yes,No,Yes,Yes,Yes,Yes,Month-to-month,Yes,Mailed check,109.25,7548.04,1,59.3,No
TC_1062,Male,31,0,Yes,No,54,Yes,No,No,No internet service,No internet service,No internet service,No internet service,No internet service,No internet service,One year,Yes,Bank transfer,20.0,1185.37,6,0.0,No
TC_1063,Male,42,0,Yes,Yes,6,Yes,No,No,No internet service,No internet service,No internet service,No internet service,No internet service,No internet service,Month-to-month,No,Credit card,20.0,116.72,4,0.0,Yes
TC_1064,Male,59,0,No,No,68,Yes,Yes,Fiber optic,No,Yes,No,Yes,No,No,Month-to-month,No,Credit card,98.46,7175.03,5,268.4,No
TC_1065,Female,48,0,Yes,No,69,Yes,No,Fiber optic,No,Yes,No,Yes,Yes,Yes,Month-to-month,Yes,Mailed check,120.0,8008.72,7,317.9,No
TC_1066,Male,27,0,Yes,No,58,Yes,Yes,No,No internet service,No internet service,No internet service,No internet service,No internet service,No internet service,Month-to-month,No,Electronic check,20.0,1087.36,8,0.0,Yes
TC_1067,Female,49,0,Yes,No,51,Yes,No,DSL,No,No,No,Yes,Yes,Yes,Two year,No,Bank transfer,94.5,4836.15,12,94.3,No
TC_1068,Male,30,0,Yes,No,2,Yes,No,DSL,No,Yes,Yes,Yes,No,No,Two year,Yes,Credit card,,185.0,2,36.9,No
TC_1069,Female,42,0,No,No,6,Yes,Yes,Fiber optic,Yes,No,No,No,No,Yes,One year,No,Credit card,96.52,636.77,3,162.6,Yes
TC_1070,Male,43,0,No,No,48,Yes,No,Fiber optic,Yes,Yes,No,No,No,No,Two year,Yes,Bank transfer,105.47,5266.83,2,175.1,No
TC_1071,Female,53,0,No,No,55,Yes,Yes,DSL,No,No,Yes,Yes,No,No,Two year,Yes,Electronic check,93.88,4817.62,5,119.3,No
TC_1072,Male,45,0,No,No,3,Yes,No,No,No internet service,No internet service,No internet service,No internet service,No internet service,No internet service,One year,Yes,Mailed check,20.0,58.47,14,0.0,No
TC_1073,Female,68,1,Yes,No,6,Yes,Yes,No,No internet service,No internet service,No internet service,No internet service,No internet service,No internet service,One year,Yes,Bank transfer,20.0,118.18,3,0.0,No
TC_1074,Male,57,0,Yes,Yes,14,Yes,Yes,DSL,No,No,No,No,No,No,Two year,No,Bank transfer,62.23,846.61,10,120.6,No
TC_1075,Female,51,0,Yes,Yes,32,Yes,No,Fiber optic,No,No,No,No,No,No,Month-to-month,Yes,Credit card,82.92,2646.1,13,124.5,Yes
TC_1076,Male,24,0,Yes,No,36,Yes,Yes,Fiber optic,No,Yes,No,No,No,Yes,Month-to-month,Yes,Mailed check,103.12,3389.14,3,70.2,Yes
TC_1077,Male,51,0,No,No,59,Yes,No,DSL,No,No,No,No,No,No,One year,Yes,Bank transfer,58.48,3456.29,8,151.6,No
TC_1078,Male,57,0,No,No,3,Yes,Yes,DSL,Yes,No,Yes,Yes,No,No,Two year,Yes,Electronic check,85.03,252.88,10,70.0,No
TC_1079,Female,73,1,No,No,1,Yes,No,Fiber optic,Yes,Yes,No,No,No,No,Month-to-month,No,Mailed check,86.95,94.16,3,192.6,Yes
TC_1080,Female,46,0,No,No,53,Yes,No,DSL,No,Yes,Yes,No,No,Yes,Two year,No,Bank transfer,75.33,3964.42,13,37.7,No
TC_1081,Female,30,0,No,No,61,Yes,No,DSL,Yes,No,Yes,Yes,No,No,Two year,Yes,Credit card,81.11,4841.08,0,85.8,No
TC_1082,Female,38,0,Yes,No,9,Yes,No,Fiber optic,No,Yes,Yes,No,Yes,No,Two year,Yes,Bank transfer,114.88,953.42,5,164.4,No
TC_1083,Female,39,0,Yes,No,9,Yes,No,DSL,Yes,No,No,No,No,Yes,One year,No,Mailed check,91.17,,10,33.7,No
TC_1084,Male,35,0,Yes,No,16,Yes,Yes,DSL,No,No,Yes,No,Yes,No,Month-to-month,Yes,Electronic check,87.07,1433.44,0,44.6,Yes
TC_1085,Female,61,0,Yes,Yes,63,No,No phone service,DSL,No,Yes,No,No,Yes,Yes,Month-to-month,No,Credit card,67.66,4619.8,9,84.8,No
TC_1086,Male,46,0,No,No,40,No,No phone service,DSL,Yes,No,No,Yes,Yes,Yes,One year,No,Bank transfer,65.41,2842.23,5,66.7,No
TC_1087,Male,43,0,Yes,Yes,2,Yes,Yes,DSL,No,No,Yes,No,No,No,Month-to-month,Yes,Credit card,55.75,103.13,0,113.4,No
TC_1088,Male,35,0,Yes,Yes,6,Yes,Yes,DSL,Yes,No,No,Yes,No,Yes,Month-to-month,Yes,Bank transfer,80.87,,3,111.3,Yes
TC_1089,Male,42,0,Yes,No,37,No,No phone service,Fiber optic,No,No,No,No,Yes,Yes,Two year,Yes,Mailed check,78.66,3128.25,2,214.3,No
TC_1090,Female,71,1,No,No,6,Yes,No,DSL,No,No,Yes,Yes,No,Yes,One year,Yes,Credit card,71.58,459.97,0,81.3,No
TC_1091,Male,36,0,No,No,45,Yes,No,Fiber optic,Yes,No,No,No,Yes,No,Two year,Yes,Credit card,88.15,4273.89,3,74.6,No
TC_1092,Male,36,0,Yes,Yes,2,No,No phone service,Fiber optic,Yes,No,Yes,No,Yes,Yes,Month-to-month,Yes,Electronic check,93.15,184.52,6,154.3,No
TC_1093,Female,28,0,No,Yes,12,Yes,No,Fiber optic,No,No,No,Yes,Yes,No,Month-to-month,Yes,Mailed check,95.32,1204.61,10,321.1,Yes
TC_1094,Male,37,0,Yes,Yes,69,Yes,No,Fiber optic,No,No,Yes,Yes,No,No,Two year,Yes,Mailed check,,6553.06,7,241.5,No
TC_1095,Male,32,0,Yes,No,,No,No phone service,Fiber optic,No,No,No,Yes,No,No,Month-to-month,Yes,Electronic check,73.66,483.28,1,130.6,No
TC_1096,Female,40,0,No,No,4,Yes,No,Fiber optic,Yes,Yes,Yes,No,Yes,No,One year,Yes,Bank transfer,120.0,512.64,8,155.4,No
TC_1097,Male,59,0,Yes,No,9,Yes,Yes,Fiber optic,Yes,No,Yes,No,Yes,Yes,Month-to-month,Yes,Bank transfer,109.73,911.48,7,67.8,Yes
TC_1098,Female,36,0,No,No,23,Yes,No,DSL,Yes,No,No,Yes,No,Yes,One year,No,Electronic check,91.99,2080.62,10,70.2,No
TC_1099,Male,39,0,No,No,42,Yes,No,DSL,Yes,Yes,No,Yes,Yes,No,One year,Yes,Mailed check,100.54,4042.22,12,30.7,No
TC_1100,Female,43,0,Yes,No,5,Yes,Yes,Fiber optic,Yes,Yes,Yes,No,No,No,Month-to-month,Yes,Electronic check,109.77,595.91,11,198.5,Yes
TC_1101,Male,57,0,No,No,9,Yes,Yes,Fiber optic,Yes,No,No,No,No,Yes,Month-to-month,Yes,Bank transfer,91.13,781.19,5,207.2,Yes
TC_1102,Male,39,0,Yes,Yes,65,Yes,Yes,No,No internet service,No internet service,No internet service,No internet service,No internet service,No internet service,One year,No,Bank transfer,20.0,1424.53,6,0.0,No
TC_1103,Male,52,0,Yes,No,6,Yes,No,DSL,No,No,No,No,Yes,No,Month-to-month,No,Mailed check,,463.68,,79.3,Yes
TC_1104,Female,54,0,Yes,No,66,Yes,Yes,No,No internet service,No internet service,No internet service,No internet service,No internet service,No internet service,Two year,No,Mailed check,20.0,1288.61,9,0.0,No
TC_1105,Male,30,0,Yes,No,38,Yes,No,Fiber optic,No,No,Yes,No,Yes,No,Month-to-month,No,Bank transfer,107.01,3977.81,5,231.1,No
TC_1106,Male,42,0,Yes,No,6,Yes,No,DSL,Yes,No,No,No,No,Yes,Month-to-month,No,Electronic check,87.96,502.12,2,75.4,Yes
TC_1107,Female,39,0,Yes,No,20,Yes,No,DSL,No,No,No,Yes,No,Yes,Month-to-month,No,Mailed check,81.78,1585.56,3,112.5,No
TC_1108,Female,44,0,Yes,No,59,Yes,No,Fiber optic,No,Yes,No,Yes,No,Yes,One year,Yes,Credit card,104.42,5839.78,1,155.9,No
TC_1109,Female,44,0,No,No,8,Yes,Yes,DSL,No,No,No,Yes,Yes,Yes,Two year,No,Mailed check,79.44,680.16,8,77.5,No
TC_1110,Male,33,0,No,No,10,Yes,No,DSL,Yes,Yes,Yes,No,No,Yes,Month-to-month,Yes,Mailed check,102.31,1097.58,0,10.1,No
TC_1111,Female,45,0,Yes,No,0,No,No phone service,Fiber optic,Yes,No,No,No,No,No,Two year,Yes,Bank transfer,75.16,,0,206.7,No
TC_1112,Female,38,0,Yes,No,3,Yes,Yes,DSL,Yes,Yes,No,Yes,Yes,No,Month-to-month,Yes,Mailed check,98.77,310.77,4,97.7,No
TC_1113,Male,45,0,Yes,No,63,Yes,Yes,DSL,Yes,Yes,No,Yes,Yes,Yes,One year,Yes,Bank transfer,92.03,6329.71,0,101.9,No
TC_1114,Female,45,0,No,No,6,Yes,Yes,DSL,No,No,No,No,No,Yes,Month-to-month,No,Credit card,66.59,420.61,3,81.8,No
TC_1115,Male,22,0,Yes,No,7,No,No phone service,DSL,No,Yes,No,Yes,No,Yes,Month-to-month,Yes,Bank transfer,73.71,541.5,2,83.4,No
TC_1116,Female,49,0,Yes,No,37,Yes,Yes,DSL,No,No,No,Yes,Yes,No,Two year,No,Electronic check,,,8,49.0,No
TC_1117,Male,32,0,No,No,26,Yes,No,Fiber optic,No,Yes,No,No,Yes,No,Two year,Yes,Mailed check,109.3,3062.82,2,271.0,No
TC_1118,Male,45,0,Yes,No,5,Yes,Yes,DSL,No,No,No,No,No,No,Month-to-month,No,Mailed check,65.82,310.06,7,106.3,Yes
TC_1119,Female,40,0,Yes,No,52,Yes,Yes,No,No internet service,No internet service,No internet service,No internet service,No internet service,No internet service,One year,Yes,Electronic check,20.0,1043.24,7,0.0,No
TC_1120,Female,40,0,Yes,No,3,Yes,Yes,No,No internet service,No internet service,No internet service,No internet service,No internet service,No internet service,Month-to-month,Yes,Mailed check,20.0,57.56,2,0.0,No
TC_1121,Male,26,0,No,No,26,Yes,No,Fiber optic,No,No,Yes,No,No,No,One year,Yes,Mailed check,101.0,2372.27,5,338.9,No
TC_1122,Male,32,0,No,No,3,Yes,No,DSL,No,No,Yes,Yes,No,Yes,Month-to-month,Yes,Mailed check,96.61,312.95,1,141.0,No
TC_1123,Male,33,0,Yes,No,55,Yes,No,No,No internet service,No internet service,No internet service,No internet service,No internet service,No internet service,Two year,Yes,Electronic check,20.0,1199.65,0,0.0,Yes
TC_1124,Female,36,0,No,No,,Yes,Yes,Fiber optic,No,Yes,No,No,Yes,Yes,Month-to-month,No,Electronic check,110.97,3670.26,10,436.3,Yes
TC_1125,Female,52,0,Yes,No,25,Yes,No,DSL,Yes,No,No,No,No,No,One year,Yes,Bank transfer,62.27,1618.13,0,117.0,No
TC_1126,Male,47,0,No,No,35,Yes,No,DSL,No,No,No,No,No,Yes,Two year,Yes,Electronic check,72.33,2673.15,0,71.0,Yes
TC_1127,Male,61,0,Yes,No,8,Yes,Yes,DSL,No,No,Yes,No,No,Yes,Two year,Yes,Credit card,82.54,602.3,12,105.7,No
TC_1128,Male,26,0,Yes,No,22,Yes,No,No,No internet service,No internet service,No internet service,No internet service,No internet service,No internet service,Month-to-month,Yes,Mailed check,20.0,444.33,1,0.0,No
TC_1129,Female,57,0,Yes,No,5,No,No phone service,DSL,No,Yes,No,Yes,No,No,Month-to-month,Yes,Bank transfer,56.35,268.04,9,119.4,Yes
TC_1130,Female,49,0,Yes,No,2,Yes,No,No,No internet service,No internet service,No internet service,No internet service,No internet service,No internet service,One year,Yes,Electronic check,20.0,41.76,2,0.0,No
TC_1131,Female,28,0,No,No,2,No,No phone service,DSL,No,No,No,No,Yes,No,Month-to-month,Yes,Electronic check,57.31,120.97,11,69.9,Yes
TC_1132,Male,32,0,No,No,44,Yes,Yes,Fiber optic,No,Yes,No,No,No,No,One year,Yes,Credit card,90.93,3679.46,1,269.1,No
TC_1133,Male,34,0,No,No,51,Yes,No,Fiber optic,Yes,No,No,No,No,No,Two year,Yes,Bank transfer,95.85,5282.33,0,244.2,No
TC_1134,Female,24,0,Yes,No,22,No,No phone service,DSL,No,No,Yes,No,No,Yes,Month-to-month,No,Electronic check,59.84,1377.53,0,42.9,Yes
TC_1135,Female,29,0,Yes,No,71,No,No phone service,Fiber optic,Yes,Yes,No,No,No,Yes,One year,Yes,Credit card,79.34,5702.76,2,277.7,No
TC_1136,Male,66,1,Yes,No,1,No,No phone service,Fiber optic,No,No,No,No,No,Yes,Month-to-month,Yes,Mailed check,54.44,55.27,4,240.9,Yes
TC_1137,Male,46,0,No,No,65,Yes,No,No,No internet service,No internet service,No internet service,No internet service,No internet service,No internet service,One year,Yes,Electronic check,20.0,1183.82,1,0.0,No
TC_1138,Female,43,0,Yes,No,55,Yes,No,No,No internet service,No internet service,No internet service,No internet service,No internet service,No internet service,Month-to-month,Yes,Electronic check,20.0,1152.14,5,0.0,Yes
TC_1139,Female,36,0,No,Yes,4,No,No phone service,Fiber optic,Yes,No,Yes,No,Yes,No,One year,Yes,Credit card,84.82,313.71,4,297.8,No
TC_1140,Female,28,0,Yes,No,12,Yes,Yes,DSL,No,Yes,Yes,Yes,Yes,Yes,Month-to-month,Yes,Electronic check,95.98,1107.29,6,122.5,No
TC_1141,Female,58,0,No,No,59,Yes,Yes,DSL,No,No,No,Yes,No,Yes,One year,Yes,Mailed check,89.13,5692.36,6,122.1,No
TC_1142,Male,37,0,No,Yes,30,Yes,No,No,No internet service,No internet service,No internet service,No internet service,No internet service,No internet service,Two year,Yes,Bank transfer,20.0,628.11,0,0.0,No
TC_1143,Male,50,0,Yes,No,44,Yes,Yes,DSL,No,No,Yes,No,Yes,Yes,Month-to-month,No,Electronic check,85.15,3887.26,0,58.7,No
TC_1144,Male,59,0,No,No,14,Yes,No,DSL,Yes,No,No,No,No,No,Two year,Yes,Bank transfer,74.55,952.4,1,155.3,No
TC_1145,Male,57,0,Yes,Yes,0,Yes,No,No,No internet service,No internet service,No internet service,No internet service,No internet service,No internet service,Two year,Yes,Credit card,20.0,,11,0.0,No
TC_1146,Female,47,0,Yes,Yes,7,Yes,No,Fiber optic,No,Yes,Yes,Yes,Yes,Yes,Month-to-month,No,Credit card,120.0,792.82,1,130.7,Yes
TC_1147,Female,33,0,No,No,39,Yes,No,No,No internet service,No internet service,No internet service,No internet service,No internet service,No internet service,Two year,Yes,Mailed check,20.0,709.05,6,0.0,No
TC_1148,Male,53,0,Yes,No,,Yes,Yes,Fiber optic,Yes,No,No,Yes,No,Yes,Two year,No,Mailed check,113.19,,5,219.2,No
TC_1149,Male,21,0,Yes,Yes,,Yes,No,No,No internet service,No internet service,No internet service,No internet service,No internet service,No internet service,Month-to-month,Yes,Mailed check,20.0,,8,0.0,No
TC_1150,Female,34,0,Yes,Yes,53,No,No phone service,Fiber optic,Yes,No,No,No,No,No,Two year,Yes,Mailed check,70.57,3939.43,3,98.5,No
TC_1151,Male,35,0,No,No,1,Yes,No,Fiber optic,No,No,No,No,No,No,Month-to-month,Yes,Credit card,67.56,62.26,2,168.7,Yes
TC_1152,Female,28,0,No,No,1,Yes,No,No,No internet service,No internet service,No internet service,No internet service,No internet service,No internet service,Month-to-month,Yes,Mailed check,20.0,21.63,4,0.0,No
TC_1153,Male,42,0,No,No,69,Yes,No,No,No internet service,No internet service,No internet service,No internet service,No internet service,No internet service,One year,Yes,Electronic check,20.0,1327.5,1,0.0,Yes
TC_1154,Male,30,0,Yes,No,0,Yes,No,DSL,No,Yes,Yes,No,Yes,No,Month-to-month,No,Bank transfer,75.67,,1,39.7,No
TC_1155,Female,38,0,No,No,47,Yes,No,Fiber optic,No,No,No,No,No,No,One year,No,Credit card,76.03,3734.69,5,409.5,No
TC_1156,Male,44,0,Yes,No,66,Yes,Yes,Fiber optic,Yes,Yes,No,No,No,No,Two year,No,Credit card,93.2,6271.71,2,216.1,No
TC_1157,Female,52,0,Yes,No,2,Yes,Yes,Fiber optic,Yes,Yes,No,No,No,No,Month-to-month,Yes,Mailed check,103.76,218.85,0,246.5,Yes
TC_1158,Female,36,0,No,No,43,Yes,Yes,Fiber optic,No,No,No,No,Yes,Yes,Two year,No,Credit card,100.17,4278.4,2,259.8,No
TC_1159,Female,39,0,Yes,No,5,Yes,Yes,DSL,No,No,No,Yes,No,No,Month-to-month,No,Bank transfer,,289.01,5,86.7,Yes
TC_1160,Male,21,0,Yes,No,48,Yes,Yes,Fiber optic,No,No,Yes,No,No,No,Month-to-month,Yes,Bank transfer,94.26,4180.0,3,97.7,No
TC_1161,Male,31,0,Yes,No,57,Yes,No,DSL,No,No,No,Yes,Yes,No,Two year,No,Credit card,82.76,4571.34,3,56.7,No
TC_1162,Male,58,0,Yes,No,59,Yes,Yes,Fiber optic,No,No,No,No,Yes,Yes,Month-to-month,Yes,Credit card,99.92,5530.07,0,292.1,No
TC_1163,Female,60,0,Yes,No,5,Yes,Yes,DSL,No,No,Yes,Yes,Yes,Yes,Month-to-month,No,Mailed check,101.65,549.56,3,155.1,Yes
TC_1164,Male,31,0,No,No,6,Yes,Yes,Fiber optic,No,No,No,No,No,Yes,One year,Yes,Bank transfer,79.36,,15,184.7,No
TC_1165,Male,40,0,Yes,No,63,Yes,No,Fiber optic,No,No,No,Yes,Yes,Yes,One year,No,Credit card,118.26,7032.3,7,292.5,No
TC_1166,Female,57,0,No,No,6,No,No phone service,DSL,No,No,No,No,Yes,No,Month-to-month,Yes,Mailed check,51.93,321.35,13,146.6,Yes
TC_1167,Male,35,0,No,No,65,Yes,No,No,No internet service,No internet service,No internet service,No internet service,No internet service,No internet service,Two year,Yes,Credit card,20.0,1211.05,7,0.0,No
TC_1168,Male,44,0,Yes,No,24,Yes,No,DSL,Yes,No,No,Yes,Yes,No,Month-to-month,Yes,Mailed check,94.37,,9,134.8,No
TC_1169,Male,57,0,No,No,22,Yes,No,DSL,Yes,Yes,No,No,No,Yes,One year,Yes,Credit card,91.25,,2,68.4,Yes
TC_1170,Male,19,0,No,No,47,Yes,No,Fiber optic,No,Yes,Yes,Yes,Yes,No,Two year,No,Electronic check,103.83,4761.0,2,243.8,No
TC_1171,Female,54,0,No,No,64,Yes,No,No,No internet service,No internet service,No internet service,No internet service,No internet service,No internet service,One year,Yes,Credit card,20.0,1368.75,2,0.0,No
TC_1172,Male,44,0,Yes,Yes,48,Yes,No,Fiber optic,No,No,No,No,No,Yes,Month-to-month,No,Credit card,75.72,3323.66,3,390.5,Yes
TC_1173,Female,34,0,Yes,No,3,Yes,No,DSL,No,Yes,No,No,No,Yes,Month-to-month,Yes,Electronic check,89.91,284.79,6,54.7,No
TC_1174,Male,46,0,Yes,No,2,Yes,Yes,DSL,No,No,No,No,Yes,Yes,Month-to-month,Yes,Electronic check,71.05,138.34,4,126.8,No
TC_1175,Male,56,0,Yes,Yes,25,Yes,Yes,Fiber optic,Yes,No,No,No,No,Yes,Month-to-month,No,Bank transfer,87.7,2284.66,3,249.7,Yes
TC_1176,Male,28,0,Yes,Yes,30,Yes,Yes,DSL,No,No,No,No,No,Yes,Two year,Yes,Electronic check,67.13,1945.92,4,72.2,No
TC_1177,Female,30,0,No,No,2,Yes,No,Fiber optic,No,No,No,No,Yes,No,Month-to-month,No,Electronic check,79.34,160.48,2,419.5,Yes
TC_1178,Male,35,0,Yes,No,30,No,No phone service,Fiber optic,No,Yes,No,No,Yes,No,One year,Yes,Electronic check,72.58,2340.43,1,86.2,No
TC_1179,Female,43,0,Yes,No,2,Yes,No,No,No internet service,No internet service,No internet service,No internet service,No internet service,No internet service,Month-to-month,Yes,Bank transfer,20.0,43.83,8,0.0,No
TC_1180,Female,43,0,No,No,33,Yes,Yes,No,No internet service,No internet service,No internet service,No internet service,No internet service,No internet service,One year,No,Electronic check,20.0,704.47,0,0.0,Yes
TC_1181,Male,59,0,No,No,64,Yes,No,Fiber optic,No,Yes,No,No,No,No,One year,No,Electronic check,86.6,5909.24,4,195.4,No
TC_1182,Male,57,0,No,No,18,Yes,Yes,No,No internet service,No internet service,No internet service,No internet service,No internet service,No internet service,One year,No,Credit card,20.0,365.41,1,0.0,No
TC_1183,Male,39,0,Yes,Yes,69,Yes,No,DSL,Yes,No,Yes,No,No,Yes,One year,Yes,Credit card,83.84,5419.49,2,42.1,No
TC_1184,Male,25,0,Yes,No,38,Yes,No,Fiber optic,No,Yes,Yes,No,No,No,One year,No,Electronic check,105.11,4157.39,6,302.0,Yes
TC_1185,Female,53,0,No,No,59,Yes,No,Fiber optic,Yes,No,Yes,No,No,Yes,Two year,Yes,Bank transfer,99.78,6286.48,10,395.8,No
TC_1186,Female,38,0,Yes,Yes,53,Yes,No,DSL,Yes,No,No,Yes,Yes,No,One year,No,Electronic check,84.01,4488.9,6,94.7,No
TC_1187,Male,38,0,No,No,47,Yes,Yes,Fiber optic,Yes,No,No,No,Yes,Yes,Two year,Yes,Credit card,99.13,4319.4,,104.2,No
TC_1188,Female,72,1,No,No,8,Yes,No,DSL,No,Yes,Yes,Yes,Yes,No,Month-to-month,No,Credit card,78.0,635.07,0,94.9,Yes
TC_1189,Male,40,0,Yes,Yes,1,Yes,Yes,No,No internet service,No internet service,No internet service,No internet service,No internet service,No internet service,Month-to-month,Yes,Bank transfer,20.0,20.68,9,0.0,No
TC_1190,Male,47,0,No,No,25,Yes,Yes,DSL,No,Yes,No,No,Yes,No,One year,Yes,Mailed check,76.88,1786.09,0,107.4,No
TC_1191,Male,25,0,No,No,39,Yes,Yes,No,No internet service,No internet service,No internet service,No internet service,No internet service,No internet service,Month-to-month,Yes,Electronic check,20.0,708.99,1,0.0,No
TC_1192,Female,46,0,Yes,No,27,Yes,Yes,DSL,No,No,No,Yes,Yes,No,One year,Yes,Credit card,81.67,2132.59,2,84.9,No
TC_1193,Male,58,0,Yes,No,43,Yes,Yes,Fiber optic,No,Yes,No,No,No,No,One year,No,Electronic check,83.96,3730.85,8,223.0,No
TC_1194,Male,58,0,No,No,3,Yes,No,DSL,Yes,No,Yes,Yes,No,No,Month-to-month,Yes,Electronic check,101.52,328.96,1,81.0,Yes
TC_1195,Female,38,0,Yes,No,20,No,No phone service,Fiber optic,No,No,No,No,Yes,No,One year,Yes,Electronic check,69.8,1445.15,2,159.5,No
TC_1196,Female,52,0,No,No,8,Yes,Yes,Fiber optic,No,No,No,Yes,No,Yes,Month-to-month,Yes,Electronic check,87.45,709.24,,86.3,No
TC_1197,Female,38,0,Yes,No,5,Yes,Yes,Fiber optic,No,Yes,No,No,No,No,One year,Yes,Credit card,85.45,401.64,13,296.4,No
TC_1198,Male,55,0,Yes,No,1,Yes,Yes,DSL,No,Yes,Yes,No,No,No,Month-to-month,Yes,Credit card,83.52,81.03,1,69.8,No
TC_1199,Female,55,0,No,No,4,Yes,No,No,No internet service,No internet service,No internet service,No internet service,No internet service,No internet service,Month-to-month,Yes,Electronic check,20.0,79.76,11,0.0,Yes
TC_1200,Male,48,0,Yes,No,1,Yes,No,Fiber optic,Yes,No,No,No,No,No,Month-to-month,Yes,Bank transfer,79.31,74.14,5,210.9,Yes
TC_1201,Male,33,0,No,No,29,Yes,No,Fiber optic,Yes,No,Yes,Yes,Yes,Yes,Two year,Yes,Credit card,108.02,3023.26,2,131.9,No
TC_1202,Female,32,0,No,No,57,Yes,No,Fiber optic,No,Yes,Yes,No,No,Yes,Two year,No,Credit card,110.22,6507.51,10,267.2,No
TC_1203,Female,38,0,No,No,56,Yes,No,DSL,Yes,Yes,No,Yes,Yes,Yes,One year,Yes,Credit card,120.0,7230.36,0,89.4,No
TC_1204,Male,39,0,No,No,58,No,No phone service,DSL,No,No,No,Yes,No,Yes,Two year,Yes,Bank transfer,63.45,3809.71,5,69.7,No
TC_1205,Female,44,0,No,No,19,No,No phone service,Fiber optic,No,Yes,No,Yes,Yes,Yes,One year,No,Credit card,79.33,1454.89,1,212.1,No
TC_1206,Male,40,0,Yes,No,3,Yes,No,Fiber optic,Yes,No,No,No,No,Yes,Month-to-month,No,Electronic check,92.92,280.4,4,341.6,No
TC_1207,Male,42,0,No,No,58,Yes,Yes,Fiber optic,Yes,No,No,No,No,Yes,One year,Yes,Credit card,98.42,5896.86,,264.0,No
TC_1208,Male,35,0,Yes,No,8,No,No phone service,DSL,Yes,No,Yes,Yes,No,No,One year,Yes,Mailed check,60.96,,4,62.5,No
TC_1209,Female,49,0,Yes,No,69,Yes,Yes,DSL,Yes,No,No,Yes,Yes,No,Two year,Yes,Mailed check,86.6,5879.74,4,87.8,No
TC_1210,Female,60,0,Yes,No,60,Yes,No,No,No internet service,No internet service,No internet service,No internet service,No internet service,No internet service,One year,No,Credit card,20.0,1130.62,1,0.0,No
TC_1211,Female,43,0,Yes,No,3,Yes,Yes,No,No internet service,No internet service,No internet service,No internet service,No internet service,No internet service,Month-to-month,Yes,Credit card,20.0,64.48,1,0.0,No
TC_1212,Female,32,0,No,No,62,Yes,Yes,DSL,Yes,Yes,Yes,No,Yes,No,Two year,Yes,Bank transfer,120.0,6917.93,0,104.4,No
TC_1213,Male,42,0,No,No,53,No,No phone service,Fiber optic,Yes,No,No,No,No,No,Two year,Yes,Mailed check,73.21,4003.13,4,280.8,No
TC_1214,Male,38,0,Yes,No,24,Yes,No,Fiber optic,No,No,No,No,Yes,No,Two year,Yes,Electronic check,72.27,1599.99,0,257.7,No
TC_1215,Female,51,0,Yes,No,65,Yes,Yes,No,No internet service,No internet service,No internet service,No internet service,No internet service,No internet service,Month-to-month,No,Credit card,20.0,1395.67,2,0.0,No
TC_1216,Female,50,0,No,No,58,Yes,No,DSL,Yes,No,No,Yes,No,No,One year,Yes,Credit card,79.92,,12,114.3,No
TC_1217,Male,55,0,No,No,6,Yes,No,Fiber optic,Yes,Yes,No,Yes,No,Yes,One year,Yes,Credit card,120.0,781.66,10,48.8,No
TC_1218,Female,25,0,No,No,2,Yes,Yes,Fiber optic,No,No,Yes,Yes,No,No,Month-to-month,Yes,Electronic check,105.12,223.25,5,296.6,Yes
TC_1219,Female,31,0,No,No,25,No,No phone service,Fiber optic,Yes,No,Yes,No,No,Yes,Month-to-month,No,Bank transfer,102.92,2347.57,11,120.9,Yes
TC_1220,Male,49,0,Yes,No,37,Yes,No,No,No internet service,No internet service,No internet service,No internet service,No internet service,No internet service,Two year,No,Mailed check,20.0,758.08,5,0.0,No
TC_1221,Female,78,1,No,No,6,Yes,Yes,Fiber optic,No,Yes,No,Yes,No,No,Two year,No,Bank transfer,90.44,512.68,6,372.5,No
TC_1222,Male,57,0,No,No,52,Yes,Yes,DSL,No,No,No,No,No,Yes,Month-to-month,No,Bank transfer,61.33,3315.31,2,175.7,Yes
TC_1223,Female,73,1,No,No,58,Yes,Yes,DSL,No,No,No,Yes,No,No,One year,No,Bank transfer,64.25,3666.33,1,101.9,No
TC_1224,Male,38,0,Yes,Yes,19,Yes,Yes,No,No internet service,No internet service,No internet service,No internet service,No internet service,No internet service,Month-to-month,No,Bank transfer,20.0,409.67,5,0.0,No
TC_1225,Female,48,0,No,No,59,Yes,No,Fiber optic,No,No,No,Yes,Yes,No,Two year,No,Bank transfer,82.29,4472.13,3,127.2,No
TC_1226,Female,57,0,Yes,No,8,Yes,No,Fiber optic,No,No,No,Yes,No,No,One year,Yes,Credit card,91.53,710.84,14,83.2,Yes
TC_1227,Male,63,0,Yes,Yes,6,Yes,No,DSL,No,Yes,No,No,Yes,No,Month-to-month,Yes,Mailed check,92.2,569.55,6,73.6,No
TC_1228,Male,42,0,Yes,No,69,Yes,No,No,No internet service,No internet service,No internet service,No internet service,No internet service,No internet service,Month-to-month,Yes,Credit card,20.0,1338.05,2,0.0,Yes
TC_1229,Male,48,0,Yes,No,50,Yes,No,Fiber optic,No,Yes,No,Yes,No,No,Month-to-month,No,Bank transfer,93.55,4211.81,1,289.2,No
TC_1230,Female,42,0,Yes,No,62,No,No phone service,No,No internet service,No internet service,No internet service,No internet service,No internet service,No internet service,Two year,No,Mailed check,22.51,1397.65,2,0.0,No
TC_1231,Male,28,0,No,No,51,No,No phone service,Fiber optic,Yes,No,Yes,Yes,Yes,Yes,One year,Yes,Credit card,103.92,4874.27,8,97.5,No
TC_1232,Male,36,0,No,No,39,Yes,Yes,Fiber optic,Yes,No,No,Yes,Yes,Yes,Month-to-month,Yes,Bank transfer,112.05,4720.87,1,229.4,No
TC_1233,Female,42,0,Yes,Yes,50,Yes,Yes,Fiber optic,No,No,No,Yes,No,Yes,One year,Yes,Bank transfer,109.78,5942.86,1,406.4,No
TC_1234,Male,52,0,Yes,No,9,Yes,No,Fiber optic,No,Yes,Yes,No,No,No,Two year,No,Credit card,85.67,845.8,5,241.3,No
TC_1235,Female,35,0,Yes,No,53,Yes,No,No,No internet service,No internet service,No internet service,No internet service,No internet service,No internet service,One year,No,Electronic check,20.0,1124.91,8,0.0,No
TC_1236,Male,60,0,Yes,No,63,Yes,No,DSL,No,No,No,Yes,Yes,Yes,Two year,No,Bank transfer,80.24,4570.19,2,67.9,No
TC_1237,Male,60,0,Yes,No,60,Yes,No,DSL,No,Yes,No,No,Yes,No,Month-to-month,Yes,Credit card,83.02,5353.84,10,57.6,Yes
TC_1238,Male,32,0,Yes,No,72,Yes,No,DSL,Yes,No,No,No,No,Yes,Month-to-month,Yes,Credit card,88.28,6190.97,3,48.0,No
TC_1239,Male,54,0,Yes,No,3,No,No phone service,DSL,No,No,No,No,No,No,Two year,No,Credit card,37.8,118.26,8,98.4,No
TC_1240,Male,51,0,No,No,2,Yes,No,Fiber optic,No,Yes,No,No,No,No,Month-to-month,Yes,Electronic check,90.1,196.38,6,271.3,Yes
TC_1241,Male,50,0,Yes,No,63,Yes,No,No,No internet service,No internet service,No internet service,No internet service,No internet service,No internet service,Month-to-month,Yes,Credit card,20.0,1184.12,4,0.0,No
TC_1242,Female,49,0,Yes,No,58,Yes,Yes,Fiber optic,No,Yes,Yes,No,No,Yes,Month-to-month,No,Credit card,98.97,6129.41,7,391.4,No
TC_1243,Male,47,0,No,No,34,Yes,No,Fiber optic,No,No,Yes,Yes,Yes,Yes,One year,No,Bank transfer,120.0,3867.66,1,111.0,Yes
TC_1244,Male,44,0,No,No,2,Yes,No,DSL,Yes,No,Yes,No,Yes,No,One year,Yes,Mailed check,88.09,164.63,0,87.4,No
TC_1245,Male,32,0,Yes,Yes,62,Yes,No,DSL,No,No,No,No,Yes,Yes,Two year,Yes,Credit card,82.05,5567.36,0,87.5,No
TC_1246,Male,29,0,No,No,8,Yes,Yes,DSL,No,Yes,Yes,Yes,No,No,One year,Yes,Mailed check,96.64,739.05,2,44.2,No
TC_1247,Female,30,0,Yes,No,56,Yes,No,DSL,Yes,No,No,No,Yes,Yes,One year,Yes,Mailed check,85.71,4747.37,1,31.6,No
TC_1248,Male,29,0,Yes,Yes,43,Yes,No,No,No internet service,No internet service,No internet service,No internet service,No internet service,No internet service,Month-to-month,No,Electronic check,20.0,804.07,0,0.0,No
TC_1249,Female,31,0,No,No,65,Yes,No,DSL,No,Yes,No,No,No,Yes,Two year,Yes,Bank transfer,83.05,5830.1,,82.9,No
TC_1250,Female,37,0,Yes,No,3,Yes,No,No,No internet service,No internet service,No internet service,No internet service,No internet service,No internet service,Month-to-month,Yes,Electronic check,20.0,62.52,1,0.0,Yes
TC_1251,Male,54,0,Yes,Yes,29,Yes,Yes,DSL,Yes,No,Yes,No,No,Yes,Two year,No,Bank transfer,102.16,3255.02,7,152.4,No
TC_1252,Female,38,0,No,No,47,Yes,No,No,No internet service,No internet service,No internet service,No internet service,No internet service,No internet service,Two year,Yes,Bank transfer,20.0,905.29,0,0.0,No
TC_1253,Male,58,0,Yes,No,4,Yes,Yes,DSL,No,Yes,Yes,No,Yes,No,One year,Yes,Electronic check,95.73,382.87,1,130.9,No
TC_1254,Male,49,0,No,No,2,Yes,Yes,DSL,Yes,No,Yes,No,No,Yes,Month-to-month,No,Electronic check,89.85,172.56,0,138.0,Yes
TC_1255,Male,43,0,No,No,50,Yes,Yes,No,No internet service,No internet service,No internet service,No internet service,No internet service,No internet service,One year,Yes,Bank transfer,20.0,1022.08,7,0.0,No
TC_1256,Female,55,0,Yes,No,25,No,No phone service,No,No internet service,No internet service,No internet service,No internet service,No internet service,No internet service,Two year,Yes,Bank transfer,21.32,508.05,1,0.0,No
TC_1257,Female,61,0,No,Yes,22,No,No phone service,Fiber optic,No,Yes,No,No,Yes,No,Month-to-month,Yes,Mailed check,67.39,1394.98,4,410.2,No
TC_1258,Male,45,0,Yes,No,52,Yes,No,DSL,No,Yes,Yes,No,No,No,Month-to-month,No,Electronic check,77.53,3812.98,5,51.9,Yes
TC_1259,Male,54,0,Yes,No,60,Yes,No,DSL,No,No,No,No,No,No,Month-to-month,No,Electronic check,60.38,3822.98,7,64.1,No
TC_1260,Male,44,0,No,No,12,Yes,Yes,DSL,Yes,No,No,Yes,No,No,Month-to-month,Yes,Mailed check,80.54,961.62,4,63.2,No
TC_1261,Female,22,0,Yes,No,14,Yes,No,No,No internet service,No internet service,No internet service,No internet service,No internet service,No internet service,One year,Yes,Mailed check,20.0,266.5,3,0.0,No
TC_1262,Female,57,0,Yes,No,2,Yes,No,Fiber optic,Yes,No,No,No,No,No,Month-to-month,No,Electronic check,92.71,181.86,8,382.8,Yes
TC_1263,Female,63,0,No,No,27,Yes,No,Fiber optic,Yes,No,No,Yes,Yes,No,One year,Yes,Bank transfer,95.15,2627.08,10,203.5,No
TC_1264,Male,37,0,No,No,6,Yes,No,Fiber optic,No,No,Yes,No,No,No,Month-to-month,Yes,Bank transfer,76.74,427.1,0,349.6,No
TC_1265,Female,29,0,No,No,21,Yes,No,Fiber optic,Yes,No,No,Yes,Yes,No,One year,Yes,Mailed check,104.67,2184.46,5,216.0,No
TC_1266,Female,65,1,Yes,No,,Yes,No,DSL,No,No,No,Yes,No,No,Month-to-month,Yes,Electronic check,66.4,4600.18,3,87.0,No
TC_1267,Female,49,0,No,No,,No,No phone service,DSL,No,No,No,Yes,No,Yes,Month-to-month,Yes,Electronic check,56.99,853.94,2,60.3,Yes
TC_1268,Male,53,0,No,No,35,Yes,No,No,No internet service,No internet service,No internet service,No internet service,No internet service,No internet service,Month-to-month,Yes,Mailed check,20.0,742.87,6,0.0,No
TC_1269,Male,65,1,Yes,No,39,Yes,No,No,No internet service,No internet service,No internet service,No internet service,No internet service,No internet service,One year,Yes,Credit card,330.45,780.43,10,0.0,No
TC_1270,Female,44,0,No,No,,Yes,Yes,DSL,No,No,No,No,No,No,Two year,No,Bank transfer,68.41,4022.4,3,77.9,No
TC_1271,Female,45,0,No,No,10,Yes,No,DSL,No,No,No,No,Yes,Yes,Two year,Yes,Electronic check,78.74,715.66,3,115.1,No
TC_1272,Male,41,0,No,Yes,51,Yes,No,No,No internet service,No internet service,No internet service,No internet service,No internet service,No internet service,Two year,Yes,Credit card,20.0,1022.11,3,0.0,No
TC_1273,Male,42,0,No,No,68,No,No phone service,Fiber optic,Yes,No,No,No,No,Yes,One year,No,Credit card,83.55,5666.76,7,99.6,No
TC_1274,Female,28,0,No,No,67,Yes,No,Fiber optic,No,Yes,Yes,Yes,No,Yes,Two year,Yes,Credit card,112.52,7192.4,1,241.2,No
TC_1275,Male,59,0,Yes,No,65,Yes,No,Fiber optic,No,No,No,No,No,No,Two year,No,Bank transfer,73.93,4332.89,4,236.1,No
TC_1276,Male,31,0,Yes,No,69,Yes,No,Fiber optic,No,No,No,No,No,No,Month-to-month,Yes,Electronic check,75.32,4782.52,0,234.6,Yes
TC_1277,Female,35,0,No,No,55,Yes,No,No,No internet service,No internet service,No internet service,No internet service,No internet service,No internet service,Two year,No,Credit card,20.0,1006.17,6,0.0,Yes
TC_1278,Male,38,0,Yes,No,27,Yes,No,Fiber optic,No,No,Yes,No,No,Yes,Two year,No,Credit card,89.63,2273.52,2,124.0,No
TC_1279,Male,32,0,Yes,No,55,No,No phone service,DSL,No,Yes,No,No,Yes,No,One year,No,Credit card,66.86,4039.78,2,145.2,Yes
TC_1280,Male,35,0,Yes,Yes,66,Yes,No,DSL,No,No,No,No,No,Yes,One year,No,Credit card,66.69,4085.29,5,155.2,No
TC_1090,Male,37,0,No,No,25,No,No phone service,DSL,No,No,No,Yes,No,No,Two year,Yes,Credit card,38.8,900.38,7,94.5,No
TC_1282,Female,59,0,Yes,No,4,Yes,No,Fiber optic,No,Yes,Yes,Yes,No,No,One year,Yes,Mailed check,117.81,457.76,7,325.9,No
TC_1283,Male,28,0,No,No,8,Yes,No,No,No internet service,No internet service,No internet service,No internet service,No internet service,No internet service,One year,No,Electronic check,20.0,160.27,4,0.0,No
TC_1284,Male,34,0,Yes,No,6,Yes,No,DSL,Yes,Yes,No,No,Yes,Yes,Month-to-month,Yes,Electronic check,94.74,539.79,4,64.2,Yes
TC_1285,Female,43,0,No,No,68,Yes,No,No,No internet service,No internet service,No internet service,No internet service,No internet service,No internet service,One year,Yes,Electronic check,20.0,1250.38,6,0.0,No
TC_1286,Female,39,0,Yes,No,11,Yes,No,Fiber optic,No,Yes,No,No,No,Yes,Month-to-month,Yes,Mailed check,96.76,1079.93,0,163.7,Yes
TC_1287,Female,61,0,No,No,60,Yes,No,Fiber optic,No,Yes,Yes,No,No,Yes,Two year,No,Electronic check,112.53,6504.73,2,376.7,No
TC_1288,Male,76,1,Yes,Yes,66,Yes,Yes,DSL,Yes,Yes,No,No,Yes,No,One year,No,Credit card,89.17,6313.9,9,42.2,No
TC_1289,Female,43,0,No,No,42,Yes,No,Fiber optic,No,Yes,No,No,No,Yes,One year,Yes,Electronic check,95.73,3928.34,5,361.6,No
TC_1290,Male,63,0,No,No,5,Yes,Yes,DSL,Yes,No,No,No,No,Yes,Month-to-month,No,Mailed check,83.49,421.45,6,30.7,Yes
TC_1291,Male,42,0,No,No,38,Yes,Yes,Fiber optic,Yes,No,No,Yes,No,Yes,Month-to-month,Yes,Credit card,92.38,3543.22,4,188.0,No
TC_1292,Female,51,0,Yes,No,8,Yes,No,No,No internet service,No internet service,No internet service,No internet service,No internet service,No internet service,Two year,No,Bank transfer,20.0,151.08,14,0.0,No
TC_1293,Female,32,0,No,No,39,Yes,No,Fiber optic,No,No,Yes,No,No,Yes,Two year,Yes,Bank transfer,101.55,3891.45,0,99.5,No
TC_1294,Male,24,0,Yes,No,5,Yes,No,No,No internet service,No internet service,No internet service,No internet service,No internet service,No internet service,Month-to-month,Yes,Credit card,20.0,95.86,1,0.0,Yes
TC_1295,Female,48,0,No,No,27,Yes,No,Fiber optic,Yes,No,No,No,Yes,No,One year,Yes,Bank transfer,94.64,2709.61,7,335.8,No
TC_1296,Female,66,1,Yes,No,8,Yes,Yes,Fiber optic,No,No,Yes,No,No,No,One year,Yes,Credit card,85.3,678.05,11,133.7,No
TC_1297,Female,33,0,Yes,No,2,Yes,No,No,No internet service,No internet service,No internet service,No internet service,No internet service,No internet service,Month-to-month,No,Electronic check,,39.8,0,0.0,Yes
TC_1298,Male,44,0,Yes,Yes,58,Yes,No,Fiber optic,No,No,No,Yes,Yes,No,Two year,Yes,Credit card,99.25,5637.31,2,345.3,No
TC_1299,Male,51,0,Yes,Yes,7,Yes,No,Fiber optic,Yes,Yes,Yes,No,Yes,Yes,One year,Yes,Mailed check,119.87,835.0,4,259.6,No
TC_1300,Male,27,0,No,No,2,Yes,Yes,No,No internet service,No internet service,No internet service,No internet service,No internet service,No internet service,Month-to-month,Yes,Mailed check,20.0,36.6,0,0.0,No
TC_1301,Male,55,0,Yes,Yes,55,Yes,Yes,DSL,No,Yes,No,No,No,Yes,Two year,Yes,Mailed check,80.1,4349.66,2,28.6,No
TC_1302,Female,40,0,Yes,No,59,Yes,No,DSL,No,Yes,Yes,No,Yes,No,Two year,Yes,Credit card,88.57,5469.16,1,108.3,No
TC_1303,Female,26,0,Yes,No,7,Yes,No,Fiber optic,No,Yes,No,No,Yes,Yes,Month-to-month,No,Electronic check,101.45,731.07,5,372.7,Yes
TC_1304,Male,39,0,No,No,15,Yes,Yes,Fiber optic,Yes,No,No,No,Yes,No,Month-to-month,No,Bank transfer,115.6,1670.52,0,183.8,Yes
TC_1305,Female,37,0,No,No,64,Yes,No,DSL,No,No,No,No,No,No,Month-to-month,No,Electronic check,63.45,,4,85.6,No
TC_1306,Female,46,0,No,Yes,7,Yes,No,DSL,No,No,No,Yes,Yes,No,One year,Yes,Mailed check,86.03,603.88,15,184.5,No
TC_1307,Female,31,0,No,Yes,9,Yes,No,Fiber optic,No,Yes,Yes,Yes,No,No,Month-to-month,Yes,Credit card,100.1,851.49,12,465.3,Yes
TC_1308,Male,48,0,Yes,No,52,Yes,Yes,DSL,No,No,Yes,No,No,Yes,One year,No,Credit card,78.87,4379.26,0,39.4,No
TC_1309,Male,36,0,Yes,No,49,No,No phone service,No,No internet service,No internet service,No internet service,No internet service,No internet service,No internet service,One year,Yes,Bank transfer,20.21,979.13,6,0.0,No
TC_1310,Male,28,0,No,No,40,Yes,No,DSL,No,No,Yes,Yes,No,Yes,Month-to-month,Yes,Mailed check,108.86,4708.48,0,145.1,Yes
TC_1311,Female,35,0,Yes,No,3,Yes,No,DSL,Yes,No,Yes,Yes,Yes,No,Month-to-month,No,Mailed check,90.62,,2,67.5,No
TC_1312,Male,37,0,Yes,No,5,Yes,No,Fiber optic,No,No,Yes,No,Yes,Yes,Two year,Yes,Credit card,120.0,581.13,0,211.0,No
TC_1313,Female,29,0,Yes,No,0,Yes,Yes,No,No internet service,No internet service,No internet service,No internet service,No internet service,No internet service,Month-to-month,No,Electronic check,20.0,,6,0.0,Yes
TC_1314,Female,30,0,Yes,No,2,Yes,Yes,No,No internet service,No internet service,No internet service,No internet service,No internet service,No internet service,Month-to-month,Yes,Electronic check,20.0,38.03,2,0.0,Yes
TC_1315,Female,71,1,Yes,No,20,Yes,No,DSL,No,Yes,No,No,No,Yes,Month-to-month,Yes,Credit card,80.08,1620.61,1,22.9,Yes
TC_1316,Male,41,0,Yes,No,4,Yes,No,No,No internet service,No internet service,No internet service,No internet service,No internet service,No internet service,Month-to-month,Yes,Electronic check,20.0,78.72,3,0.0,No
TC_1317,Female,56,0,No,Yes,4,Yes,No,Fiber optic,Yes,Yes,No,No,No,No,Month-to-month,No,Credit card,96.11,355.34,13,100.3,No
TC_1318,Female,28,0,No,Yes,9,Yes,No,No,No internet service,No internet service,No internet service,No internet service,No internet service,No internet service,Two year,Yes,Bank transfer,20.0,186.25,4,0.0,No
TC_1319,Female,29,0,Yes,No,4,Yes,Yes,DSL,No,Yes,No,Yes,No,No,Month-to-month,No,Mailed check,69.58,266.93,8,91.0,No
TC_1320,Male,46,0,Yes,No,8,Yes,No,No,No internet service,No internet service,No internet service,No internet service,No internet service,No internet service,Month-to-month,No,Electronic check,20.0,148.9,3,0.0,No
TC_1321,Male,49,0,Yes,No,10,Yes,No,Fiber optic,No,No,Yes,Yes,No,Yes,One year,No,Credit card,109.38,1128.23,1,188.8,No
TC_1322,Male,22,0,No,No,4,No,No phone service,DSL,Yes,No,Yes,Yes,Yes,Yes,One year,Yes,Credit card,100.08,434.04,8,187.4,No
TC_1323,Male,69,1,Yes,No,17,Yes,Yes,DSL,No,Yes,No,Yes,No,No,Month-to-month,Yes,Electronic check,,1414.78,2,56.4,No
TC_1324,Female,36,0,Yes,No,52,Yes,Yes,Fiber optic,No,No,Yes,No,Yes,No,Month-to-month,Yes,Mailed check,104.3,5700.3,0,111.1,Yes
TC_1325,Male,66,1,Yes,No,52,Yes,No,DSL,No,Yes,Yes,Yes,Yes,No,Month-to-month,No,Electronic check,105.69,5529.28,5,192.6,No
TC_1326,Male,39,0,Yes,Yes,64,Yes,Yes,DSL,Yes,No,No,No,No,No,Month-to-month,No,Credit card,61.25,3682.13,1,32.3,No
TC_1327,Male,33,0,No,No,28,Yes,Yes,No,No internet service,No internet service,No internet service,No internet service,No internet service,No internet service,Month-to-month,Yes,Bank transfer,20.0,598.3,0,0.0,Yes
TC_1328,Female,73,1,Yes,No,45,Yes,No,No,No internet service,No internet service,No internet service,No internet service,No internet service,No internet service,One year,No,Mailed check,20.0,922.83,8,0.0,No
TC_1329,Female,55,0,No,No,70,Yes,No,No,No internet service,No internet service,No internet service,No internet service,No internet service,No internet service,One year,No,Mailed check,20.0,1391.04,2,0.0,No
TC_1330,Female,53,0,No,No,64,Yes,No,Fiber optic,No,No,No,Yes,No,No,Month-to-month,Yes,Electronic check,95.37,5646.51,3,262.6,No
TC_1331,Male,33,0,Yes,Yes,9,Yes,No,Fiber optic,Yes,Yes,No,No,No,No,One year,No,Bank transfer,97.93,967.45,15,129.9,No
TC_1332,Female,70,1,Yes,No,2,Yes,No,Fiber optic,No,Yes,Yes,No,No,No,Month-to-month,No,Bank transfer,86.34,158.25,6,346.6,Yes
TC_1333,Male,42,0,Yes,No,30,Yes,Yes,DSL,Yes,No,No,No,No,No,Two year,Yes,Electronic check,84.66,2700.71,5,92.8,No
TC_1334,Male,35,0,Yes,No,59,Yes,No,Fiber optic,Yes,Yes,No,No,No,Yes,One year,Yes,Electronic check,111.76,6678.66,2,130.4,No
TC_1335,Male,25,0,No,No,29,Yes,Yes,DSL,Yes,No,No,No,No,Yes,Month-to-month,Yes,Credit card,84.6,2341.68,0,68.7,No
TC_1336,Male,46,0,No,No,6,Yes,Yes,Fiber optic,No,No,No,No,No,Yes,Month-to-month,Yes,Credit card,74.51,491.38,8,172.6,Yes
TC_1337,Female,33,0,No,No,2,Yes,Yes,Fiber optic,No,Yes,Yes,No,No,No,Month-to-month,Yes,Mailed check,96.84,201.55,6,164.4,Yes
TC_1338,Female,40,0,Yes,No,42,Yes,No,Fiber optic,No,No,Yes,No,Yes,Yes,Month-to-month,No,Electronic check,,4642.3,1,66.5,No
TC_1339,Female,61,0,Yes,No,55,Yes,Yes,DSL,No,Yes,Yes,No,No,No,One year,No,Mailed check,84.87,5032.89,1,68.9,Yes
TC_1340,Male,33,0,Yes,No,,Yes,Yes,No,No internet service,No internet service,No internet service,No internet service,No internet service,No internet service,Month-to-month,Yes,Credit card,,57.28,0,0.0,No
TC_1341,Male,44,0,Yes,No,63,Yes,Yes,DSL,No,No,Yes,No,Yes,Yes,Two year,Yes,Mailed check,83.67,5305.3,3,107.3,No
TC_1342,Female,55,0,No,Yes,3,Yes,No,No,No internet service,No internet service,No internet service,No internet service,No internet service,No internet service,Two year,Yes,Credit card,20.0,62.71,2,0.0,No
TC_1343,Male,61,0,Yes,No,23,No,No phone service,DSL,No,No,No,Yes,No,No,Month-to-month,No,Mailed check,47.88,1006.83,1,159.9,Yes
TC_1344,Female,64,0,Yes,Yes,,Yes,No,Fiber optic,No,Yes,No,Yes,No,Yes,Two year,No,Credit card,110.08,4816.72,,181.9,No
TC_1345,Female,41,0,No,No,48,Yes,No,Fiber optic,No,Yes,No,No,No,No,One year,Yes,Mailed check,83.73,3815.76,8,252.5,No
TC_1346,Male,54,0,No,No,49,Yes,Yes,Fiber optic,Yes,No,No,Yes,Yes,Yes,One year,No,Mailed check,118.68,6245.74,3,136.8,No
TC_1347,Male,32,0,No,No,43,Yes,No,DSL,Yes,No,No,No,No,No,One year,Yes,Credit card,62.2,2580.7,3,131.2,No
TC_1348,Male,40,0,Yes,Yes,48,Yes,No,DSL,No,No,Yes,No,Yes,Yes,Two year,Yes,Electronic check,87.55,4276.63,0,64.1,No
TC_1349,Male,42,0,No,No,24,Yes,Yes,DSL,Yes,Yes,Yes,No,No,No,Month-to-month,Yes,Mailed check,105.71,2539.63,9,85.4,No
TC_1350,Male,43,0,Yes,No,1,Yes,Yes,No,No internet service,No internet service,No internet service,No internet service,No internet service,No internet service,Month-to-month,No,Electronic check,,18.29,4,0.0,Yes
TC_1351,Male,45,0,Yes,No,48,No,No phone service,DSL,Yes,Yes,Yes,Yes,Yes,Yes,One year,Yes,Credit card,118.29,5440.65,8,35.1,No
TC_1352,Female,32,0,Yes,Yes,,Yes,No,Fiber optic,No,Yes,No,No,No,No,Month-to-month,Yes,Electronic check,92.46,4666.37,15,386.3,Yes
TC_1353,Female,67,1,Yes,Yes,67,Yes,No,Fiber optic,No,Yes,Yes,Yes,No,No,One year,No,Credit card,107.66,6911.88,9,40.7,No
TC_1354,Female,32,0,No,No,36,Yes,Yes,DSL,No,Yes,No,No,Yes,Yes,One year,Yes,Bank transfer,90.14,3519.29,9,112.8,No
TC_1355,Female,74,1,Yes,No,4,Yes,No,Fiber optic,No,No,Yes,No,No,Yes,Month-to-month,No,Mailed check,100.6,395.65,2,386.6,Yes
TC_1356,Male,49,0,Yes,Yes,11,Yes,Yes,DSL,No,Yes,No,No,No,No,Two year,No,Electronic check,68.09,817.74,2,133.3,Yes
TC_1357,Male,35,0,No,No,63,Yes,No,No,No internet service,No internet service,No internet service,No internet service,No internet service,No internet service,One year,Yes,Bank transfer,20.0,1180.15,1,0.0,No
TC_1358,Female,51,0,Yes,Yes,47,Yes,No,Fiber optic,No,Yes,No,No,No,Yes,Month-to-month,Yes,Credit card,98.89,4183.68,3,366.7,Yes
TC_1359,Female,40,0,Yes,No,51,Yes,Yes,DSL,No,No,No,No,Yes,No,One year,No,Credit card,60.12,3350.52,0,142.4,No
TC_1360,Male,19,0,No,No,61,Yes,No,Fiber optic,Yes,Yes,No,No,No,No,Month-to-month,Yes,Mailed check,83.83,5046.22,10,307.1,Yes
TC_1361,Male,26,0,No,Yes,8,Yes,No,Fiber optic,No,No,No,No,Yes,Yes,One year,Yes,Bank transfer,97.96,768.77,4,267.8,No
TC_1362,Male,41,0,Yes,No,56,Yes,Yes,Fiber optic,Yes,No,No,No,Yes,No,One year,Yes,Mailed check,98.1,5901.65,4,143.2,No
TC_1363,Female,31,0,No,No,8,Yes,No,Fiber optic,No,Yes,No,No,No,Yes,Two year,Yes,Credit card,,676.71,9,394.3,Yes
TC_1364,Male,40,0,Yes,No,2,Yes,No,DSL,No,Yes,No,No,No,Yes,Month-to-month,Yes,Mailed check,77.21,157.25,14,82.7,No
TC_1365,Female,50,0,Yes,Yes,42,Yes,Yes,DSL,No,No,Yes,No,No,Yes,One year,No,Bank transfer,68.48,2982.27,2,75.8,No
TC_1366,Male,62,0,Yes,No,57,Yes,Yes,DSL,Yes,No,No,No,No,Yes,One year,No,Bank transfer,80.97,4994.23,2,78.6,Yes
TC_1367,Male,23,0,No,No,52,Yes,No,Fiber optic,Yes,No,Yes,No,No,No,Two year,Yes,Mailed check,101.82,4897.83,9,290.7,No
TC_1368,Male,65,1,Yes,No,56,Yes,Yes,Fiber optic,Yes,No,No,Yes,Yes,No,Month-to-month,Yes,Mailed check,106.32,5580.37,15,183.4,Yes
TC_1369,Male,63,0,No,No,8,Yes,Yes,DSL,No,No,No,No,Yes,No,Month-to-month,Yes,Electronic check,71.48,516.68,,72.5,Yes
TC_1370,Female,38,0,No,No,41,Yes,Yes,DSL,No,No,No,Yes,Yes,No,One year,Yes,Credit card,69.02,2993.02,,145.3,No
TC_1371,Female,26,0,No,No,13,Yes,Yes,DSL,No,No,No,Yes,Yes,Yes,One year,Yes,Electronic check,91.0,1119.73,2,74.7,No
TC_1372,Female,33,0,Yes,Yes,8,Yes,No,DSL,No,Yes,No,Yes,Yes,Yes,Month-to-month,Yes,Electronic check,104.01,818.82,3,87.6,Yes
TC_1373,Male,44,0,Yes,No,16,Yes,No,No,No internet service,No internet service,No internet service,No internet service,No internet service,No internet service,Month-to-month,Yes,Bank transfer,20.0,316.81,1,0.0,No
TC_1374,Male,62,0,No,No,22,Yes,Yes,No,No internet service,No internet service,No internet service,No internet service,No internet service,No internet service,One year,No,Electronic check,20.0,467.64,0,0.0,No
TC_1375,Female,49,0,Yes,No,2,Yes,No,DSL,No,No,Yes,No,No,No,Month-to-month,Yes,Electronic check,77.99,145.6,6,121.3,Yes
TC_1376,Female,64,0,No,Yes,44,Yes,No,Fiber optic,No,No,No,No,Yes,No,Month-to-month,Yes,Credit card,89.62,3602.98,3,243.8,Yes
TC_1377,Female,32,0,Yes,No,18,Yes,Yes,Fiber optic,No,No,Yes,Yes,No,No,One year,Yes,Mailed check,97.71,1829.83,0,184.8,Yes
TC_1378,Female,57,0,No,Yes,28,Yes,No,DSL,No,No,No,No,Yes,No,Two year,No,Electronic check,67.08,1835.08,3,80.4,No
TC_1379,Female,62,0,Yes,No,,Yes,Yes,No,No internet service,No internet service,No internet service,No internet service,No internet service,No internet service,Two year,Yes,Credit card,,563.08,0,0.0,No
TC_1380,Female,60,0,Yes,No,37,Yes,No,Fiber optic,No,Yes,Yes,Yes,No,No,Month-to-month,Yes,Credit card,108.56,3889.13,12,164.6,Yes
TC_1381,Male,39,0,No,No,4,Yes,No,DSL,No,Yes,No,No,No,No,Month-to-month,Yes,Credit card,,238.0,13,118.4,Yes
TC_1382,Female,61,0,Yes,No,51,Yes,No,No,No internet service,No internet service,No internet service,No internet service,No internet service,No internet service,One year,Yes,Bank transfer,20.0,1097.28,0,0.0,No
TC_1383,Female,50,0,No,No,14,Yes,No,DSL,No,Yes,Yes,Yes,No,No,Month-to-month,No,Electronic check,80.45,1177.57,3,154.3,No
TC_1384,Male,58,0,Yes,No,31,Yes,No,No,No internet service,No internet service,No internet service,No internet service,No internet service,No internet service,Month-to-month,Yes,Electronic check,20.0,669.85,1,0.0,No
TC_1385,Male,61,0,Yes,No,33,Yes,Yes,Fiber optic,No,No,No,No,Yes,No,Month-to-month,No,Bank transfer,90.38,,7,191.5,No
TC_1386,Female,51,0,No,No,2,Yes,Yes,No,No internet service,No internet service,No internet service,No internet service,No internet service,No internet service,Month-to-month,No,Mailed check,20.0,41.65,11,0.0,Yes
TC_1387,Female,47,0,Yes,No,1,Yes,Yes,Fiber optic,No,Yes,Yes,Yes,No,Yes,Month-to-month,No,Mailed check,115.73,125.45,4,105.7,No
TC_1388,Male,28,0,Yes,No,27,Yes,Yes,Fiber optic,No,No,No,No,No,No,Month-to-month,Yes,Electronic check,77.03,,10,362.1,Yes
TC_1389,Male,60,0,Yes,No,3,No,No phone service,DSL,Yes,Yes,Yes,No,Yes,No,Month-to-month,Yes,Bank transfer,,261.58,0,80.1,Yes
TC_1390,Female,51,0,Yes,Yes,53,Yes,Yes,Fiber optic,No,Yes,No,Yes,Yes,No,Month-to-month,No,Electronic check,104.15,6040.92,5,37.1,No
TC_1391,Female,27,0,No,No,10,Yes,Yes,DSL,No,Yes,Yes,Yes,No,Yes,Month-to-month,Yes,Bank transfer,111.74,1140.57,3,170.6,No
TC_1392,Female,32,0,Yes,Yes,8,Yes,No,DSL,Yes,No,No,No,Yes,No,Month-to-month,Yes,Credit card,84.62,662.45,5,56.9,No
TC_1393,Male,41,0,No,No,63,Yes,No,Fiber optic,No,No,Yes,Yes,Yes,No,One year,Yes,Bank transfer,113.2,6676.05,2,147.8,No
TC_1394,Male,39,0,Yes,No,7,Yes,Yes,No,No internet service,No internet service,No internet service,No internet service,No internet service,No internet service,Two year,Yes,Mailed check,20.0,136.89,0,0.0,No
TC_1395,Female,45,0,Yes,Yes,9,No,No phone service,DSL,No,No,No,No,Yes,Yes,One year,No,Bank transfer,55.35,541.14,0,96.5,No
TC_1396,Female,50,0,No,Yes,51,No,No phone service,Fiber optic,No,No,Yes,Yes,No,Yes,Month-to-month,Yes,Electronic check,,5324.82,0,371.8,Yes
TC_1397,Male,27,0,Yes,Yes,5,Yes,Yes,Fiber optic,No,No,No,No,No,No,One year,Yes,Bank transfer,87.06,460.52,4,259.9,No
TC_1398,Female,33,0,No,No,58,Yes,Yes,Fiber optic,No,Yes,No,No,Yes,No,Two year,No,Bank transfer,109.51,6626.63,2,198.6,No
TC_1399,Female,33,0,No,No,42,Yes,No,DSL,No,Yes,No,Yes,No,Yes,Month-to-month,Yes,Electronic check,99.16,4103.04,1,103.3,No
TC_1400,Female,43,0,Yes,No,6,Yes,No,Fiber optic,No,Yes,No,No,Yes,No,Month-to-month,Yes,Bank transfer,95.46,589.38,2,152.4,Yes
TC_1401,Male,41,0,Yes,No,4,Yes,Yes,DSL,No,No,Yes,Yes,No,No,One year,No,Mailed check,76.62,303.06,7,168.2,No
TC_1402,Male,32,0,No,Yes,59,Yes,No,Fiber optic,No,No,No,No,No,No,Month-to-month,Yes,Credit card,67.86,3834.98,0,414.6,No
TC_1403,Female,58,0,Yes,Yes,68,Yes,No,Fiber optic,No,No,No,No,Yes,Yes,One year,Yes,Electronic check,111.18,8094.82,9,227.0,No
TC_1404,Female,28,0,No,No,64,Yes,No,Fiber optic,Yes,No,No,No,No,No,One year,No,Bank transfer,93.41,6458.42,2,305.8,Yes
TC_1405,Male,49,0,Yes,No,54,Yes,No,Fiber optic,No,Yes,No,No,No,Yes,One year,Yes,Mailed check,,5149.14,6,376.7,No
TC_1406,Male,43,0,No,No,14,Yes,No,Fiber optic,No,No,No,Yes,Yes,No,Month-to-month,Yes,Credit card,96.22,1466.13,1,307.7,Yes
TC_1407,Male,53,0,No,No,64,No,No phone service,Fiber optic,No,No,No,No,Yes,No,One year,Yes,Credit card,60.68,3883.54,4,102.7,No
TC_1408,Female,34,0,Yes,No,25,Yes,No,Fiber optic,Yes,No,No,Yes,Yes,No,Two year,Yes,Electronic check,120.0,3197.03,9,253.8,No
TC_1409,Female,36,0,No,No,45,Yes,No,Fiber optic,Yes,Yes,Yes,No,No,No,Month-to-month,Yes,Mailed check,97.52,4427.97,4,230.7,Yes
TC_1410,Female,33,0,No,No,15,Yes,Yes,No,No internet service,No internet service,No internet service,No internet service,No internet service,No internet service,One year,No,Electronic check,20.0,313.35,5,0.0,No
TC_1411,Female,49,0,No,Yes,62,Yes,No,Fiber optic,Yes,No,Yes,No,Yes,No,One year,Yes,Mailed check,119.44,6921.33,7,229.1,No
TC_1412,Female,47,0,No,No,15,Yes,No,Fiber optic,No,No,No,No,No,No,Month-to-month,No,Electronic check,88.88,1426.16,13,352.4,Yes
TC_1413,Female,42,0,Yes,No,39,Yes,No,No,No internet service,No internet service,No internet service,No internet service,No internet service,No internet service,One year,Yes,Bank transfer,,,10,0.0,No
TC_1414,Female,25,0,No,No,1,Yes,Yes,DSL,No,Yes,No,No,No,Yes,Month-to-month,No,Electronic check,78.24,85.74,2,71.6,No
TC_1415,Male,39,0,Yes,No,51,Yes,Yes,Fiber optic,No,No,Yes,No,No,No,Two year,Yes,Bank transfer,89.09,4245.48,9,141.6,No
TC_1416,Female,54,0,Yes,No,21,Yes,Yes,DSL,No,No,No,No,Yes,Yes,Month-to-month,Yes,Bank transfer,73.58,1538.47,2,60.6,Yes
TC_1417,Male,56,0,No,No,36,Yes,Yes,Fiber optic,Yes,Yes,Yes,No,No,No,Month-to-month,Yes,Mailed check,100.06,3789.08,2,69.7,No
TC_1418,Male,27,0,Yes,No,46,No,No phone service,DSL,No,No,No,No,Yes,Yes,Month-to-month,Yes,Bank transfer,71.29,3021.43,0,139.4,Yes
TC_1419,Male,35,0,No,No,68,Yes,No,No,No internet service,No internet service,No internet service,No internet service,No internet service,No internet service,One year,Yes,Credit card,20.0,1382.26,13,0.0,No
TC_1420,Male,30,0,No,No,53,Yes,No,DSL,Yes,No,No,Yes,No,No,Two year,Yes,Electronic check,75.0,4078.72,0,44.2,No
TC_1421,Male,22,0,Yes,Yes,2,Yes,Yes,DSL,Yes,Yes,Yes,No,No,No,Month-to-month,Yes,Bank transfer,94.2,182.17,0,21.6,Yes
TC_1422,Male,55,0,Yes,No,8,Yes,Yes,Fiber optic,No,No,No,Yes,Yes,Yes,One year,No,Credit card,106.0,877.85,7,163.2,Yes
TC_1423,Male,34,0,No,No,8,Yes,Yes,DSL,No,Yes,No,No,No,No,Month-to-month,Yes,Electronic check,64.75,506.51,12,87.1,No
TC_1424,Female,38,0,Yes,No,13,Yes,No,DSL,Yes,No,No,No,No,No,Month-to-month,No,Electronic check,67.97,948.31,2,68.1,No
TC_1425,Male,62,0,Yes,No,9,No,No phone service,Fiber optic,No,Yes,No,No,No,Yes,One year,No,Mailed check,84.15,758.25,2,198.5,No
TC_1426,Female,27,0,No,No,54,Yes,No,No,No internet service,No internet service,No internet service,No internet service,No internet service,No internet service,Month-to-month,No,Mailed check,20.0,1003.17,6,0.0,No
TC_1427,Female,47,0,No,No,1,Yes,No,DSL,Yes,No,No,Yes,No,No,Month-to-month,Yes,Electronic check,79.73,76.89,14,137.2,Yes
TC_1428,Male,41,0,Yes,No,60,Yes,Yes,DSL,Yes,No,No,No,No,Yes,Two year,No,Bank transfer,76.03,4257.08,3,72.2,No
TC_1429,Female,31,0,Yes,No,2,Yes,No,DSL,No,No,Yes,No,No,No,Month-to-month,Yes,Credit card,71.42,133.67,7,61.5,No
TC_1430,Female,45,0,No,No,46,Yes,Yes,DSL,No,No,Yes,Yes,No,Yes,One year,No,Mailed check,99.19,4737.56,6,90.2,No
TC_1431,Male,56,0,Yes,No,24,Yes,Yes,Fiber optic,No,Yes,No,No,Yes,No,Two year,No,Mailed check,89.35,2046.14,,218.5,No
TC_1432,Male,64,0,Yes,No,52,No,No phone service,No,No internet service,No internet service,No internet service,No internet service,No internet service,No internet service,Month-to-month,Yes,Credit card,19.76,1054.96,6,0.0,No
TC_1433,Male,27,0,Yes,No,72,No,No phone service,No,No internet service,No internet service,No internet service,No internet service,No internet service,No internet service,One year,Yes,Bank transfer,20.11,1344.8,12,0.0,No
TC_1434,Male,51,0,Yes,No,,Yes,No,No,No internet service,No internet service,No internet service,No internet service,No internet service,No internet service,One year,Yes,Bank transfer,20.0,1358.03,1,0.0,No
TC_1435,Female,43,0,Yes,No,55,Yes,No,Fiber optic,Yes,Yes,Yes,No,No,Yes,One year,No,Credit card,114.52,6403.56,8,201.4,No
TC_1436,Female,42,0,Yes,No,,Yes,Yes,DSL,No,No,Yes,Yes,Yes,No,Two year,No,Credit card,82.78,1642.61,0,62.9,No
TC_1437,Male,61,0,No,No,67,Yes,Yes,DSL,No,No,No,No,No,Yes,One year,Yes,Bank transfer,77.6,5134.57,0,87.3,No
TC_1438,Female,55,0,No,No,55,Yes,No,Fiber optic,No,No,No,No,Yes,Yes,Month-to-month,No,Mailed check,,5521.96,8,138.4,Yes
TC_1439,Female,53,0,Yes,No,52,Yes,No,No,No internet service,No internet service,No internet service,No internet service,No internet service,No internet service,One year,Yes,Credit card,20.0,1124.71,3,0.0,No
TC_1440,Male,56,0,Yes,Yes,47,Yes,No,No,No internet service,No internet service,No internet service,No internet service,No internet service,No internet service,One year,No,Mailed check,,982.34,0,0.0,No
TC_1441,Female,35,0,Yes,No,33,Yes,No,Fiber optic,No,Yes,Yes,Yes,No,No,Two year,Yes,Bank transfer,109.19,3369.09,1,181.5,No
TC_1442,Female,57,0,Yes,No,10,Yes,No,No,No internet service,No internet service,No internet service,No internet service,No internet service,No internet service,Month-to-month,No,Electronic check,20.0,180.23,1,0.0,Yes
TC_1443,Female,44,0,Yes,No,48,Yes,Yes,No,No internet service,No internet service,No internet service,No internet service,No internet service,No internet service,Two year,No,Bank transfer,20.0,1002.9,,0.0,No
TC_1444,Male,58,0,No,No,18,Yes,No,DSL,Yes,No,No,Yes,No,No,One year,No,Mailed check,83.23,1376.78,3,71.9,No
TC_1445,Male,61,0,No,Yes,6,Yes,No,Fiber optic,Yes,Yes,Yes,No,Yes,Yes,Month-to-month,No,Mailed check,120.0,753.98,5,90.4,Yes
TC_1446,Male,45,0,No,Yes,38,Yes,Yes,Fiber optic,No,No,Yes,No,No,No,One year,No,Credit card,95.68,3537.5,3,229.7,No
TC_1447,Female,40,0,No,Yes,2,Yes,No,Fiber optic,No,Yes,Yes,Yes,No,No,Month-to-month,No,Bank transfer,110.38,199.01,3,343.3,No
TC_1448,Male,27,0,No,No,70,Yes,No,Fiber optic,No,Yes,Yes,No,Yes,Yes,Month-to-month,Yes,Electronic check,120.0,8078.42,1,140.6,Yes
TC_1449,Male,27,0,Yes,No,7,Yes,No,Fiber optic,No,No,No,No,Yes,No,Month-to-month,No,Electronic check,86.53,562.43,14,136.8,No
TC_1450,Male,53,0,Yes,No,70,No,No phone service,No,No internet service,No internet service,No internet service,No internet service,No internet service,No internet service,Two year,Yes,Credit card,22.02,,9,0.0,No
TC_1451,Female,22,0,No,No,14,Yes,Yes,Fiber optic,No,Yes,No,Yes,No,No,Month-to-month,No,Bank transfer,90.78,1364.25,11,220.0,Yes
TC_1452,Male,61,0,Yes,No,34,Yes,No,Fiber optic,No,Yes,No,No,Yes,No,Two year,No,Bank transfer,99.66,3623.73,0,175.1,No
TC_1453,Male,54,0,No,No,49,Yes,Yes,Fiber optic,No,No,No,No,Yes,No,Two year,Yes,Electronic check,88.77,4531.31,9,206.4,No
TC_1454,Male,45,0,Yes,No,70,No,No phone service,Fiber optic,Yes,No,No,No,Yes,No,One year,Yes,Electronic check,70.14,4617.41,7,131.3,No
TC_1455,Female,56,0,No,No,50,No,No phone service,DSL,Yes,Yes,No,Yes,Yes,Yes,Month-to-month,No,Bank transfer,93.28,4906.36,1,107.8,No
TC_1456,Male,42,0,No,No,53,No,No phone service,Fiber optic,No,Yes,Yes,Yes,Yes,Yes,One year,Yes,Credit card,94.7,5438.28,1,91.4,No
TC_1457,Male,43,0,Yes,No,31,No,No phone service,No,No internet service,No internet service,No internet service,No internet service,No internet service,No internet service,Two year,No,Mailed check,19.25,599.96,3,0.0,No
TC_1458,Male,37,0,No,No,6,Yes,No,Fiber optic,No,No,Yes,No,No,Yes,Month-to-month,Yes,Electronic check,111.8,731.47,6,104.2,Yes
TC_1459,Female,56,0,No,Yes,72,Yes,No,No,No internet service,No internet service,No internet service,No internet service,No internet service,No internet service,One year,Yes,Credit card,20.0,1437.2,0,0.0,No
TC_1460,Male,62,0,Yes,No,3,Yes,No,Fiber optic,No,Yes,No,No,Yes,No,Month-to-month,No,Electronic check,106.12,345.59,4,252.6,Yes
TC_1461,Female,46,0,Yes,No,57,Yes,Yes,Fiber optic,No,No,No,No,Yes,No,Two year,Yes,Electronic check,79.36,4853.82,10,129.5,No
TC_1462,Male,65,1,Yes,No,21,Yes,Yes,Fiber optic,No,Yes,No,No,No,Yes,Month-to-month,No,Mailed check,100.76,2221.95,15,350.4,Yes
TC_1463,Female,47,0,No,No,58,No,No phone service,Fiber optic,No,No,No,No,No,No,One year,No,Bank transfer,48.54,2641.87,2,394.8,No
TC_1464,Male,46,0,Yes,No,70,Yes,No,Fiber optic,No,Yes,No,No,Yes,No,Two year,Yes,Credit card,96.67,6392.18,2,200.3,No
TC_1465,Female,60,0,No,No,3,Yes,No,Fiber optic,No,No,No,Yes,No,No,Month-to-month,No,Electronic check,88.29,244.07,0,274.2,Yes
TC_1466,Male,37,0,No,No,10,Yes,Yes,Fiber optic,No,No,No,No,Yes,No,One year,Yes,Bank transfer,88.81,926.86,10,308.6,No
TC_1467,Male,35,0,Yes,No,41,Yes,Yes,No,No internet service,No internet service,No internet service,No internet service,No internet service,No internet service,One year,No,Credit card,20.0,742.12,12,0.0,Yes
TC_1468,Female,52,0,Yes,No,2,Yes,Yes,Fiber optic,No,No,Yes,No,Yes,Yes,One year,No,Mailed check,116.19,,11,161.9,No
TC_1469,Male,72,1,Yes,No,63,Yes,No,Fiber optic,No,Yes,Yes,No,No,No,One year,Yes,Bank transfer,108.21,6557.08,1,230.5,No
TC_1470,Female,42,0,No,No,52,Yes,No,Fiber optic,Yes,Yes,No,Yes,No,No,Month-to-month,No,Mailed check,99.29,4969.5,1,126.1,No
TC_1471,Male,30,0,No,No,42,Yes,No,Fiber optic,No,No,Yes,No,Yes,No,Two year,No,Credit card,93.88,4011.34,15,302.7,No
TC_1472,Female,52,0,Yes,No,3,Yes,Yes,No,No internet service,No internet service,No internet service,No internet service,No internet service,No internet service,Month-to-month,No,Credit card,20.0,61.79,7,0.0,Yes
TC_1473,Male,49,0,Yes,No,58,No,No phone service,No,No internet service,No internet service,No internet service,No internet service,No internet service,No internet service,Month-to-month,No,Mailed check,19.36,1103.13,7,0.0,No
TC_1474,Female,63,0,Yes,Yes,36,Yes,No,DSL,No,No,No,No,Yes,No,Month-to-month,No,Credit card,65.4,2465.64,3,80.7,No
TC_1475,Male,47,0,No,No,64,Yes,Yes,DSL,Yes,No,No,No,No,No,Two year,No,Credit card,75.93,4922.78,1,83.2,No
TC_1476,Female,48,0,No,No,43,Yes,Yes,DSL,No,Yes,No,Yes,Yes,No,Month-to-month,No,Credit card,89.42,4067.32,6,81.7,Yes
TC_1477,Female,37,0,Yes,No,13,Yes,Yes,DSL,No,Yes,Yes,No,No,Yes,One year,No,Bank transfer,96.86,1375.33,0,59.2,No
TC_1478,Female,48,0,No,No,2,Yes,No,DSL,Yes,No,Yes,No,No,No,One year,Yes,Bank transfer,92.09,175.84,1,40.2,No
TC_1479,Male,33,0,No,No,57,Yes,No,Fiber optic,Yes,No,No,Yes,Yes,No,Month-to-month,No,Mailed check,110.58,6639.11,1,271.1,No
TC_1480,Male,27,0,No,No,55,Yes,No,Fiber optic,No,No,Yes,Yes,Yes,Yes,Month-to-month,Yes,Electronic check,120.0,6522.39,4,118.5,No
TC_1481,Male,31,0,No,No,1,No,No phone service,Fiber optic,No,Yes,Yes,Yes,Yes,No,Month-to-month,Yes,Electronic check,99.73,103.8,7,52.1,No
TC_1482,Male,48,0,No,No,50,Yes,No,No,No internet service,No internet service,No internet service,No internet service,No internet service,No internet service,Two year,Yes,Credit card,20.0,1049.35,3,0.0,No
TC_1483,Female,51,0,Yes,Yes,46,Yes,No,DSL,No,No,Yes,No,No,Yes,One year,Yes,Credit card,91.34,3984.25,0,75.1,No
TC_1484,Female,39,0,No,No,5,Yes,Yes,Fiber optic,Yes,No,Yes,No,Yes,No,Month-to-month,Yes,Credit card,101.59,520.02,1,109.3,Yes
TC_1485,Female,49,0,Yes,No,18,Yes,Yes,DSL,No,No,Yes,No,No,No,One year,No,Bank transfer,64.12,1263.99,4,60.0,No
TC_1486,Male,27,0,No,Yes,4,Yes,Yes,Fiber optic,Yes,No,No,No,Yes,No,Two year,Yes,Electronic check,100.27,435.38,3,473.0,No
TC_1487,Male,59,0,Yes,No,51,Yes,Yes,DSL,No,No,No,Yes,No,No,Two year,No,Credit card,57.56,2796.26,1,51.3,No
TC_1488,Male,57,0,Yes,Yes,46,Yes,Yes,DSL,No,Yes,No,No,No,No,Month-to-month,Yes,Credit card,74.48,3717.81,3,31.6,No
TC_1489,Male,46,0,No,Yes,39,Yes,Yes,DSL,Yes,Yes,No,Yes,No,No,Two year,Yes,Mailed check,86.19,3653.25,1,111.5,No
TC_1490,Male,49,0,No,Yes,51,Yes,Yes,Fiber optic,Yes,Yes,Yes,Yes,No,Yes,Two year,No,Bank transfer,120.0,5778.39,3,381.0,No
TC_1491,Male,59,0,No,No,64,Yes,No,Fiber optic,Yes,No,Yes,Yes,No,Yes,Month-to-month,No,Mailed check,120.0,7126.78,4,317.2,Yes
TC_1492,Male,34,0,Yes,Yes,18,Yes,No,Fiber optic,No,Yes,No,No,Yes,Yes,One year,Yes,Bank transfer,101.46,1912.5,11,190.0,No
TC_1493,Male,44,0,No,No,21,Yes,No,Fiber optic,No,No,No,No,Yes,No,Two year,No,Credit card,80.82,1611.89,5,156.7,No
TC_1494,Male,35,0,Yes,No,55,Yes,Yes,Fiber optic,Yes,Yes,Yes,Yes,No,No,Month-to-month,Yes,Bank transfer,109.59,5955.18,6,189.4,Yes
TC_1495,Female,50,0,Yes,No,5,Yes,Yes,Fiber optic,No,Yes,No,Yes,No,No,Month-to-month,Yes,Bank transfer,95.25,435.57,11,282.1,Yes
TC_1496,Male,52,0,No,No,29,Yes,Yes,No,No internet service,No internet service,No internet service,No internet service,No internet service,No internet service,Two year,Yes,Electronic check,20.0,567.85,10,0.0,No
TC_1497,Female,43,0,Yes,No,9,Yes,Yes,No,No internet service,No internet service,No internet service,No internet service,No internet service,No internet service,One year,Yes,Credit card,20.0,192.03,3,0.0,No
TC_1498,Female,26,0,No,No,31,Yes,No,Fiber optic,No,Yes,Yes,Yes,No,Yes,Two year,Yes,Bank transfer,107.01,3039.32,3,371.9,No
TC_1499,Male,36,0,No,No,63,Yes,No,No,No internet service,No internet service,No internet service,No internet service,No internet service,No internet service,Month-to-month,No,Mailed check,20.0,,6,0.0,No
TC_1500,Male,59,0,Yes,No,37,No,No phone service,DSL,No,No,No,No,No,Yes,One year,No,Credit card,53.59,1907.72,1,83.2,No
TC_1501,Male,44,0,Yes,No,52,Yes,Yes,Fiber optic,No,No,No,No,No,Yes,One year,No,Bank transfer,74.55,3709.43,5,345.9,No
TC_1502,Male,48,0,No,No,1,Yes,No,DSL,Yes,No,No,No,No,No,Month-to-month,No,Electronic check,56.51,56.35,0,161.3,Yes
TC_1503,Female,40,0,Yes,Yes,55,Yes,No,No,No internet service,No internet service,No internet service,No internet service,No internet service,No internet service,Two year,Yes,Bank transfer,20.0,1086.33,0,0.0,No
TC_1504,Female,53,0,No,No,62,Yes,No,Fiber optic,No,Yes,No,No,Yes,Yes,One year,No,Credit card,96.07,6110.96,3,195.7,No
TC_1505,Female,60,0,Yes,No,37,Yes,No,DSL,No,No,No,Yes,No,Yes,Two year,No,Credit card,77.52,2768.07,0,45.8,No
TC_1506,Female,54,0,Yes,No,50,Yes,No,Fiber optic,Yes,No,Yes,Yes,Yes,Yes,Month-to-month,Yes,Electronic check,,,2,408.3,No
TC_1507,Female,57,0,Yes,Yes,33,Yes,No,Fiber optic,No,Yes,No,No,Yes,Yes,Month-to-month,Yes,Mailed check,108.89,3549.26,2,275.5,Yes
TC_1508,Male,62,0,Yes,No,43,Yes,No,Fiber optic,Yes,No,Yes,Yes,No,No,One year,Yes,Credit card,111.48,5137.91,0,296.9,No
TC_1509,Male,25,0,Yes,No,5,Yes,Yes,No,No internet service,No internet service,No internet service,No internet service,No internet service,No internet service,Month-to-month,No,Credit card,,104.67,9,0.0,No
TC_1510,Male,65,1,Yes,No,4,Yes,No,No,No internet service,No internet service,No internet service,No internet service,No internet service,No internet service,Month-to-month,No,Mailed check,20.0,79.72,5,0.0,Yes
TC_1511,Male,75,1,Yes,No,63,Yes,No,Fiber optic,Yes,No,Yes,No,No,Yes,One year,No,Credit card,97.55,5920.3,7,54.1,No
TC_1512,Female,44,0,Yes,Yes,36,Yes,Yes,No,No internet service,No internet service,No internet service,No internet service,No internet service,No internet service,Month-to-month,Yes,Bank transfer,20.0,779.16,1,0.0,No
TC_1513,Male,35,0,No,Yes,3,Yes,Yes,No,No internet service,No internet service,No internet service,No internet service,No internet service,No internet service,One year,Yes,Electronic check,20.0,63.67,0,0.0,No
TC_1514,Female,47,0,Yes,No,1,Yes,Yes,No,No internet service,No internet service,No internet service,No internet service,No internet service,No internet service,One year,Yes,Credit card,20.0,19.38,3,0.0,No
TC_1515,Male,30,0,No,No,57,Yes,No,No,No internet service,No internet service,No internet service,No internet service,No internet service,No internet service,Two year,No,Credit card,20.0,1155.09,0,0.0,No
TC_1516,Male,26,0,No,No,44,Yes,No,DSL,Yes,No,No,No,No,No,Month-to-month,Yes,Bank transfer,72.03,3163.86,5,103.7,No
TC_1517,Female,42,0,Yes,No,35,No,No phone service,DSL,No,No,No,No,No,No,Two year,No,Bank transfer,30.18,1069.09,4,67.8,No
TC_1518,Female,40,0,No,No,3,Yes,Yes,DSL,No,Yes,No,No,No,No,Month-to-month,No,Bank transfer,62.02,172.66,5,64.3,Yes
TC_1519,Male,38,0,No,No,1,Yes,No,No,No internet service,No internet service,No internet service,No internet service,No internet service,No internet service,Month-to-month,No,Bank transfer,20.0,19.13,0,0.0,Yes
TC_1520,Female,38,0,Yes,Yes,2,Yes,No,Fiber optic,No,No,No,No,Yes,Yes,One year,Yes,Bank transfer,94.16,202.42,9,139.5,Yes
TC_1521,Male,44,0,Yes,Yes,66,Yes,Yes,DSL,Yes,Yes,No,No,Yes,No,Two year,No,Credit card,85.46,5829.25,6,173.6,No
TC_1522,Female,51,0,Yes,No,54,Yes,Yes,DSL,Yes,No,No,Yes,Yes,Yes,One year,Yes,Mailed check,96.0,4969.08,10,86.0,No
TC_1523,Female,62,0,Yes,Yes,1,Yes,Yes,No,No internet service,No internet service,No internet service,No internet service,No internet service,No internet service,Month-to-month,Yes,Electronic check,20.0,21.99,0,0.0,No
TC_1524,Male,31,0,Yes,No,5,Yes,No,Fiber optic,Yes,No,No,Yes,No,No,Month-to-month,No,Electronic check,94.97,438.25,13,240.7,Yes
TC_1525,Male,57,0,Yes,No,8,No,No phone service,No,No internet service,No internet service,No internet service,No internet service,No internet service,No internet service,Month-to-month,Yes,Credit card,23.43,189.0,1,0.0,Yes
TC_1526,Male,21,0,Yes,No,42,Yes,No,No,No internet service,No internet service,No internet service,No internet service,No internet service,No internet service,One year,Yes,Credit card,20.0,902.02,1,0.0,Yes
TC_1527,Female,50,0,Yes,Yes,69,No,No phone service,DSL,No,Yes,No,No,Yes,Yes,Two year,No,Electronic check,69.65,5199.03,3,105.1,No
TC_1528,Male,50,0,No,No,7,Yes,Yes,DSL,Yes,Yes,No,Yes,No,No,One year,Yes,Electronic check,83.26,604.73,9,138.8,No
TC_1529,Male,63,0,No,No,2,Yes,No,No,No internet service,No internet service,No internet service,No internet service,No internet service,No internet service,Month-to-month,No,Electronic check,20.0,42.79,5,0.0,No
TC_1530,Male,28,0,Yes,No,1,Yes,No,Fiber optic,Yes,Yes,Yes,Yes,No,Yes,Month-to-month,No,Electronic check,120.0,109.66,8,283.2,No
TC_1531,Female,41,0,No,No,56,Yes,Yes,Fiber optic,No,Yes,No,Yes,No,No,One year,Yes,Bank transfer,97.1,5733.14,6,206.9,No
TC_1532,Male,49,0,Yes,Yes,,Yes,No,DSL,No,No,No,No,No,No,Month-to-month,Yes,Mailed check,51.08,157.52,2,28.2,No
TC_1533,Male,33,0,No,No,64,Yes,No,Fiber optic,No,No,Yes,No,No,No,Month-to-month,Yes,Electronic check,91.53,6039.83,2,241.9,No
TC_1534,Male,22,0,Yes,No,55,Yes,No,DSL,No,Yes,Yes,Yes,Yes,Yes,One year,Yes,Mailed check,117.74,,11,37.6,No
TC_1535,Male,55,0,Yes,No,23,Yes,Yes,Fiber optic,Yes,No,Yes,No,Yes,Yes,One year,No,Bank transfer,120.0,2663.04,2,375.2,No
TC_1536,Male,33,0,No,No,68,Yes,No,DSL,No,Yes,Yes,No,No,Yes,Two year,Yes,Bank transfer,86.69,6061.1,3,86.7,No
TC_1537,Female,33,0,No,No,63,Yes,Yes,No,No internet service,No internet service,No internet service,No internet service,No internet service,No internet service,Two year,Yes,Credit card,20.0,1372.67,0,0.0,No
TC_1538,Male,52,0,Yes,Yes,42,Yes,No,Fiber optic,Yes,Yes,No,No,Yes,Yes,Month-to-month,No,Mailed check,120.0,5261.18,,316.8,No
TC_1539,Male,55,0,Yes,No,,Yes,No,No,No internet service,No internet service,No internet service,No internet service,No internet service,No internet service,Two year,No,Bank transfer,20.0,1214.32,4,0.0,No
TC_1540,Male,44,0,Yes,No,44,Yes,Yes,DSL,No,Yes,Yes,Yes,Yes,Yes,Two year,No,Electronic check,103.49,,0,124.0,No
TC_1541,Male,49,0,No,No,2,Yes,Yes,Fiber optic,Yes,No,Yes,Yes,No,No,One year,No,Bank transfer,113.93,206.02,9,169.6,No
TC_1542,Female,57,0,No,No,,Yes,Yes,No,No internet service,No internet service,No internet service,No internet service,No internet service,No internet service,Two year,No,Mailed check,20.0,862.05,1,0.0,Yes
TC_1543,Female,55,0,Yes,No,17,Yes,Yes,DSL,Yes,No,No,No,No,No,Month-to-month,Yes,Bank transfer,56.43,1004.5,3,19.2,No
TC_1544,Female,53,0,No,Yes,71,Yes,No,Fiber optic,Yes,No,No,Yes,Yes,Yes,One year,No,Credit card,109.89,7047.97,1,246.6,No
TC_1545,Female,66,1,No,No,3,Yes,No,Fiber optic,No,No,No,Yes,No,Yes,Month-to-month,Yes,Bank transfer,85.25,280.68,4,217.9,Yes
TC_1546,Female,49,0,Yes,No,3,Yes,Yes,DSL,Yes,No,No,No,Yes,Yes,One year,No,Bank transfer,92.77,296.78,3,61.0,No
TC_1547,Male,29,0,No,No,1,Yes,No,DSL,No,No,No,No,No,Yes,One year,No,Credit card,72.71,68.16,,106.2,No
TC_1548,Male,33,0,No,No,59,Yes,No,Fiber optic,No,Yes,Yes,No internet service,Yes,No,One year,No,Bank transfer,97.08,5821.93,4,205.1,No
TC_1549,Female,38,0,No,No,58,Yes,No,Fiber optic,No,Yes,Yes,No,No,No,Two year,Yes,Mailed check,95.39,,1,274.9,No
TC_1550,Female,64,0,Yes,No,23,Yes,No,Fiber optic,Yes,Yes,No,Yes,Yes,Yes,Two year,No,Bank transfer,120.0,2805.49,6,253.2,No
TC_1551,Male,54,0,No,No,53,Yes,Yes,Fiber optic,No,Yes,No,No,Yes,Yes,One year,Yes,Bank transfer,107.79,5344.23,14,376.0,No
TC_1552,Female,29,0,Yes,No,48,Yes,Yes,Fiber optic,No,No,Yes,No,Yes,Yes,Two year,No,Bank transfer,97.22,4329.2,4,146.2,No
TC_1553,Male,34,0,No,No,35,Yes,Yes,DSL,Yes,No,No,No,No,Yes,One year,Yes,Bank transfer,79.1,2974.47,1,146.9,Yes
TC_1554,Female,63,0,Yes,Yes,36,Yes,No,DSL,No,No,No,No,Yes,No,One year,No,Bank transfer,63.92,2134.1,3,103.6,No
TC_1555,Male,52,0,No,No,31,Yes,Yes,DSL,No,No,Yes,Yes,No,Yes,Two year,Yes,Credit card,93.77,3015.2,0,129.7,No
TC_1556,Male,49,0,Yes,No,54,Yes,No,DSL,No,No,No,Yes,No,No,Two year,No,Mailed check,70.41,3519.24,0,130.8,No
TC_1557,Female,61,0,Yes,Yes,65,Yes,No,Fiber optic,No,No,No,Yes,No,No,Month-to-month,Yes,Mailed check,94.07,6350.99,3,344.4,Yes
TC_1558,Female,21,0,No,No,57,Yes,No,Fiber optic,Yes,No,No,Yes,Yes,Yes,One year,Yes,Credit card,120.0,6377.14,2,313.3,No
TC_1559,Male,67,1,Yes,Yes,36,Yes,No,DSL,Yes,Yes,No,Yes,No,Yes,One year,Yes,Bank transfer,107.89,3998.57,3,167.0,Yes
TC_1560,Male,35,0,Yes,No,49,Yes,No,Fiber optic,No,No,Yes,No,No,Yes,Two year,Yes,Credit card,105.62,5436.75,2,476.0,No
TC_1561,Male,39,0,Yes,No,71,Yes,No,DSL,No,Yes,Yes,No,Yes,No,Two year,Yes,Mailed check,96.58,7070.69,,74.6,No
TC_1562,Female,35,0,No,No,50,Yes,No,Fiber optic,No,No,No,No,No,Yes,One year,Yes,Credit card,98.6,5373.71,7,244.4,No
TC_1563,Female,53,0,Yes,Yes,61,Yes,No,Fiber optic,No,No,Yes,No,No,Yes,Two year,No,Electronic check,79.76,4426.42,6,383.2,No
TC_1564,Female,26,0,Yes,Yes,5,Yes,Yes,Fiber optic,No,Yes,No,No,No,No,One year,Yes,Mailed check,84.47,404.66,,369.5,No
TC_1565,Female,36,0,Yes,No,48,Yes,Yes,DSL,No,No,No,No,No,No,One year,Yes,Credit card,68.25,3392.13,1,30.0,No
TC_1566,Male,47,0,No,No,45,Yes,Yes,DSL,No,Yes,No,No,Yes,No,One year,No,Credit card,81.72,3930.36,2,41.1,Yes
TC_1567,Female,34,0,Yes,Yes,48,Yes,No,Fiber optic,No,Yes,Yes,No,Yes,Yes,Two year,Yes,Mailed check,,6007.68,7,134.4,No
TC_1568,Male,20,0,Yes,Yes,69,Yes,Yes,Fiber optic,Yes,No,No,No,Yes,No,Two year,No,Electronic check,88.63,6447.53,6,122.3,No
TC_1569,Male,52,0,No,No,64,Yes,No,Fiber optic,Yes,No,Yes,No,Yes,Yes,Month-to-month,Yes,Mailed check,117.91,7371.48,5,334.3,Yes
TC_1570,Female,47,0,Yes,No,6,Yes,No,Fiber optic,No,No,No,No,Yes,No,Month-to-month,Yes,Electronic check,92.68,590.95,3,161.4,No
TC_1571,Male,64,0,Yes,No,,No,No phone service,DSL,No,No,No,Yes,No,Yes,One year,Yes,Mailed check,58.56,414.23,4,46.6,No
TC_1572,Female,60,0,No,No,25,Yes,Yes,Fiber optic,No,No,No,Yes,No,No,Month-to-month,Yes,Credit card,101.56,2482.19,1,425.8,Yes
TC_1573,Female,42,0,No,No,42,Yes,No,Fiber optic,No,No,No,No,Yes,No,Month-to-month,Yes,Electronic check,88.74,3632.46,4,86.4,Yes
TC_1574,Male,32,0,No,No,2,Yes,No,No,No internet service,No internet service,No internet service,No internet service,No internet service,No internet service,Month-to-month,Yes,Credit card,20.0,42.1,5,0.0,Yes
TC_1575,Male,56,0,No,No,31,Yes,No,DSL,No,No,Yes,Yes,No,No,Month-to-month,Yes,Mailed check,,2461.52,10,140.5,Yes
TC_1576,Female,62,0,No,Yes,51,Yes,Yes,Fiber optic,Yes,No,No,Yes,No,Yes,One year,Yes,Bank transfer,118.6,5555.6,2,234.6,No
TC_1577,Male,50,0,No,No,53,Yes,Yes,Fiber optic,No,No,No,Yes,Yes,Yes,Month-to-month,No,Mailed check,108.36,6317.38,8,235.4,No
TC_1578,Male,36,0,No,No,2,Yes,No,Fiber optic,Yes,No,No,Yes,No,Yes,Month-to-month,Yes,Bank transfer,120.0,240.78,2,273.8,No
TC_1579,Female,65,1,Yes,No,55,Yes,No,No,No internet service,No internet service,No internet service,No internet service,No internet service,No internet service,Two year,No,Bank transfer,20.0,1140.02,3,0.0,No
TC_1580,Female,35,0,Yes,Yes,46,Yes,Yes,No,No internet service,No internet service,No internet service,No internet service,No internet service,No internet service,One year,Yes,Credit card,20.0,839.76,1,0.0,No
TC_1581,Female,42,0,Yes,No,17,Yes,No,DSL,No,No,Yes,Yes,No,No,One year,Yes,Mailed check,88.75,1517.38,3,87.0,No
TC_1582,Male,32,0,No,No,48,Yes,Yes,DSL,No,No,No,No,No,Yes,One year,Yes,Credit card,71.96,3357.52,1,93.2,No
TC_1583,Male,35,0,Yes,Yes,2,Yes,No,Fiber optic,No,No,No,No,Yes,Yes,Month-to-month,No,Electronic check,99.37,188.64,13,58.4,Yes
TC_1584,Male,50,0,Yes,No,65,Yes,No,No,No internet service,No internet service,No internet service,No internet service,No internet service,No internet service,Month-to-month,No,Electronic check,20.0,1220.0,6,0.0,Yes
TC_1585,Female,33,0,Yes,No,64,No,No phone service,No,No internet service,No internet service,No internet service,No internet service,No internet service,No internet service,Two year,No,Mailed check,21.84,1363.61,,0.0,No
TC_1586,Female,42,0,No,No,51,Yes,Yes,DSL,Yes,No,No,No,No,No,Two year,No,Credit card,70.39,3889.68,5,143.7,No
TC_1587,Female,47,0,Yes,No,2,Yes,Yes,No,No internet service,No internet service,No internet service,No internet service,No internet service,No internet service,Month-to-month,No,Bank transfer,20.0,39.7,2,0.0,Yes
TC_1588,Male,65,1,Yes,No,63,Yes,No,No,No internet service,No internet service,No internet service,No internet service,No internet service,No internet service,One year,Yes,Bank transfer,20.0,1209.72,7,0.0,No
TC_1589,Male,25,0,No,Yes,,No,No phone service,DSL,No,No,No,No,No,No,Two year,Yes,Credit card,33.83,1908.01,3,27.7,No
TC_1590,Male,49,0,Yes,No,36,Yes,No,Fiber optic,No,Yes,No,No,Yes,No,Month-to-month,Yes,Bank transfer,99.25,,12,152.6,Yes
TC_1591,Male,28,0,No,No,43,No,No phone service,DSL,No,No,Yes,No,No,No,Two year,Yes,Credit card,59.67,2614.85,8,79.4,No
TC_1592,Female,59,0,Yes,Yes,2,Yes,No,Fiber optic,Yes,Yes,No,No,No,No,One year,No,Bank transfer,102.4,207.84,3,287.2,No
TC_1593,Female,54,0,No,No,18,Yes,No,No,No internet service,No internet service,No internet service,No internet service,No internet service,No internet service,Two year,Yes,Mailed check,20.0,376.8,9,0.0,No
TC_1594,Female,44,0,Yes,No,5,Yes,No,No,No internet service,No internet service,No internet service,No internet service,No internet service,No internet service,Month-to-month,Yes,Bank transfer,20.0,96.8,1,0.0,No
TC_1595,Male,30,0,Yes,No,55,Yes,No,No,No internet service,No internet service,No internet service,No internet service,No internet service,No internet service,Month-to-month,Yes,Electronic check,20.0,1129.74,4,0.0,No
TC_1596,Male,44,0,No,No,71,Yes,Yes,Fiber optic,Yes,Yes,No,No,Yes,Yes,Two year,No,Mailed check,114.57,8869.41,0,239.9,No
TC_1597,Male,46,0,Yes,Yes,51,Yes,No,Fiber optic,Yes,Yes,No,Yes,Yes,Yes,Month-to-month,Yes,Mailed check,120.0,5620.64,5,112.5,No
TC_1598,Male,42,0,No,No,63,Yes,Yes,Fiber optic,Yes,No,No,No,Yes,Yes,One year,No,Mailed check,109.77,7225.48,14,133.6,Yes
TC_1599,Female,40,0,No,No,1,Yes,No,DSL,No,No,No,No,No,No,Month-to-month,Yes,Credit card,,64.17,2,66.8,Yes
TC_1600,Male,38,0,Yes,Yes,,Yes,No,Fiber optic,No,Yes,No,No,No,No,Two year,No,Credit card,94.29,4760.98,14,178.8,No
TC_1601,Male,44,0,No,No,1,Yes,No,Fiber optic,No,Yes,No,Yes,No,No,Month-to-month,Yes,Mailed check,111.19,105.04,11,169.5,No
TC_1602,Female,38,0,Yes,Yes,34,Yes,Yes,Fiber optic,No,No,Yes,No,No,Yes,Two year,Yes,Electronic check,96.23,3203.41,6,410.7,No
TC_1603,Female,73,1,No,No,43,No,No phone service,DSL,Yes,No,No,No,No,Yes,Two year,No,Mailed check,57.61,2721.73,6,120.1,Yes
TC_1604,Female,55,0,Yes,Yes,9,Yes,Yes,Fiber optic,Yes,No,Yes,Yes,No,Yes,One year,No,Bank transfer,107.66,1007.74,11,215.1,Yes
TC_1605,Male,56,0,Yes,No,6,Yes,Yes,DSL,No,Yes,Yes,No,No,Yes,One year,No,Bank transfer,89.87,530.45,5,17.3,Yes
TC_1606,Male,34,0,Yes,No,,Yes,Yes,Fiber optic,No,No,Yes,No,No,Yes,One year,Yes,Bank transfer,101.12,728.65,13,335.1,Yes
TC_1607,Male,51,0,No,No,36,Yes,Yes,Fiber optic,Yes,Yes,No,No,No,No,One year,Yes,Bank transfer,98.87,3873.41,5,70.1,No
TC_1608,Male,47,0,Yes,Yes,27,Yes,No,Fiber optic,No,Yes,Yes,Yes,No,Yes,One year,Yes,Credit card,,2814.73,4,254.7,No
TC_0420,Female,42,0,No,No,7,Yes,Yes,No,No internet service,No internet service,No internet service,No internet service,No internet service,No internet service,One year,Yes,Bank transfer,20.0,145.2,0,0.0,No
TC_1610,Male,66,1,No,Yes,27,Yes,Yes,DSL,Yes,No,No,Yes,Yes,Yes,One year,Yes,Bank transfer,101.84,2947.15,3,121.0,Yes
TC_1611,Female,37,0,No,Yes,70,Yes,No,DSL,No,No,No,Yes,Yes,No,Two year,Yes,Mailed check,91.91,5946.78,11,105.1,No
TC_1612,Male,61,0,Yes,Yes,7,Yes,Yes,No,No internet service,No internet service,No internet service,No internet service,No internet service,No internet service,Two year,Yes,Electronic check,20.0,148.18,3,0.0,No
TC_1613,Female,27,0,Yes,Yes,65,Yes,No,Fiber optic,No,No,Yes,No,No,No,Two year,Yes,Electronic check,76.66,4855.54,2,166.8,No
TC_1614,Male,48,0,No,No,6,Yes,Yes,Fiber optic,No,No,No,No,Yes,Yes,Month-to-month,Yes,Mailed check,101.37,550.47,12,294.5,Yes
TC_1615,Female,38,0,Yes,No,0,Yes,No,DSL,No,No,No,No,Yes,No,One year,Yes,Mailed check,71.1,,2,94.7,No
TC_1616,Male,46,0,Yes,Yes,6,No,No phone service,Fiber optic,Yes,No,No,No,No,No,Month-to-month,Yes,Bank transfer,56.05,,8,290.4,No
TC_1617,Male,39,0,Yes,Yes,1,Yes,No,Fiber optic,Yes,Yes,No,Yes,No,No,Two year,Yes,Bank transfer,104.65,113.74,7,216.3,No
TC_1618,Female,36,0,No,No,22,Yes,No,Fiber optic,No,No,Yes,No,No,Yes,Two year,No,Credit card,,2170.82,5,76.7,No
TC_1619,Female,52,0,Yes,Yes,3,Yes,No,Fiber optic,No,Yes,Yes,Yes,No,Yes,One year,No,Credit card,102.14,301.38,3,207.4,No
TC_1620,Female,25,0,Yes,Yes,32,Yes,Yes,DSL,Yes,No,No,No,Yes,Yes,One year,No,Credit card,95.04,3106.93,1,73.5,No
TC_1621,Male,34,0,No,No,3,Yes,Yes,DSL,No,Yes,No,No,No,Yes,Month-to-month,No,Bank transfer,89.57,253.36,7,126.6,Yes
TC_1622,Male,61,0,Yes,No,9,Yes,No,DSL,Yes,No,No,No,No,No,Month-to-month,No,Credit card,,562.34,0,40.3,No
TC_1623,Male,34,0,No,No,54,Yes,No,Fiber optic,Yes,Yes,Yes,Yes,No,No,Month-to-month,Yes,Bank transfer,106.33,5498.49,3,205.3,Yes
TC_1624,Male,39,0,No,No,37,Yes,No,DSL,No,No,No,No,Yes,Yes,Two year,Yes,Credit card,69.05,2556.8,8,183.2,No
TC_1625,Female,30,0,Yes,Yes,33,Yes,No,No,No internet service,No internet service,No internet service,No internet service,No internet service,No internet service,Month-to-month,No,Mailed check,20.0,679.88,4,0.0,No
TC_1626,Male,37,0,No,Yes,7,Yes,Yes,DSL,Yes,No,No,No,Yes,No,One year,No,Mailed check,83.06,,0,54.2,No
TC_1627,Male,66,1,No,Yes,42,Yes,Yes,Fiber optic,No,Yes,No,No,No,No,Two year,Yes,Mailed check,81.69,3291.85,14,329.0,No
TC_1628,Female,67,1,No,No,17,Yes,Yes,Fiber optic,No,No,No,No,No,No,One year,No,Credit card,81.86,1267.37,12,210.3,Yes
TC_1629,Male,23,0,No,No,58,Yes,No,Fiber optic,No,Yes,No,No,No,No,Month-to-month,No,Electronic check,99.23,6298.61,2,163.6,No
TC_1630,Male,30,0,No,No,1,Yes,No,Fiber optic,No,No,Yes,No,Yes,No,Month-to-month,Yes,Credit card,103.98,114.37,1,126.9,Yes
TC_1631,Male,52,0,No,No,4,Yes,No,DSL,No,Yes,No,No,No,No,Month-to-month,Yes,Credit card,76.83,321.03,12,72.3,Yes
TC_1632,Male,58,0,No,No,66,Yes,No,DSL,Yes,Yes,No,Yes,Yes,Yes,One year,Yes,Credit card,108.86,7667.32,2,69.2,No
TC_1633,Female,47,0,Yes,No,55,Yes,Yes,No,No internet service,No internet service,No internet service,No internet service,No internet service,No internet service,Two year,No,Mailed check,20.0,1127.72,4,0.0,No
TC_1634,Female,34,0,Yes,Yes,24,Yes,No,DSL,No,Yes,No,No,Yes,No,One year,Yes,Electronic check,86.97,2171.82,6,47.7,No
TC_1635,Female,52,0,Yes,No,12,Yes,Yes,No,No internet service,No internet service,No internet service,No internet service,No internet service,No internet service,One year,Yes,Credit card,20.0,228.99,0,0.0,No
TC_1636,Male,42,0,Yes,No,2,Yes,No,DSL,No,Yes,Yes,No,No,Yes,Month-to-month,No,Mailed check,100.72,198.85,2,62.2,Yes
TC_1637,Male,44,0,No,No,26,No,No phone service,No,No internet service,No internet service,No internet service,No internet service,No internet service,No internet service,Two year,Yes,Bank transfer,23.33,663.44,7,0.0,No
TC_1638,Male,59,0,No,No,56,Yes,No,Fiber optic,No,No,Yes,Yes,Yes,No,Month-to-month,Yes,Electronic check,119.12,6828.75,0,165.8,Yes
TC_1639,Male,52,0,Yes,Yes,3,Yes,No,Fiber optic,Yes,Yes,No,No,No,No,Month-to-month,Yes,Credit card,110.67,345.99,0,222.9,Yes
TC_1640,Female,24,0,Yes,No,40,Yes,No,DSL,Yes,No,Yes,No,No,No,One year,Yes,Credit card,81.27,3087.45,1,116.5,No
TC_1641,Female,39,0,Yes,Yes,3,No,No phone service,Fiber optic,No,No,Yes,Yes,Yes,No,Month-to-month,No,Bank transfer,109.7,349.34,4,187.5,Yes
TC_1642,Female,49,0,Yes,No,27,Yes,Yes,DSL,Yes,No,No,Yes,No,No,Two year,Yes,Mailed check,73.16,,,60.5,No
TC_1643,Male,22,0,Yes,No,43,Yes,No,Fiber optic,No,No,Yes,No,No,No,Month-to-month,No,Electronic check,,3175.65,10,149.8,Yes
TC_1644,Female,39,0,Yes,Yes,51,Yes,No,Fiber optic,No,Yes,Yes,No,No,No,Two year,Yes,Mailed check,82.58,4030.6,3,277.5,No
TC_1645,Female,39,0,Yes,Yes,45,Yes,Yes,No,No internet service,No internet service,No internet service,No internet service,No internet service,No internet service,Two year,Yes,Electronic check,20.0,830.69,3,0.0,No
TC_1646,Female,27,0,Yes,No,49,Yes,No,Fiber optic,No,No,No,Yes,Yes,No,Month-to-month,No,Credit card,109.08,5151.31,4,403.5,Yes
TC_1647,Male,51,0,Yes,No,39,Yes,No,Fiber optic,Yes,No,Yes,No,Yes,No,One year,Yes,Electronic check,90.5,3224.41,9,174.5,Yes
TC_1648,Female,57,0,Yes,No,34,Yes,Yes,DSL,Yes,No,No,No,No,No,One year,No,Mailed check,56.36,1840.58,0,63.8,No
TC_1649,Female,53,0,Yes,No,0,Yes,No,Fiber optic,Yes,No,No,Yes,No,No,Two year,No,Mailed check,91.03,,5,138.0,No
TC_1650,Female,48,0,Yes,Yes,72,Yes,Yes,Fiber optic,Yes,No,No,Yes,No,No,Two year,Yes,Bank transfer,89.67,6883.09,2,187.0,No
TC_1651,Female,59,0,Yes,No,3,Yes,No,No,No internet service,No internet service,No internet service,No internet service,No internet service,No internet service,Month-to-month,Yes,Bank transfer,20.0,56.79,0,0.0,Yes
TC_1652,Male,40,0,No,No,43,Yes,Yes,Fiber optic,No,Yes,No,Yes,Yes,No,One year,No,Bank transfer,104.77,4706.45,10,227.7,No
TC_1653,Male,35,0,No,Yes,,Yes,No,DSL,Yes,Yes,Yes,No,No,Yes,Two year,Yes,Bank transfer,98.66,5426.84,6,109.3,No
TC_1654,Female,67,1,No,No,48,Yes,Yes,DSL,No,Yes,No,No,Yes,Yes,Two year,No,Credit card,103.5,4611.61,10,121.5,No
TC_1655,Female,43,0,Yes,Yes,8,Yes,No,Fiber optic,No,No,Yes,No,No,Yes,Month-to-month,Yes,Electronic check,101.38,770.75,3,239.3,Yes
TC_1656,Female,58,0,Yes,Yes,49,Yes,Yes,Fiber optic,No,No,Yes,Yes,No,Yes,One year,No,Mailed check,114.42,6098.48,10,202.2,No
TC_1657,Female,40,0,No,Yes,62,Yes,Yes,Fiber optic,No,No,Yes,Yes,No,Yes,One year,Yes,Bank transfer,108.85,6753.63,5,267.2,No
TC_1658,Male,47,0,Yes,Yes,45,Yes,Yes,DSL,No,No,No,No,No,No,One year,No,Credit card,52.64,2244.66,2,47.7,No
TC_1659,Male,66,1,No,No,45,Yes,No,Fiber optic,No,Yes,Yes,No,No,Yes,One year,No,Credit card,105.72,4444.54,8,247.3,No
TC_1660,Female,44,0,Yes,Yes,63,Yes,No,DSL,Yes,No,No,No,Yes,Yes,Month-to-month,Yes,Electronic check,96.92,6210.12,12,155.6,Yes
TC_1661,Male,32,0,Yes,No,67,Yes,Yes,Fiber optic,No,No,No,No,No,Yes,Two year,No,Credit card,73.94,,5,139.9,No
TC_1662,Female,47,0,No,No,5,Yes,No,DSL,No,Yes,Yes,No,No,No,Month-to-month,No,Electronic check,81.64,423.81,10,29.0,Yes
TC_1663,Female,43,0,No,No,18,Yes,Yes,DSL,No,Yes,No,No,No,Yes,One year,Yes,Bank transfer,79.13,1457.06,0,124.3,No
TC_1664,Female,39,0,No,No,12,Yes,Yes,Fiber optic,No,Yes,No,No,Yes,Yes,Month-to-month,Yes,Mailed check,113.25,1454.49,8,189.4,Yes
TC_1665,Female,26,0,No,No,64,Yes,No,DSL,No,No,Yes,No,Yes,Yes,One year,Yes,Bank transfer,96.08,5823.19,2,72.6,No
TC_1666,Male,65,1,No,No,5,Yes,No,No,No internet service,No internet service,No internet service,No internet service,No internet service,No internet service,Month-to-month,Yes,Mailed check,,109.5,13,0.0,Yes
TC_1667,Female,32,0,Yes,No,4,Yes,Yes,Fiber optic,No,Yes,No,Yes,No,No,Month-to-month,Yes,Bank transfer,101.49,414.2,2,164.0,No
TC_1668,Female,25,0,No,No,64,Yes,Yes,DSL,No,Yes,No,No,No,No,Month-to-month,Yes,Electronic check,69.92,4651.47,9,82.1,No
TC_1669,Male,22,0,Yes,No,14,Yes,Yes,Fiber optic,Yes,No,Yes,Yes,No,No,Two year,Yes,Credit card,107.37,1588.07,3,165.9,No
TC_1670,Male,52,0,Yes,No,57,Yes,No,Fiber optic,No,No,No,No,No,No,Month-to-month,No,Electronic check,87.13,5025.77,3,136.6,No
TC_1671,Female,42,0,Yes,Yes,61,Yes,No,No,No internet service,No internet service,No internet service,No internet service,No internet service,No internet service,One year,No,Bank transfer,20.0,1266.74,,0.0,No
TC_1672,Male,35,0,No,No,12,Yes,Yes,No,No internet service,No internet service,No internet service,No internet service,No internet service,No internet service,Month-to-month,Yes,Electronic check,20.0,257.71,5,0.0,No
TC_1673,Male,68,1,Yes,No,67,Yes,No,Fiber optic,No,No,No,No,No,No,Two year,No,Mailed check,81.69,5274.82,12,101.5,No
TC_1674,Male,64,0,No,No,2,Yes,No,DSL,No,Yes,No,Yes,No,No,One year,No,Mailed check,76.54,157.51,4,115.8,No
TC_1675,Male,26,0,No,No,52,Yes,Yes,Fiber optic,Yes,No,No,Yes,No,No,Two year,Yes,Electronic check,116.37,5821.37,2,391.7,No
TC_1676,Male,40,0,Yes,No,4,Yes,No,Fiber optic,No,Yes,Yes,No,No,No,Month-to-month,Yes,Mailed check,102.68,415.07,5,322.7,Yes
TC_1677,Female,66,1,Yes,No,38,Yes,Yes,DSL,No,Yes,Yes,No,Yes,Yes,One year,No,Electronic check,94.96,3419.97,0,102.3,No
TC_1678,Female,48,0,Yes,No,30,Yes,No,Fiber optic,No,Yes,No,Yes,No,No,One year,No,Credit card,100.36,2869.66,0,154.9,No
TC_1679,Female,61,0,Yes,No,60,No,No phone service,Fiber optic,No,Yes,Yes,No,Yes,No,Two year,No,Bank transfer,81.64,5078.27,7,125.7,No
TC_1680,Male,35,0,Yes,No,67,Yes,Yes,DSL,No,Yes,No,No,Yes,No,Month-to-month,Yes,Electronic check,74.57,5246.0,9,133.7,Yes
TC_1681,Female,29,0,No,No,72,Yes,No,No,No internet service,No internet service,No internet service,No internet service,No internet service,No internet service,Two year,Yes,Bank transfer,20.0,1317.77,1,0.0,No
TC_1682,Male,60,0,No,No,56,No,No phone service,DSL,No,No,No,Yes,No,No,Two year,Yes,Credit card,56.66,,0,82.8,No
TC_1683,Female,49,0,Yes,No,2,Yes,No,DSL,Yes,Yes,No,Yes,No,No,One year,No,Credit card,94.65,202.58,6,9.8,Yes
TC_1684,Female,37,0,No,No,7,Yes,No,Fiber optic,No,No,No,No,No,No,One year,Yes,Bank transfer,82.29,620.18,8,248.9,Yes
TC_1685,Female,55,0,No,No,,No,No phone service,DSL,No,No,Yes,No,No,No,Month-to-month,No,Bank transfer,53.14,,0,51.2,No
TC_1686,Female,67,1,Yes,Yes,43,Yes,No,No,No internet service,No internet service,No internet service,No internet service,No internet service,No internet service,One year,No,Electronic check,20.0,837.04,0,0.0,No
TC_1687,Female,43,0,No,Yes,58,Yes,Yes,Fiber optic,No,Yes,No,Yes,Yes,Yes,One year,No,Credit card,206.94,6036.6,6,114.2,No
TC_1688,Male,33,0,No,No,18,Yes,Yes,Fiber optic,No,Yes,Yes,No,No,No,Month-to-month,Yes,Electronic check,105.81,2017.35,3,390.3,Yes
TC_1689,Female,41,0,Yes,No,53,Yes,No,Fiber optic,No,No,Yes,Yes,Yes,No,Two year,No,Bank transfer,112.57,6414.44,1,206.4,No
TC_1690,Male,68,1,Yes,No,3,Yes,Yes,DSL,Yes,No,No,No,No,Yes,Month-to-month,Yes,Mailed check,80.05,221.24,2,65.4,No
TC_1691,Male,29,0,Yes,No,56,No,No phone service,Fiber optic,No,No,No,Yes,Yes,Yes,One year,Yes,Bank transfer,88.65,5227.44,1,97.4,No
TC_1692,Female,30,0,Yes,No,54,Yes,No,No,No internet service,No internet service,No internet service,No internet service,No internet service,No internet service,One year,Yes,Bank transfer,20.0,993.01,7,0.0,No
TC_1693,Male,55,0,No,No,59,Yes,No,Fiber optic,No,No,Yes,No,Yes,No,One year,Yes,Bank transfer,88.01,5356.7,14,290.2,No
TC_1694,Male,41,0,Yes,No,48,Yes,No,No,No internet service,No internet service,No internet service,No internet service,No internet service,No internet service,One year,Yes,Mailed check,20.0,891.3,2,0.0,No
TC_1695,Female,38,0,No,No,7,Yes,Yes,DSL,No,No,Yes,No,No,No,Month-to-month,Yes,Bank transfer,73.47,554.87,4,86.6,No
TC_1696,Male,38,0,No,No,59,Yes,No,No,No internet service,No internet service,No internet service,No internet service,No internet service,No internet service,Month-to-month,Yes,Electronic check,20.0,1285.08,1,0.0,Yes
TC_1697,Female,39,0,Yes,No,28,Yes,No,Fiber optic,No,No,Yes,No,No,No,One year,Yes,Credit card,91.33,2503.52,3,433.3,No
TC_1698,Male,58,0,No,No,40,Yes,No,Fiber optic,No,Yes,Yes,No,Yes,No,One year,No,Credit card,96.91,4228.44,3,95.6,Yes
TC_1699,Female,35,0,Yes,Yes,45,Yes,No,Fiber optic,No,No,Yes,No,No,No,Two year,Yes,Credit card,83.56,3443.53,0,298.7,No
TC_1700,Female,44,0,Yes,No,65,No,No phone service,Fiber optic,No,Yes,No,Yes,No,No,One year,Yes,Credit card,86.23,5717.22,4,335.4,No
TC_1701,Female,46,0,Yes,No,4,Yes,No,DSL,No,No,No,No,Yes,No,Month-to-month,Yes,Bank transfer,74.95,,3,63.0,Yes
TC_1702,Male,57,0,No,Yes,,Yes,Yes,DSL,No,Yes,No,Yes,No,Yes,One year,Yes,Electronic check,95.28,,14,57.5,No
TC_1703,Male,44,0,Yes,No,1,Yes,No,Fiber optic,No,No,No,No,No,No,Month-to-month,Yes,Electronic check,87.18,85.15,5,252.2,Yes
TC_1704,Male,34,0,Yes,Yes,5,No,No phone service,DSL,No,No,No,No,Yes,No,Month-to-month,No,Bank transfer,,238.76,8,68.8,Yes
TC_1705,Female,68,1,No,No,5,Yes,Yes,Fiber optic,Yes,Yes,No,No,Yes,Yes,Month-to-month,No,Electronic check,120.0,554.2,5,50.2,Yes
TC_1706,Male,57,0,Yes,No,55,Yes,Yes,DSL,No,No,Yes,No,Yes,No,One year,Yes,Credit card,83.32,4790.28,6,82.0,No
TC_1707,Female,29,0,No,No,4,Yes,No,Fiber optic,No,No,No,Yes,No,No,Month-to-month,Yes,Mailed check,77.88,287.84,1,231.4,No
TC_1708,Female,23,0,Yes,Yes,,Yes,Yes,DSL,No,Yes,Yes,No,No,No,Month-to-month,No,Electronic check,88.48,414.52,1,90.7,No
TC_1709,Female,58,0,Yes,No,32,Yes,Yes,Fiber optic,No,Yes,Yes,Yes,No,No,Two year,Yes,Mailed check,108.02,3410.94,1,117.2,No
TC_1710,Female,65,1,No,No,,Yes,Yes,DSL,No,Yes,No,Yes,No,Yes,Month-to-month,No,Mailed check,92.54,353.51,2,151.0,Yes
TC_1711,Female,75,1,Yes,No,8,Yes,No,DSL,No,No,No,Yes,No,No,Two year,No,Electronic check,76.86,591.31,,161.4,No
TC_1712,Female,23,0,Yes,No,61,Yes,No,No,No internet service,No internet service,No internet service,No internet service,No internet service,No internet service,Two year,Yes,Mailed check,20.0,1272.62,2,0.0,No
TC_1713,Male,47,0,Yes,No,18,Yes,Yes,Fiber optic,Yes,Yes,Yes,No,Yes,Yes,Two year,No,Credit card,120.0,2339.07,1,51.0,No
TC_1714,Female,38,0,No,No,53,Yes,Yes,DSL,No,No,Yes,Yes,No,No,Two year,Yes,Credit card,82.53,4446.75,2,74.3,No
TC_1715,Female,34,0,Yes,No,,Yes,Yes,DSL,Yes,No,No,No,No,No,Two year,Yes,Bank transfer,,4530.19,0,165.8,No
TC_1716,Male,46,0,Yes,No,56,Yes,Yes,DSL,No,Yes,Yes,No,No,Yes,Two year,No,Mailed check,88.48,4538.16,2,35.3,No
TC_1717,Female,46,0,Yes,Yes,6,Yes,No,Fiber optic,Yes,Yes,No,Yes,Yes,Yes,Two year,Yes,Electronic check,120.0,,2,88.9,Yes
TC_1718,Female,52,0,Yes,No,34,Yes,Yes,DSL,Yes,Yes,Yes,Yes,No,No,One year,No,Bank transfer,96.75,3078.38,0,103.8,No
TC_1719,Female,40,0,No,No,7,Yes,Yes,Fiber optic,No,No,Yes,No,No,No,One year,No,Credit card,96.48,612.51,4,148.6,Yes
TC_1720,Female,64,0,No,No,5,Yes,No,Fiber optic,Yes,Yes,No,No,No,No,Month-to-month,Yes,Electronic check,94.64,473.37,0,158.7,No
TC_1721,Male,65,1,No,No,9,Yes,No,DSL,No,Yes,Yes,No,No,No,One year,No,Bank transfer,74.84,740.19,14,69.1,No
TC_1722,Female,46,0,Yes,No,1,Yes,No,DSL,Yes,No,No,No,No,No,Month-to-month,Yes,Mailed check,71.73,,10,81.4,Yes
TC_1723,Female,42,0,Yes,No,19,Yes,Yes,Fiber optic,No,Yes,Yes,No,No,No,Month-to-month,No,Mailed check,93.29,1742.08,6,313.1,Yes
TC_1724,Female,46,0,Yes,No,7,No,No phone service,Fiber optic,No,Yes,Yes,No,Yes,No,One year,No,Credit card,85.97,654.03,2,189.8,Yes
TC_1725,Female,69,1,Yes,No,3,Yes,No,Fiber optic,No,Yes,No,No,Yes,No,Month-to-month,No,Credit card,92.89,283.44,1,192.5,Yes
TC_1726,Male,39,0,Yes,Yes,60,Yes,No,No,No internet service,No internet service,No internet service,No internet service,No internet service,No internet service,Two year,Yes,Credit card,20.0,1307.72,7,0.0,No
TC_1727,Female,56,0,No,No,39,Yes,Yes,Fiber optic,Yes,Yes,Yes,No,No,Yes,Two year,No,Bank transfer,120.0,4608.8,9,160.4,No
TC_1728,Female,23,0,No,No,42,Yes,Yes,Fiber optic,Yes,No,Yes,No,No,No,Two year,Yes,Electronic check,105.68,4019.05,1,398.4,No
TC_1729,Female,54,0,No,No,36,Yes,Yes,DSL,Yes,No,No,No,Yes,No,Month-to-month,Yes,Credit card,79.35,2755.61,12,124.0,No
TC_1730,Male,31,0,No,No,2,Yes,No,Fiber optic,No,No,No,Yes,Yes,Yes,Month-to-month,No,Electronic check,103.14,215.82,1,142.4,Yes
TC_1731,Male,52,0,Yes,No,35,Yes,Yes,No,No internet service,No internet service,No internet service,No internet service,No internet service,No internet service,Month-to-month,No,Credit card,20.0,685.17,1,0.0,Yes
TC_1732,Male,28,0,No,No,3,No,No phone service,Fiber optic,No,Yes,Yes,Yes,No,No,Month-to-month,Yes,Credit card,93.54,306.64,0,169.4,No
TC_1733,Male,43,0,No,Yes,71,Yes,No,Fiber optic,No,Yes,No,No,Yes,No,One year,Yes,Bank transfer,94.29,7098.31,7,144.1,No
TC_1734,Male,32,0,Yes,No,63,Yes,No,Fiber optic,No,Yes,No,Yes,Yes,Yes,Month-to-month,No,Mailed check,120.0,7192.33,5,164.4,Yes
TC_1735,Female,30,0,Yes,No,63,Yes,Yes,Fiber optic,No,No,No,Yes,No,Yes,Two year,No,Bank transfer,84.93,5379.33,0,204.6,No
TC_1736,Male,41,0,Yes,No,66,Yes,Yes,DSL,No,No,No,No,Yes,Yes,One year,Yes,Mailed check,75.1,4536.46,6,28.9,No
TC_1737,Male,42,0,No,No,2,Yes,No,No,No internet service,No internet service,No internet service,No internet service,No internet service,No internet service,One year,Yes,Bank transfer,20.0,41.28,2,0.0,No
TC_1738,Female,46,0,Yes,Yes,1,Yes,Yes,DSL,Yes,No,Yes,Yes,No,Yes,Month-to-month,No,Bank transfer,100.89,108.03,0,104.9,No
TC_1739,Male,34,0,No,No,4,No,No phone service,No,No internet service,No internet service,No internet service,No internet service,No internet service,No internet service,Month-to-month,Yes,Mailed check,24.03,99.56,0,0.0,Yes
TC_1740,Male,43,0,No,No,34,Yes,No,Fiber optic,No,No,No,No,Yes,No,Month-to-month,Yes,Credit card,83.06,2736.95,8,43.0,No
TC_1741,Female,55,0,No,No,55,Yes,No,No,No internet service,No internet service,No internet service,No internet service,No internet service,No internet service,Two year,No,Bank transfer,20.0,1102.7,5,0.0,No
TC_1742,Male,34,0,Yes,Yes,4,Yes,No,No,No internet service,No internet service,No internet service,No internet service,No internet service,No internet service,Month-to-month,Yes,Electronic check,,87.38,7,0.0,Yes
TC_1743,Male,43,0,No,No,48,Yes,No,DSL,No,No,No,No,Yes,Yes,Two year,Yes,Credit card,72.51,3448.4,1,102.4,No
TC_1744,Male,43,0,No,No,58,Yes,Yes,Fiber optic,No,No,No,Yes,No,Yes,Month-to-month,Yes,Electronic check,100.0,5975.77,5,251.9,No
TC_1745,Female,25,0,No,No,42,No,No phone service,DSL,No,No,No,No,No,No,Two year,No,Mailed check,41.98,1609.31,3,64.4,No
TC_1746,Female,57,0,Yes,No,19,Yes,Yes,Fiber optic,No,No,Yes,No,No,Yes,Month-to-month,Yes,Mailed check,96.91,1842.44,0,143.8,Yes
TC_1747,Female,43,0,Yes,No,51,Yes,Yes,No,No internet service,No internet service,No internet service,No internet service,No internet service,No internet service,Month-to-month,Yes,Credit card,20.0,1058.65,1,0.0,Yes
TC_1748,Male,50,0,No,Yes,4,Yes,Yes,No,No internet service,No internet service,No internet service,No internet service,No internet service,No internet service,Month-to-month,Yes,Bank transfer,20.0,81.81,2,0.0,No
TC_1749,Female,35,0,Yes,Yes,58,Yes,No,No,No internet service,No internet service,No internet service,No internet service,No internet service,No internet service,One year,Yes,Mailed check,20.0,1215.97,2,0.0,No
TC_1750,Male,37,0,No,No,7,Yes,Yes,No,No internet service,No internet service,No internet service,No internet service,No internet service,No internet service,One year,No,Mailed check,20.0,153.9,3,0.0,No
TC_1751,Male,38,0,No,No,58,Yes,No,Fiber optic,Yes,No,Yes,No,Yes,No,Two year,Yes,Electronic check,120.0,7467.4,11,362.8,Yes
TC_1752,Male,57,0,Yes,No,54,Yes,No,DSL,No,No,Yes,No,No,No,Two year,Yes,Credit card,77.25,4038.74,4,61.5,No
TC_1753,Male,73,1,Yes,No,35,Yes,No,DSL,No,Yes,No,No internet service,Yes,No,One year,No,Credit card,69.45,2448.89,8,27.7,No
TC_1754,Female,62,0,No,No,4,Yes,Yes,No,No internet service,No internet service,No internet service,No internet service,No internet service,No internet service,Month-to-month,No,Bank transfer,20.0,77.33,1,0.0,No
TC_1755,Male,37,0,Yes,Yes,58,Yes,No,Fiber optic,Yes,No,No,No,No,No,Two year,No,Bank transfer,81.77,4803.56,3,187.0,No
TC_1756,Male,24,0,No,No,2,No,No phone service,Fiber optic,No,Yes,No,No,No,No,One year,Yes,Electronic check,78.1,162.93,3,205.9,Yes
TC_1757,Male,47,0,Yes,No,5,Yes,Yes,Fiber optic,No,No,No,Yes,Yes,No,Month-to-month,Yes,Electronic check,87.9,419.94,2,67.2,Yes
TC_1758,Female,67,1,Yes,No,32,Yes,No,Fiber optic,No,No,Yes,Yes,Yes,Yes,Two year,No,Electronic check,103.62,3280.58,10,73.8,No
TC_1759,Male,26,0,No,No,29,Yes,No,No,No internet service,No internet service,No internet service,No internet service,No internet service,No internet service,One year,Yes,Credit card,,,5,0.0,No
TC_1760,Female,21,0,No,No,43,No,No phone service,DSL,No,No,No,No,No,Yes,One year,No,Credit card,39.12,1544.66,0,20.8,Yes
TC_1761,Female,53,0,Yes,No,47,Yes,No,Fiber optic,No,No,No,No,Yes,No,One year,Yes,Credit card,77.84,3723.46,4,270.6,No
TC_1762,Male,28,0,No,No,45,No,No phone service,No,No internet service,No internet service,No internet service,No internet service,No internet service,No internet service,Month-to-month,No,Electronic check,22.96,1111.54,6,0.0,No
TC_1763,Female,55,0,No,No,48,Yes,Yes,No,No internet service,No internet service,No internet service,No internet service,No internet service,No internet service,One year,No,Credit card,20.0,985.46,0,0.0,No
TC_1764,Female,61,0,Yes,Yes,1,Yes,No,Fiber optic,No,No,No,Yes,No,Yes,Month-to-month,No,Bank transfer,90.33,83.89,7,187.4,Yes
TC_1765,Male,44,0,Yes,No,2,Yes,No,Fiber optic,Yes,No,No,No,No,Yes,Two year,Yes,Electronic check,,171.54,0,163.6,No
TC_1766,Female,37,0,Yes,No,9,Yes,No,DSL,No,Yes,Yes,No,No,No,Month-to-month,Yes,Electronic check,69.14,602.97,12,63.4,No
TC_1767,Male,72,1,No,No,61,Yes,Yes,DSL,No,Yes,Yes,No,Yes,No,One year,Yes,Credit card,102.86,,4,45.3,No
TC_1768,Female,21,0,Yes,No,16,Yes,Yes,DSL,Yes,Yes,No,No,No,No,Month-to-month,Yes,Electronic check,80.49,1309.75,2,63.9,No
TC_1769,Male,39,0,Yes,No,40,Yes,Yes,DSL,No,No,No,Yes,Yes,No,Month-to-month,Yes,Electronic check,75.07,3285.25,0,60.3,No
TC_1770,Male,41,0,Yes,No,64,Yes,Yes,DSL,Yes,No,No,No,No,No,Two year,No,Electronic check,,3727.16,3,38.0,No
TC_1771,Female,44,0,Yes,No,35,Yes,No,No,No internet service,No internet service,No internet service,No internet service,No internet service,No internet service,One year,Yes,Bank transfer,20.0,767.05,0,0.0,No
TC_1772,Female,58,0,Yes,No,1,Yes,Yes,Fiber optic,No,No,Yes,No,No,Yes,Month-to-month,No,Mailed check,92.81,91.85,6,74.5,Yes
TC_1773,Female,41,0,No,No,54,Yes,No,DSL,No,No,No,No,Yes,No,One year,No,Electronic check,79.29,4119.35,2,128.0,No
TC_1774,Male,35,0,No,No,32,Yes,No,Fiber optic,Yes,Yes,No,No,No,No,Month-to-month,Yes,Credit card,92.16,2943.55,5,129.8,Yes
TC_1775,Male,39,0,No,No,63,Yes,Yes,Fiber optic,No,Yes,Yes,Yes,Yes,No,One year,Yes,Bank transfer,107.81,7237.66,11,171.9,No
TC_1776,Male,36,0,No,No,69,No,No phone service,Fiber optic,Yes,Yes,No,No,No,No,Two year,Yes,Bank transfer,86.45,5640.74,3,319.2,No
TC_1777,Female,43,0,Yes,No,27,Yes,Yes,Fiber optic,Yes,Yes,Yes,No,No,No,Month-to-month,Yes,Electronic check,99.93,2927.2,4,221.4,No
TC_1778,Male,54,0,No,No,44,No,No phone service,DSL,No,No,No,No,No,No,Two year,Yes,Bank transfer,37.95,1711.41,2,52.6,No
TC_1779,Female,38,0,Yes,No,23,Yes,No,DSL,Yes,No,No,No,Yes,No,Month-to-month,Yes,Credit card,86.22,2130.31,,119.7,Yes
TC_1780,Male,32,0,Yes,Yes,9,Yes,Yes,Fiber optic,No,Yes,No,No,No,Yes,Month-to-month,Yes,Electronic check,89.42,806.65,8,134.4,Yes
TC_1781,Female,60,0,No,Yes,13,Yes,Yes,Fiber optic,No,No,Yes,Yes,Yes,Yes,One year,Yes,Credit card,104.55,1275.92,0,76.0,No
TC_1782,Female,38,0,No,No,54,Yes,No,No,No internet service,No internet service,No internet service,No internet service,No internet service,No internet service,Month-to-month,Yes,Mailed check,20.0,1170.74,1,0.0,No
TC_1783,Female,46,0,Yes,No,62,Yes,No,Fiber optic,No,Yes,Yes,No,Yes,Yes,One year,No,Credit card,94.46,6333.65,3,184.9,No
TC_1784,Female,45,0,No,No,59,No,No phone service,No,No internet service,No internet service,No internet service,No internet service,No internet service,No internet service,Two year,No,Electronic check,18.44,1015.73,1,0.0,No
TC_1785,Female,29,0,Yes,No,67,Yes,No,Fiber optic,No,No,No,No,Yes,No,Month-to-month,Yes,Electronic check,72.96,4414.59,6,162.6,Yes
TC_1786,Male,58,0,Yes,Yes,68,Yes,Yes,No,No internet service,No internet service,No internet service,No internet service,No internet service,No internet service,One year,No,Bank transfer,20.0,1374.66,1,0.0,No
TC_1787,Female,40,0,No,Yes,63,Yes,Yes,Fiber optic,No,No,Yes,No,No,No,One year,Yes,Bank transfer,90.77,5990.71,3,48.3,No
TC_1788,Female,34,0,No,No,69,Yes,No,Fiber optic,No,Yes,No,No,No,No,Month-to-month,Yes,Bank transfer,84.82,5374.23,2,125.4,Yes
TC_1789,Female,46,0,Yes,Yes,2,Yes,Yes,DSL,No,Yes,No,No,Yes,No,Month-to-month,No,Mailed check,80.28,159.45,0,82.3,No
TC_1790,Female,71,1,Yes,No,51,Yes,No,No,No internet service,No internet service,No internet service,No internet service,No internet service,No internet service,One year,No,Bank transfer,20.0,1112.5,0,0.0,No
TC_1791,Female,59,0,Yes,No,,Yes,Yes,No,No internet service,No internet service,No internet service,No internet service,No internet service,No internet service,One year,Yes,Credit card,20.0,191.33,0,0.0,No
TC_1792,Male,49,0,Yes,No,60,Yes,No,No,No internet service,No internet service,No internet service,No internet service,No internet service,No internet service,Month-to-month,Yes,Mailed check,20.0,1172.24,15,0.0,No
TC_1793,Male,34,0,Yes,Yes,7,No,No phone service,DSL,Yes,No,No,Yes,No,No,Month-to-month,Yes,Electronic check,56.66,371.72,1,56.0,No
TC_1794,Male,42,0,Yes,No,13,Yes,Yes,Fiber optic,No,No,No,No,Yes,Yes,One year,Yes,Bank transfer,106.67,1497.19,1,101.3,Yes
TC_1795,Female,58,0,No,No,5,Yes,Yes,Fiber optic,Yes,No,No,No,No,No,Month-to-month,No,Electronic check,,420.53,3,138.0,Yes
TC_1796,Male,42,0,Yes,No,37,Yes,No,No,No internet service,No internet service,No internet service,No internet service,No internet service,No internet service,Two year,Yes,Bank transfer,20.0,747.41,11,0.0,No
TC_1797,Male,49,0,No,Yes,4,Yes,Yes,Fiber optic,Yes,No,No,No,Yes,Yes,Month-to-month,Yes,Credit card,118.67,519.48,6,220.8,Yes
TC_1798,Male,54,0,No,No,3,No,No phone service,DSL,No,No,No,No,No,No,Month-to-month,No,Bank transfer,41.98,133.39,1,21.2,Yes
TC_1799,Male,58,0,Yes,Yes,10,Yes,Yes,Fiber optic,Yes,No,Yes,Yes,Yes,No,Two year,No,Credit card,112.23,1081.5,8,72.9,No
TC_1800,Male,33,0,Yes,No,,No,No phone service,DSL,Yes,No,No,No,No,Yes,One year,Yes,Mailed check,46.19,,8,167.4,No
TC_1801,Female,40,0,Yes,No,2,Yes,Yes,DSL,Yes,No,No,Yes,No,No,Month-to-month,No,Credit card,83.65,167.57,1,49.9,Yes
TC_1802,Female,72,1,No,No,55,Yes,No,No,No internet service,No internet service,No internet service,No internet service,No internet service,No internet service,Two year,Yes,Mailed check,20.0,1018.4,7,0.0,No
TC_1803,Male,41,0,No,No,66,Yes,No,DSL,Yes,No,No,Yes,Yes,Yes,Month-to-month,Yes,Bank transfer,102.49,7334.59,,81.7,No
TC_1804,Female,58,0,No,No,55,Yes,Yes,DSL,No,No,No,No,Yes,No,Month-to-month,Yes,Bank transfer,75.01,3783.0,1,64.4,Yes
TC_1805,Male,48,0,No,Yes,7,Yes,No,DSL,No,Yes,No,Yes,Yes,No,One year,Yes,Bank transfer,80.44,541.24,2,63.1,No
TC_1806,Male,34,0,Yes,Yes,65,Yes,No,DSL,No,No,No,No,No,No,One year,Yes,Electronic check,69.0,4508.95,11,109.8,No
TC_1807,Male,63,0,Yes,No,64,Yes,Yes,No,No internet service,No internet service,No internet service,No internet service,No internet service,No internet service,One year,No,Bank transfer,20.0,1224.42,4,0.0,No
TC_1808,Male,41,0,Yes,No,12,Yes,No,DSL,Yes,Yes,No,Yes,No,Yes,Month-to-month,Yes,Credit card,106.75,1220.84,0,65.5,Yes
TC_1809,Female,30,0,No,No,65,Yes,No,No,No internet service,No internet service,No internet service,No internet service,No internet service,No internet service,Two year,Yes,Bank transfer,20.0,1322.11,13,0.0,No
TC_1810,Female,38,0,Yes,No,8,Yes,Yes,No,No internet service,No internet service,No internet service,No internet service,No internet service,No internet service,One year,Yes,Bank transfer,20.0,147.21,5,0.0,No
TC_1811,Male,31,0,No,No,69,Yes,Yes,Fiber optic,Yes,No,No,No,No,Yes,Two year,Yes,Credit card,95.89,7096.17,1,449.8,No
TC_1812,Female,28,0,Yes,No,69,Yes,No,Fiber optic,Yes,Yes,No,No,Yes,Yes,Month-to-month,No,Bank transfer,113.73,8375.58,15,341.0,No
TC_1813,Male,31,0,Yes,No,41,Yes,No,Fiber optic,Yes,No,Yes,Yes,Yes,Yes,Two year,No,Mailed check,120.0,4813.61,2,294.1,Yes
TC_1814,Female,27,0,Yes,Yes,2,Yes,Yes,Fiber optic,Yes,Yes,No,Yes,Yes,No,Month-to-month,Yes,Electronic check,117.75,253.83,12,118.8,Yes
TC_1815,Female,39,0,No,No,55,No,No phone service,DSL,No,No,Yes,No,No,Yes,Two year,No,Credit card,67.43,4060.29,1,69.9,No
TC_1816,Female,63,0,No,No,36,Yes,Yes,Fiber optic,No,No,Yes,No,No,No,Month-to-month,Yes,Electronic check,91.48,3312.12,2,177.6,No
TC_1817,Male,59,0,Yes,No,72,Yes,Yes,DSL,No,No,No,Yes,No,Yes,Two year,Yes,Electronic check,84.95,,4,92.0,No
TC_1818,Male,27,0,Yes,No,28,Yes,No,Fiber optic,Yes,Yes,No,Yes,Yes,No,One year,Yes,Bank transfer,120.0,3609.41,5,465.9,No
TC_1819,Female,65,1,Yes,No,1,Yes,Yes,Fiber optic,No,Yes,Yes,Yes,No,Yes,Month-to-month,Yes,Bank transfer,120.0,129.34,8,352.3,Yes
TC_1820,Female,41,0,Yes,No,1,Yes,Yes,DSL,No,Yes,No,No,No,Yes,Two year,Yes,Electronic check,82.26,88.73,7,37.0,Yes
TC_1821,Male,55,0,Yes,No,9,Yes,Yes,DSL,Yes,No,No,Yes,No,No,Two year,Yes,Electronic check,85.65,772.86,2,102.2,No
TC_1822,Male,39,0,Yes,No,56,No,No phone service,No,No internet service,No internet service,No internet service,No internet service,No internet service,No internet service,One year,Yes,Credit card,23.96,1414.71,,0.0,No
TC_1823,Male,22,0,Yes,No,64,Yes,No,DSL,No,No,No,Yes,No,Yes,Two year,Yes,Credit card,79.6,4640.94,5,40.0,Yes
TC_1824,Female,43,0,No,No,8,Yes,No,DSL,No,No,Yes,No,No,No,Month-to-month,Yes,Electronic check,70.43,,11,69.4,No
TC_1825,Female,38,0,No,No,24,Yes,No,Fiber optic,Yes,Yes,No,Yes,No,Yes,One year,Yes,Electronic check,119.31,2840.59,3,105.5,No
TC_1826,Male,43,0,No,No,42,Yes,No,Fiber optic,Yes,No,Yes,No,Yes,Yes,Month-to-month,No,Electronic check,116.84,5001.25,7,119.8,Yes
TC_1827,Male,58,0,Yes,No,34,Yes,No,Fiber optic,Yes,No,Yes,Yes,No,No,One year,No,Electronic check,100.21,3673.44,7,375.3,No
TC_1828,Male,32,0,No,No,4,Yes,Yes,DSL,No,No,Yes,No,No,Yes,Month-to-month,No,Electronic check,90.64,336.63,1,123.9,Yes
TC_1829,Male,49,0,No,No,10,Yes,No,No,No internet service,No internet service,No internet service,No internet service,No internet service,No internet service,Month-to-month,No,Bank transfer,20.0,197.93,2,0.0,Yes
TC_1830,Male,64,0,Yes,Yes,10,Yes,No,Fiber optic,Yes,No,Yes,No,Yes,Yes,Two year,No,Electronic check,120.0,1096.99,6,324.1,No
TC_1831,Female,27,0,No,No,5,Yes,No,DSL,No,No,Yes,Yes,No,No,Month-to-month,Yes,Mailed check,83.32,450.39,5,99.3,Yes
TC_1832,Male,50,0,No,No,2,Yes,Yes,No,No internet service,No internet service,No internet service,No internet service,No internet service,No internet service,Two year,No,Electronic check,20.0,39.43,4,0.0,No
TC_1833,Male,67,1,Yes,No,45,No,No phone service,Fiber optic,Yes,No,No,No,No,Yes,Two year,No,Bank transfer,90.64,4482.01,,309.0,Yes
TC_1834,Female,21,0,Yes,Yes,,No,No phone service,No,No internet service,No internet service,No internet service,No internet service,No internet service,No internet service,One year,No,Credit card,18.74,1057.69,3,0.0,No
TC_1835,Female,41,0,Yes,Yes,7,Yes,Yes,Fiber optic,No,No,No,Yes,No,No,One year,Yes,Credit card,81.35,562.76,9,188.8,No
TC_1836,Female,52,0,Yes,Yes,60,Yes,No,Fiber optic,No,No,No,No,Yes,Yes,Two year,Yes,Credit card,104.38,5747.81,5,52.6,No
TC_1837,Male,31,0,No,No,62,Yes,No,No,No internet service,No internet service,No internet service,No internet service,No internet service,No internet service,Two year,Yes,Mailed check,20.0,1291.41,11,0.0,No
TC_1838,Female,47,0,Yes,No,20,Yes,Yes,DSL,No,Yes,No,No,No,No,Month-to-month,Yes,Mailed check,69.39,1318.85,3,174.0,Yes
TC_1839,Female,41,0,Yes,No,18,Yes,No,Fiber optic,No,Yes,Yes,Yes,Yes,No,Month-to-month,Yes,Bank transfer,120.0,,11,418.8,Yes
TC_1840,Female,53,0,No,No,9,Yes,No,DSL,No,No,No,No,No,Yes,Month-to-month,Yes,Mailed check,71.38,691.01,2,64.3,No
TC_1841,Male,47,0,No,No,41,No,No phone service,Fiber optic,No,Yes,No,No,Yes,Yes,One year,No,Mailed check,105.77,4354.8,,341.9,No
TC_1842,Female,45,0,Yes,No,17,Yes,Yes,No,No internet service,No internet service,No internet service,No internet service,No internet service,No internet service,Two year,Yes,Credit card,20.0,339.25,1,0.0,No
TC_1843,Female,42,0,No,No,,Yes,Yes,Fiber optic,No,No,Yes,No,Yes,No,Month-to-month,Yes,Electronic check,109.43,5969.85,6,324.1,No
TC_1844,Female,32,0,Yes,No,24,Yes,No,Fiber optic,No,Yes,Yes,Yes,No,Yes,Month-to-month,No,Credit card,120.0,3165.98,5,241.0,Yes
TC_1845,Female,70,1,Yes,No,37,Yes,Yes,Fiber optic,No,No,Yes,No,No,No,Month-to-month,No,Mailed check,88.65,3557.47,5,399.3,Yes
TC_1846,Male,67,1,No,No,21,Yes,No,DSL,No,Yes,No,Yes,No,Yes,Two year,No,Bank transfer,85.1,1677.31,0,111.3,No
TC_1847,Female,48,0,No,No,3,Yes,No,DSL,No,No,No,No,No,No,One year,Yes,Mailed check,59.81,193.64,,147.7,No
TC_1848,Male,30,0,No,No,10,Yes,Yes,DSL,Yes,No,No,No,Yes,Yes,Month-to-month,Yes,Electronic check,84.5,888.24,8,108.2,Yes
TC_1849,Female,58,0,No,No,4,No,No phone service,DSL,Yes,No,No,No,No,Yes,Two year,No,Bank transfer,71.88,295.41,8,126.1,No
TC_1850,Male,52,0,No,No,4,Yes,No,No,No internet service,No internet service,No internet service,No internet service,No internet service,No internet service,One year,No,Credit card,20.0,77.81,4,0.0,No
TC_1851,Male,43,0,Yes,No,65,Yes,No,Fiber optic,Yes,No,Yes,No,No,No,Two year,No,Bank transfer,90.94,5987.51,4,210.5,No
TC_1852,Female,64,0,Yes,No,35,Yes,No,Fiber optic,Yes,Yes,No,Yes,No,Yes,One year,Yes,Credit card,120.0,4368.03,4,298.1,No
TC_1853,Female,51,0,Yes,No,6,Yes,No,Fiber optic,No,No,Yes,No,No,Yes,Month-to-month,Yes,Credit card,100.23,594.34,4,102.0,Yes
TC_1854,Male,37,0,No,Yes,7,Yes,Yes,DSL,Yes,No,Yes,No,Yes,No,One year,Yes,Bank transfer,77.65,559.52,8,71.4,Yes
TC_1855,Male,63,0,Yes,No,5,Yes,Yes,No,No internet service,No internet service,No internet service,No internet service,No internet service,No internet service,One year,No,Bank transfer,20.0,107.85,0,0.0,No
TC_1856,Male,58,0,No,Yes,68,Yes,Yes,DSL,No,No,Yes,Yes,No,No,Month-to-month,Yes,Credit card,64.43,3950.4,1,34.4,No
TC_1857,Female,48,0,Yes,Yes,62,Yes,No,No,No internet service,No internet service,No internet service,No internet service,No internet service,No internet service,Two year,No,Bank transfer,20.0,1230.18,,0.0,No
TC_1858,Female,53,0,No,Yes,43,Yes,No,DSL,No,No,Yes,No,Yes,Yes,Two year,Yes,Mailed check,87.87,3493.04,4,51.9,No
TC_1859,Female,62,0,Yes,No,5,Yes,No,DSL,No,No,No,No,Yes,No,Month-to-month,No,Electronic check,81.62,444.3,0,169.6,Yes
TC_1860,Female,21,0,Yes,Yes,43,Yes,No,Fiber optic,Yes,Yes,Yes,No,No,No,Two year,Yes,Credit card,120.0,5336.82,,207.0,No
TC_1861,Male,69,1,Yes,No,10,Yes,No,DSL,Yes,Yes,No,No,Yes,No,Month-to-month,No,Electronic check,87.26,885.36,3,45.6,Yes
TC_1862,Female,64,0,Yes,No,55,Yes,No,DSL,Yes,No,Yes,No,No,Yes,One year,Yes,Credit card,83.41,4923.53,2,46.5,No
TC_1863,Male,26,0,Yes,No,46,Yes,Yes,No,No internet service,No internet service,No internet service,No internet service,No internet service,No internet service,Two year,Yes,Bank transfer,20.0,929.1,2,0.0,No
TC_1864,Female,29,0,Yes,No,11,Yes,No,DSL,No,Yes,No,No,No,No,One year,Yes,Mailed check,68.28,764.2,2,125.4,No
TC_1865,Female,69,1,No,Yes,46,Yes,Yes,Fiber optic,Yes,No,No,Yes,Yes,Yes,Month-to-month,Yes,Mailed check,109.25,5343.04,4,169.5,No
TC_1866,Male,30,0,Yes,No,61,Yes,Yes,DSL,No,Yes,Yes,Yes,No,Yes,Two year,Yes,Credit card,115.62,6778.16,0,121.5,No
TC_1867,Female,25,0,No,No,60,Yes,Yes,Fiber optic,No,No,No,Yes,Yes,No,Two year,No,Electronic check,90.12,5203.73,8,101.6,No
TC_1868,Male,64,0,Yes,No,28,Yes,No,DSL,No,No,No,Yes,No,No,One year,No,Mailed check,77.22,1992.36,0,172.3,No
TC_1869,Female,34,0,Yes,No,7,Yes,No,DSL,No,No,No,Yes,No,Yes,Two year,Yes,Bank transfer,82.36,570.68,,79.7,No
TC_1870,Female,72,1,Yes,No,56,Yes,Yes,Fiber optic,No,No,No,No,Yes,No,Two year,No,Credit card,77.61,3995.57,3,194.7,No
TC_1871,Male,23,0,Yes,No,2,Yes,No,Fiber optic,No,No,Yes,No,No,Yes,Month-to-month,No,Credit card,92.24,176.01,0,170.1,Yes
TC_1872,Male,41,0,No,Yes,72,Yes,No,Fiber optic,Yes,No,No,Yes,No,Yes,Two year,No,Mailed check,105.12,7700.98,7,226.0,No
TC_1873,Male,62,0,Yes,No,55,Yes,Yes,Fiber optic,No,Yes,Yes,No,Yes,No,Month-to-month,No,Credit card,92.63,4595.03,3,268.8,Yes
TC_1874,Male,52,0,No,No,67,Yes,No,Fiber optic,No,Yes,Yes,Yes,Yes,Yes,Two year,Yes,Credit card,120.0,8601.17,2,128.0,No
TC_1875,Male,56,0,Yes,No,67,Yes,No,DSL,No,No,No,No,Yes,Yes,Month-to-month,Yes,Bank transfer,83.81,,0,46.0,Yes
TC_1876,Female,62,0,No,No,42,Yes,No,DSL,No,No,No,No,Yes,No,Two year,No,Mailed check,66.16,3000.24,0,61.9,No
TC_1877,Male,52,0,Yes,No,44,Yes,No,Fiber optic,Yes,No,No,No,No,Yes,Two year,Yes,Mailed check,98.26,4395.42,9,295.8,No
TC_1878,Male,33,0,Yes,No,26,Yes,No,Fiber optic,No,No,No,No,Yes,No,One year,No,Mailed check,,2417.9,2,58.5,No
TC_1879,Female,47,0,Yes,No,2,Yes,Yes,DSL,No,Yes,No,No,Yes,Yes,Two year,No,Electronic check,94.35,206.46,1,20.5,No
TC_1880,Female,34,0,No,No,66,Yes,Yes,No,No internet service,No internet service,No internet service,No internet service,No internet service,No internet service,Two year,Yes,Bank transfer,20.0,1271.28,8,0.0,No
TC_1881,Female,27,0,No,No,3,No,No phone service,Fiber optic,No,Yes,Yes,Yes,No,Yes,Month-to-month,Yes,Mailed check,95.96,298.95,5,253.4,No
TC_1882,Female,43,0,No,No,58,Yes,Yes,No,No internet service,No internet service,No internet service,No internet service,No internet service,No internet service,Two year,Yes,Credit card,20.0,1134.37,0,0.0,No
TC_1883,Male,36,0,No,No,57,Yes,No,Fiber optic,No,No,No,No,Yes,Yes,Month-to-month,Yes,Mailed check,101.8,5681.21,2,51.2,Yes
TC_1884,Male,31,0,No,No,46,Yes,Yes,No,No internet service,No internet service,No internet service,No internet service,No internet service,No internet service,Two year,Yes,Bank transfer,20.0,895.7,5,0.0,No
TC_1885,Male,24,0,No,No,35,Yes,No,Fiber optic,Yes,No,Yes,No,No,Yes,Two year,No,Electronic check,105.15,3767.31,0,328.5,No
TC_1886,Female,55,0,Yes,No,6,Yes,No,DSL,Yes,No,No,No,Yes,No,One year,No,Bank transfer,81.94,453.27,0,47.6,Yes
TC_1887,Male,52,0,Yes,No,25,Yes,Yes,DSL,No,No,Yes,No,No,Yes,Two year,No,Bank transfer,,1836.28,0,158.1,No
TC_1888,Female,55,0,No,No,6,Yes,Yes,No,No internet service,No internet service,No internet service,No internet service,No internet service,No internet service,Month-to-month,No,Bank transfer,20.0,108.51,1,0.0,No
TC_1889,Female,50,0,No,No,57,Yes,No,DSL,Yes,No,No,No,No,Yes,One year,No,Credit card,84.83,4769.04,0,28.3,No
TC_1890,Female,35,0,Yes,No,1,Yes,Yes,Fiber optic,No,No,No,No,Yes,No,Month-to-month,No,Bank transfer,81.78,79.05,5,184.9,Yes
TC_1891,Male,32,0,No,No,47,Yes,Yes,No,No internet service,No internet service,No internet service,No internet service,No internet service,No internet service,Two year,No,Credit card,20.0,988.24,0,0.0,No
TC_1892,Male,50,0,No,No,53,Yes,Yes,DSL,Yes,Yes,No,Yes,No,Yes,Two year,No,Bank transfer,98.36,4955.26,5,144.9,No
TC_1893,Male,47,0,No,No,52,Yes,Yes,Fiber optic,Yes,Yes,Yes,Yes,No,No,Two year,No,Bank transfer,108.53,6030.13,1,427.1,No
TC_1894,Female,51,0,No,Yes,55,Yes,No,Fiber optic,No,No,No,No,Yes,No,One year,Yes,Mailed check,92.99,5018.34,0,178.7,No
TC_1895,Male,40,0,No,No,68,Yes,No,DSL,Yes,No,No,No,No,No,One year,No,Credit card,63.79,3981.61,6,152.6,No
TC_1896,Male,35,0,No,No,60,Yes,No,DSL,No,Yes,Yes,No,Yes,Yes,Month-to-month,No,Credit card,93.53,5140.57,5,126.1,No
TC_1897,Female,52,0,No,Yes,4,No,No phone service,DSL,Yes,No,No,No,No,No,Month-to-month,Yes,Electronic check,54.29,203.2,3,162.8,Yes
TC_1898,Female,45,0,No,Yes,2,Yes,No,DSL,No,No,No,No,No,Yes,Month-to-month,Yes,Bank transfer,,125.76,5,137.3,No
TC_1899,Male,38,0,Yes,No,,Yes,No,No,No internet service,No internet service,No internet service,No internet service,No internet service,No internet service,Month-to-month,No,Credit card,20.0,1461.68,7,0.0,Yes
TC_1900,Male,24,0,No,No,8,Yes,Yes,No,No internet service,No internet service,No internet service,No internet service,No internet service,No internet service,Month-to-month,Yes,Credit card,,147.81,1,0.0,Yes
TC_1901,Male,34,0,Yes,No,13,Yes,No,Fiber optic,Yes,No,No,Yes,Yes,Yes,Month-to-month,No,Electronic check,120.0,1573.48,12,257.8,No
TC_1902,Female,32,0,Yes,Yes,2,Yes,No,DSL,No,No,Yes,No,No,No,Month-to-month,Yes,Bank transfer,64.65,140.66,0,115.1,Yes
TC_1903,Female,63,0,No,No,,Yes,No,No,No internet service,No internet service,No internet service,No internet service,No internet service,No internet service,Two year,Yes,Mailed check,20.0,77.82,3,0.0,No
TC_1904,Female,25,0,No,No,25,Yes,No,Fiber optic,Yes,Yes,No,No,Yes,No,One year,Yes,Electronic check,106.12,2611.73,11,294.9,No
TC_1905,Male,53,0,No,No,22,Yes,No,DSL,Yes,No,No,Yes,Yes,No,Month-to-month,No,Electronic check,,2112.87,9,47.7,Yes
TC_1906,Male,44,0,No,No,47,Yes,No,DSL,No,No,No,No,Yes,Yes,One year,No,Electronic check,77.57,3852.75,15,59.8,No
TC_1907,Male,52,0,Yes,No,19,Yes,No,DSL,No,No,No,No,Yes,Yes,Two year,No,Electronic check,82.57,1436.21,0,91.6,No
TC_1908,Female,33,0,No,No,26,No,No phone service,DSL,No,Yes,No,No,No,No,Two year,Yes,Mailed check,43.48,1137.32,4,86.9,No
TC_1909,Male,41,0,Yes,No,70,Yes,Yes,Fiber optic,Yes,No,No,No,No,No,Two year,No,Bank transfer,84.32,5397.83,13,58.2,No
TC_1910,Male,23,0,No,Yes,2,Yes,Yes,Fiber optic,No,No,No,No,No,No,Month-to-month,Yes,Electronic check,89.72,189.92,1,239.7,Yes
TC_1911,Male,46,0,No,No,72,No,No phone service,Fiber optic,Yes,No,Yes,Yes,No,Yes,One year,Yes,Bank transfer,104.15,7370.52,5,117.7,No
TC_1912,Male,58,0,No,No,55,Yes,No,DSL,Yes,Yes,No,No,No,No,Month-to-month,No,Electronic check,74.12,4156.06,9,54.7,No
TC_1913,Female,54,0,No,No,30,Yes,Yes,DSL,No,Yes,No,Yes,Yes,No,Month-to-month,Yes,Credit card,98.96,3203.0,5,81.6,Yes
TC_1914,Female,63,0,No,No,61,Yes,Yes,Fiber optic,Yes,No,No,No,Yes,No,One year,No,Credit card,96.69,5644.7,4,211.7,No
TC_1915,Male,53,0,Yes,No,3,Yes,No,No,No internet service,No internet service,No internet service,No internet service,No internet service,No internet service,Month-to-month,No,Electronic check,20.0,55.59,6,0.0,Yes
TC_1916,Male,53,0,No,No,3,No,No phone service,DSL,Yes,No,No,Yes,Yes,Yes,Month-to-month,Yes,Mailed check,93.23,286.93,7,45.3,No
TC_1917,Male,34,0,No,No,63,Yes,No,DSL,Yes,Yes,No,Yes,No,Yes,Two year,Yes,Bank transfer,99.69,5796.99,10,109.3,No
TC_1918,Male,40,0,Yes,Yes,44,Yes,Yes,DSL,Yes,Yes,No,No,No,No,Month-to-month,Yes,Credit card,82.25,3804.51,2,40.7,No
TC_1919,Female,35,0,No,No,16,Yes,No,Fiber optic,No,Yes,No,No,Yes,Yes,One year,Yes,Bank transfer,102.84,1651.62,1,179.5,No
TC_1920,Female,44,0,No,No,19,Yes,No,No,No internet service,No internet service,No internet service,No internet service,No internet service,No internet service,One year,No,Mailed check,20.0,372.98,3,0.0,No
TC_1921,Female,23,0,No,No,,Yes,Yes,No,No internet service,No internet service,No internet service,No internet service,No internet service,No internet service,Two year,Yes,Bank transfer,20.0,809.04,0,0.0,No
TC_1922,Male,42,0,Yes,No,1,Yes,Yes,DSL,No,Yes,No,Yes,No,No,Month-to-month,No,Electronic check,67.09,73.3,2,59.7,Yes
TC_1923,Female,46,0,Yes,No,47,Yes,Yes,Fiber optic,No,Yes,No,Yes,No,Yes,One year,Yes,Bank transfer,115.01,4918.14,6,131.1,No
TC_1924,Female,29,0,Yes,No,63,Yes,Yes,Fiber optic,No,No,No,No,Yes,No,One year,No,Mailed check,,5124.64,,69.9,No
TC_1925,Male,46,0,No,No,4,No,No phone service,Fiber optic,Yes,Yes,Yes,Yes,Yes,Yes,Month-to-month,Yes,Bank transfer,119.92,486.02,3,267.3,Yes
TC_1926,Female,48,0,Yes,No,72,Yes,Yes,Fiber optic,No,Yes,No,No,No,Yes,Month-to-month,Yes,Electronic check,97.51,6346.04,9,296.3,Yes
TC_1927,Male,44,0,No,Yes,45,Yes,No,DSL,Yes,No,No,No,No,Yes,Month-to-month,No,Electronic check,87.64,3616.32,6,14.8,No
TC_1928,Female,37,0,No,No,57,Yes,No,Fiber optic,No,Yes,Yes,No,No,No,Two year,No,Mailed check,88.88,4642.87,11,143.5,No
TC_1929,Male,26,0,Yes,No,46,Yes,Yes,No,No internet service,No internet service,No internet service,No internet service,No internet service,No internet service,Month-to-month,Yes,Bank transfer,20.0,1009.75,2,0.0,No
TC_1930,Female,38,0,No,Yes,55,Yes,Yes,No,No internet service,No internet service,No internet service,No internet service,No internet service,No internet service,One year,No,Credit card,20.0,1077.4,1,0.0,No
TC_1931,Female,41,0,No,No,60,Yes,No,DSL,No,No,No,No,Yes,No,One year,Yes,Credit card,63.88,3543.81,1,119.2,No
TC_1932,Male,42,0,No,No,63,Yes,No,Fiber optic,Yes,No,Yes,No,Yes,No,One year,Yes,Bank transfer,95.93,5447.77,3,217.0,Yes
TC_1933,Male,54,0,Yes,No,72,Yes,Yes,No,No internet service,No internet service,No internet service,No internet service,No internet service,No internet service,One year,No,Electronic check,20.0,1312.73,1,0.0,No
TC_1934,Male,73,1,Yes,No,42,Yes,No,Fiber optic,No,Yes,Yes,No,No,Yes,One year,Yes,Mailed check,114.21,4867.3,7,45.2,No
TC_1935,Female,61,0,Yes,Yes,57,Yes,Yes,DSL,Yes,No,No,No,Yes,No,One year,No,Electronic check,73.88,4297.03,6,116.1,No
TC_1936,Female,51,0,No,No,60,Yes,Yes,Fiber optic,Yes,No,Yes,No,Yes,Yes,Two year,No,Electronic check,107.12,6992.72,1,273.0,No
TC_1937,Female,33,0,No,No,51,No,No phone service,DSL,Yes,No,Yes,Yes,Yes,Yes,Month-to-month,Yes,Bank transfer,101.25,4668.94,8,154.1,No
TC_1938,Male,63,0,Yes,No,3,Yes,Yes,Fiber optic,No,No,Yes,No,No,Yes,Month-to-month,No,Mailed check,93.89,255.84,6,248.0,Yes
TC_1939,Female,47,0,No,No,2,Yes,Yes,No,No internet service,No internet service,No internet service,No internet service,No internet service,No internet service,Month-to-month,Yes,Electronic check,20.0,37.56,1,0.0,No
TC_1940,Male,29,0,Yes,No,7,No,No phone service,Fiber optic,Yes,No,No,No,Yes,No,One year,Yes,Bank transfer,76.75,519.23,7,140.3,No
TC_1941,Male,64,0,Yes,Yes,60,Yes,No,No,No internet service,No internet service,No internet service,No internet service,No internet service,No internet service,Two year,No,Credit card,,1111.22,2,0.0,No
TC_1942,Female,27,0,No,No,59,Yes,No,No,No internet service,No internet service,No internet service,No internet service,No internet service,No internet service,Two year,No,Bank transfer,20.0,1193.59,9,0.0,No
TC_1943,Male,43,0,Yes,Yes,15,Yes,Yes,Fiber optic,Yes,Yes,Yes,No,No,Yes,Month-to-month,Yes,Electronic check,104.25,1468.4,3,205.0,No
TC_1944,Male,33,0,No,No,31,Yes,No,DSL,No,No,No,No,No,No,Month-to-month,Yes,Electronic check,69.75,2276.19,1,150.7,Yes
TC_1945,Male,41,0,Yes,No,62,Yes,Yes,DSL,No,Yes,Yes,No,Yes,Yes,One year,No,Mailed check,111.46,7152.87,4,103.5,No
TC_1946,Male,31,0,Yes,No,3,Yes,Yes,DSL,No,Yes,Yes,No,Yes,No,Month-to-month,No,Mailed check,84.43,264.96,3,130.6,No
TC_1947,Female,48,0,No,No,56,Yes,Yes,Fiber optic,No,No,Yes,No,No,No,Month-to-month,No,Electronic check,79.14,4453.44,,208.0,Yes
TC_1948,Male,29,0,Yes,Yes,35,Yes,Yes,Fiber optic,No,Yes,No,No,Yes,No,Two year,Yes,Mailed check,96.03,3274.24,3,322.7,No
TC_1949,Male,37,0,No,Yes,6,Yes,Yes,No,No internet service,No internet service,No internet service,No internet service,No internet service,No internet service,Month-to-month,Yes,Mailed check,20.0,126.08,6,0.0,Yes
TC_1950,Male,32,0,No,No,35,Yes,No,DSL,No,No,Yes,No,Yes,No,Two year,No,Electronic check,83.6,3147.55,8,42.0,No
TC_1951,Male,46,0,Yes,No,3,Yes,Yes,Fiber optic,Yes,No,No,No,No,No,Month-to-month,No,Credit card,99.75,282.73,1,88.7,No
TC_1952,Female,36,0,No,Yes,61,Yes,No,DSL,No,No,No,Yes,No,Yes,Month-to-month,Yes,Credit card,84.99,4931.67,6,121.3,Yes
TC_1953,Female,22,0,Yes,Yes,52,Yes,No,Fiber optic,Yes,No,Yes,No,No,No,Month-to-month,Yes,Bank transfer,91.54,4726.05,7,366.1,Yes
TC_1954,Female,28,0,No,No,15,Yes,No,Fiber optic,Yes,No,No,Yes,No,Yes,Month-to-month,Yes,Bank transfer,116.94,1785.49,2,362.3,No
TC_1955,Female,37,0,Yes,Yes,50,Yes,No,Fiber optic,Yes,Yes,Yes,Yes,Yes,Yes,Two year,Yes,Electronic check,120.0,5701.14,3,163.7,No
TC_1956,Male,48,0,No,No,16,Yes,Yes,DSL,No,No,Yes,No,No,Yes,Month-to-month,No,Mailed check,93.28,1468.73,1,33.5,Yes
TC_1957,Male,45,0,No,Yes,15,Yes,No,DSL,Yes,Yes,No,Yes,Yes,No,Month-to-month,Yes,Electronic check,102.24,1525.36,7,168.3,Yes
TC_1958,Female,54,0,No,No,70,Yes,No,Fiber optic,Yes,No,No,Yes,No,Yes,One year,Yes,Mailed check,89.18,6544.48,11,445.7,No
TC_1959,Female,32,0,Yes,Yes,15,Yes,No,DSL,Yes,No,No,No,No,No,Month-to-month,Yes,Electronic check,69.86,972.3,1,119.0,No
TC_1960,Female,55,0,Yes,No,3,Yes,No,Fiber optic,Yes,No,Yes,No,Yes,Yes,Month-to-month,Yes,Electronic check,111.69,326.06,6,264.7,Yes
TC_1961,Female,49,0,No,No,15,Yes,No,DSL,Yes,Yes,No,Yes,No,No,Month-to-month,Yes,Electronic check,78.53,1195.26,1,73.2,Yes
TC_1962,Female,67,1,No,No,61,No,No phone service,No,No internet service,No internet service,No internet service,No internet service,No internet service,No internet service,One year,Yes,Bank transfer,22.74,1393.07,0,0.0,No
TC_1963,Male,54,0,Yes,No,10,Yes,Yes,Fiber optic,Yes,Yes,No,No,Yes,No,Month-to-month,No,Bank transfer,104.11,985.48,4,321.0,Yes
TC_1964,Female,46,0,Yes,No,24,Yes,No,No,No internet service,No internet service,No internet service,No internet service,No internet service,No internet service,One year,Yes,Bank transfer,20.0,480.93,1,0.0,No
TC_1965,Male,38,0,No,No,68,Yes,No,DSL,No,No,No,No,No,Yes,One year,No,Credit card,62.71,,8,24.6,No
TC_1966,Male,58,0,Yes,No,35,Yes,No,DSL,No,No,No,No,Yes,No,Month-to-month,No,Mailed check,59.12,2274.09,,75.9,No
TC_1967,Female,57,0,Yes,Yes,16,Yes,No,Fiber optic,No,No,No,Yes,No,Yes,Month-to-month,Yes,Credit card,101.02,1573.16,2,138.9,No
TC_1968,Female,42,0,Yes,No,68,Yes,No,No,No internet service,No internet service,No internet service,No internet service,No internet service,No internet service,One year,No,Electronic check,20.0,1438.53,1,0.0,No
TC_1969,Female,54,0,No,Yes,48,No,No phone service,DSL,Yes,No,Yes,Yes,Yes,Yes,Month-to-month,No,Bank transfer,103.86,4945.47,1,168.8,Yes
TC_1970,Female,60,0,Yes,No,4,No,No phone service,No,No internet service,No internet service,No internet service,No internet service,No internet service,No internet service,One year,No,Mailed check,23.4,89.22,1,0.0,No
TC_1971,Male,60,0,Yes,No,28,Yes,No,Fiber optic,Yes,No,No,No,No,No,One year,Yes,Credit card,86.07,2469.13,6,293.4,No
TC_1972,Female,34,0,No,No,7,Yes,No,Fiber optic,No,No,Yes,No,No,Yes,Month-to-month,Yes,Bank transfer,85.96,571.26,10,270.7,Yes
TC_1973,Female,43,0,No,No,4,Yes,No,Fiber optic,No,No,No,Yes,Yes,No,One year,No,Electronic check,109.61,421.46,2,298.3,No
TC_1974,Male,49,0,Yes,No,19,Yes,No,Fiber optic,Yes,Yes,Yes,No,Yes,Yes,Two year,No,Credit card,120.0,2471.32,1,71.3,No
TC_1975,Female,51,0,No,No,58,Yes,No,Fiber optic,No,No,Yes,No,No,No,One year,Yes,Mailed check,86.24,5258.31,,176.6,No
TC_1976,Male,35,0,No,No,3,Yes,No,Fiber optic,No,No,No,Yes,Yes,Yes,Month-to-month,Yes,Electronic check,88.65,285.8,6,51.6,Yes
TC_1977,Female,45,0,No,No,1,Yes,No,DSL,No,Yes,No,No,Yes,No,Month-to-month,No,Mailed check,67.84,61.81,3,54.2,No
TC_1978,Male,51,0,No,No,49,Yes,Yes,DSL,No,No,No,No,No,Yes,One year,No,Mailed check,81.02,3926.48,5,107.1,No
TC_1979,Female,53,0,No,Yes,4,Yes,No,Fiber optic,No,No,Yes,Yes,No,No,Month-to-month,Yes,Mailed check,86.23,,2,156.1,No
TC_1980,Male,33,0,Yes,Yes,70,Yes,No,No,No internet service,No internet service,No internet service,No internet service,No internet service,No internet service,Two year,Yes,Credit card,20.0,1361.82,3,0.0,No
TC_1981,Female,38,0,Yes,Yes,67,Yes,No,DSL,Yes,No,No,Yes,No,No,One year,No,Credit card,86.56,5508.26,3,95.4,No
TC_1982,Male,62,0,Yes,Yes,62,Yes,No,Fiber optic,No,No,Yes,Yes,No,No,Month-to-month,No,Electronic check,105.49,6857.91,4,107.8,Yes
TC_1983,Male,64,0,Yes,No,15,Yes,No,No,No internet service,No internet service,No internet service,No internet service,No internet service,No internet service,One year,No,Mailed check,20.0,322.48,1,0.0,No
TC_1984,Male,36,0,No,No,17,No,No phone service,Fiber optic,Yes,Yes,No,No,No,No,One year,No,Mailed check,76.12,1402.05,3,243.4,No
TC_1985,Male,42,0,Yes,Yes,71,Yes,No,DSL,Yes,No,Yes,No,No,Yes,Month-to-month,Yes,Electronic check,95.01,7050.72,11,93.1,No
TC_1986,Female,47,0,No,No,8,No,No phone service,DSL,Yes,No,No,No,Yes,No,Month-to-month,No,Electronic check,63.23,457.46,4,87.5,No
TC_1987,Female,28,0,No,No,1,Yes,No,DSL,No,No,No,No,Yes,No,Two year,Yes,Electronic check,65.97,71.44,11,47.0,No
TC_1988,Male,56,0,Yes,No,44,Yes,No,Fiber optic,No,No,Yes,No,No,Yes,Month-to-month,Yes,Mailed check,93.37,4040.56,6,151.2,Yes
TC_1989,Female,70,1,Yes,Yes,44,Yes,No,Fiber optic,No,Yes,Yes,No,No,Yes,One year,No,Bank transfer,99.97,4599.04,9,221.4,No
TC_1990,Female,28,0,No,No,71,No,No phone service,DSL,No,No,No,No,Yes,No,One year,Yes,Credit card,48.03,3536.64,4,13.2,No
TC_1991,Male,77,1,Yes,No,35,Yes,Yes,No,No internet service,No internet service,No internet service,No internet service,No internet service,No internet service,One year,No,Bank transfer,20.0,643.97,4,0.0,No
TC_1992,Male,55,0,No,Yes,46,Yes,No,DSL,Yes,No,No,Yes,No,Yes,One year,No,Credit card,96.99,,0,84.8,No
TC_1993,Male,50,0,Yes,Yes,28,No,No phone service,Fiber optic,Yes,No,Yes,Yes,No,No,One year,No,Electronic check,74.66,2004.0,1,465.4,No
TC_1994,Female,66,1,Yes,No,52,Yes,Yes,Fiber optic,No,No,No,Yes,No,No,Month-to-month,No,Mailed check,92.93,4530.51,5,306.6,Yes
TC_1995,Female,60,0,Yes,Yes,3,Yes,Yes,Fiber optic,Yes,No,No,Yes,No,Yes,One year,No,Bank transfer,113.19,352.38,5,342.2,No
TC_1996,Male,23,0,Yes,Yes,2,No,No phone service,Fiber optic,Yes,No,Yes,No,Yes,Yes,One year,Yes,Credit card,88.89,163.47,4,150.3,Yes
TC_1997,Male,39,0,No,No,70,Yes,Yes,No,No internet service,No internet service,No internet service,No internet service,No internet service,No internet service,One year,No,Bank transfer,20.0,1463.85,2,0.0,No
TC_1998,Female,35,0,Yes,Yes,50,Yes,No,DSL,No,No,Yes,Yes,No,No,Month-to-month,Yes,Electronic check,77.5,3688.83,1,156.2,No
TC_1999,Female,50,0,Yes,No,1,Yes,Yes,No,No internet service,No internet service,No internet service,No internet service,No internet service,No internet service,Month-to-month,No,Mailed check,20.0,19.9,3,0.0,Yes
TC_2000,Female,79,1,Yes,No,8,Yes,No,DSL,No,No,No,No,Yes,No,Month-to-month,No,Electronic check,73.41,580.56,7,13.4,Yes
TC_2001,Female,58,0,No,No,53,Yes,No,DSL,No,Yes,No,Yes,No,No,Month-to-month,No,Credit card,86.94,4564.93,0,128.7,No
TC_2002,Male,55,0,Yes,No,24,Yes,No,No,No internet service,No internet service,No internet service,No internet service,No internet service,No internet service,Two year,Yes,Electronic check,20.0,502.6,0,0.0,No
TC_2003,Female,51,0,No,No,1,Yes,No,DSL,No,No,No,Yes,Yes,No,Month-to-month,Yes,Electronic check,73.7,68.52,0,28.8,No
TC_2004,Female,27,0,Yes,Yes,48,Yes,Yes,Fiber optic,Yes,No,No,No,No,Yes,Month-to-month,No,Mailed check,86.6,3923.04,3,450.9,Yes
TC_2005,Female,38,0,Yes,No,53,Yes,No,No,No internet service,No internet service,No internet service,No internet service,No internet service,No internet service,One year,Yes,Credit card,20.0,1160.11,7,0.0,No
TC_2006,Female,44,0,Yes,No,7,Yes,No,Fiber optic,Yes,Yes,No,Yes,No,Yes,Month-to-month,Yes,Credit card,110.45,763.05,8,225.6,No
TC_2007,Female,61,0,Yes,No,3,Yes,Yes,DSL,No,Yes,Yes,Yes,No,No,Month-to-month,No,Electronic check,77.11,222.08,8,108.0,Yes
TC_2008,Female,40,0,Yes,No,37,Yes,No,Fiber optic,No,No,No,Yes,No,No,One year,No,Electronic check,,3484.09,6,337.3,Yes
TC_2009,Male,29,0,No,No,52,Yes,Yes,DSL,No,No,No,No,Yes,No,One year,Yes,Credit card,,4264.27,3,120.6,Yes
TC_2010,Male,49,0,No,No,61,Yes,Yes,No,No internet service,No internet service,No internet service,No internet service,No internet service,No internet service,One year,Yes,Bank transfer,,1109.6,0,0.0,No
TC_2011,Male,38,0,Yes,No,4,Yes,No,Fiber optic,Yes,No,Yes,No,Yes,Yes,Month-to-month,Yes,Electronic check,119.61,461.91,7,293.4,Yes
TC_2012,Male,37,0,Yes,No,9,Yes,Yes,No,No internet service,No internet service,No internet service,No internet service,No internet service,No internet service,Month-to-month,No,Bank transfer,20.0,179.05,3,0.0,No
TC_2013,Male,30,0,No,Yes,47,Yes,No,No,No internet service,No internet service,No internet service,No internet service,No internet service,No internet service,Two year,Yes,Bank transfer,20.0,988.25,,0.0,No
TC_2014,Female,29,0,No,No,46,Yes,Yes,No,No internet service,No internet service,No internet service,No internet service,No internet service,No internet service,Two year,No,Electronic check,20.0,951.86,7,0.0,No
TC_2015,Male,41,0,Yes,No,6,Yes,Yes,Fiber optic,Yes,No,No,Yes,No,No,Month-to-month,Yes,Electronic check,101.74,591.62,1,212.5,Yes
TC_2016,Male,26,0,Yes,No,47,Yes,Yes,DSL,Yes,Yes,No,No,No,Yes,Month-to-month,Yes,Bank transfer,78.48,3538.1,1,62.5,No
TC_2017,Male,66,1,No,No,47,Yes,No,DSL,Yes,No,No,Yes,Yes,No,Two year,Yes,Bank transfer,88.31,3778.7,0,153.1,No
TC_2018,Female,49,0,No,No,58,Yes,Yes,Fiber optic,No,No,No,Yes,Yes,Yes,Two year,No,Bank transfer,94.13,5488.32,8,474.1,No
TC_2019,Female,50,0,No,Yes,55,Yes,Yes,Fiber optic,Yes,No,No,Yes,Yes,No,Two year,No,Credit card,96.53,5004.91,6,230.6,No
TC_2020,Female,32,0,Yes,No,63,Yes,No,Fiber optic,Yes,No,No,No,Yes,No,One year,Yes,Electronic check,94.82,5502.54,7,204.5,No
TC_2021,Female,38,0,No,Yes,70,Yes,Yes,DSL,Yes,Yes,Yes,No,No,No,Month-to-month,Yes,Electronic check,71.99,5529.8,7,112.2,Yes
TC_2022,Male,55,0,No,No,60,Yes,Yes,Fiber optic,Yes,Yes,Yes,Yes,No,Yes,Month-to-month,No,Electronic check,120.0,7241.5,2,271.8,No
TC_2023,Female,35,0,Yes,No,1,Yes,No,Fiber optic,No,Yes,Yes,Yes,No,No,One year,Yes,Electronic check,89.08,80.6,4,299.6,No
TC_2024,Male,30,0,Yes,No,55,Yes,No,No,No internet service,No internet service,No internet service,No internet service,No internet service,No internet service,One year,Yes,Mailed check,20.0,,0,0.0,No
TC_2025,Male,68,1,No,No,41,Yes,No,No,No internet service,No internet service,No internet service,No internet service,No internet service,No internet service,One year,No,Bank transfer,20.0,897.71,5,0.0,Yes
TC_2026,Male,37,0,No,No,8,Yes,Yes,Fiber optic,Yes,No,No,No,No,No,Month-to-month,Yes,Mailed check,93.82,820.97,10,264.4,Yes
TC_2027,Male,51,0,No,No,22,Yes,Yes,Fiber optic,No,No,Yes,Yes,No,Yes,Month-to-month,No,Electronic check,105.98,2398.68,11,409.7,No
TC_2028,Male,44,0,No,No,2,Yes,Yes,Fiber optic,No,No,Yes,Yes,No,Yes,Month-to-month,No,Credit card,106.53,196.41,6,156.8,Yes
TC_2029,Female,50,0,Yes,No,51,Yes,Yes,No,No internet service,No internet service,No internet service,No internet service,No internet service,No internet service,Two year,Yes,Credit card,20.0,1031.39,4,0.0,No
TC_2030,Male,37,0,Yes,Yes,19,Yes,Yes,Fiber optic,No,No,No,No,No,No,One year,Yes,Credit card,71.27,1251.3,13,401.8,Yes
TC_2031,Female,61,0,Yes,No,44,Yes,No,DSL,No,No,No,No,Yes,Yes,One year,No,Bank transfer,,3405.3,5,49.3,No
TC_2032,Male,50,0,No,No,56,Yes,Yes,DSL,No,No,No,No,No,No,One year,Yes,Bank transfer,50.98,2978.56,0,57.3,No
TC_2033,Male,70,1,No,No,10,No,No phone service,No,No internet service,No internet service,No internet service,No internet service,No internet service,No internet service,Month-to-month,No,Credit card,20.08,,0,0.0,Yes
TC_2034,Female,49,0,Yes,Yes,5,Yes,No,Fiber optic,No,No,Yes,Yes,No,Yes,One year,No,Bank transfer,101.2,514.55,2,188.9,No
TC_2035,Female,29,0,No,No,62,No,No phone service,No,No internet service,No internet service,No internet service,No internet service,No internet service,No internet service,Two year,Yes,Bank transfer,24.8,1453.86,3,0.0,No
TC_2036,Female,48,0,Yes,No,69,No,No phone service,DSL,No,Yes,Yes,No,No,No,Two year,Yes,Bank transfer,67.4,4885.48,4,157.4,No
TC_2037,Male,31,0,No,No,8,Yes,No,No,No internet service,No internet service,No internet service,No internet service,No internet service,No internet service,Month-to-month,No,Electronic check,20.0,,2,0.0,No
TC_2038,Female,20,0,Yes,Yes,2,Yes,No,DSL,No,No,No,Yes,No,No,One year,No,Bank transfer,82.54,176.84,12,81.0,Yes
TC_2039,Male,67,1,Yes,No,58,Yes,No,DSL,Yes,Yes,No,Yes,Yes,No,Month-to-month,No,Mailed check,89.88,5414.22,0,80.0,No
TC_2040,Male,37,0,No,No,67,Yes,No,DSL,Yes,Yes,No,No,No,No,One year,Yes,Mailed check,83.13,5082.99,0,76.0,No
TC_2041,Male,53,0,Yes,Yes,55,Yes,No,Fiber optic,No,No,Yes,No,Yes,Yes,Two year,Yes,Bank transfer,98.89,5016.47,7,190.5,No
TC_2042,Male,39,0,No,No,5,No,No phone service,No,No internet service,No internet service,No internet service,No internet service,No internet service,No internet service,Month-to-month,Yes,Mailed check,23.92,130.63,3,0.0,Yes
TC_2043,Female,22,0,No,No,27,Yes,Yes,Fiber optic,Yes,Yes,No,No,No,Yes,One year,No,Credit card,109.55,2685.14,2,422.1,No
TC_2044,Male,35,0,Yes,No,46,Yes,No,No,No internet service,No internet service,No internet service,No internet service,No internet service,No internet service,One year,No,Credit card,20.0,910.33,2,0.0,No
TC_2045,Male,42,0,Yes,No,18,Yes,No,DSL,No,No,No,No,No,Yes,One year,Yes,Credit card,71.48,1254.6,3,66.0,No
TC_2046,Female,41,0,Yes,No,4,Yes,Yes,DSL,No,Yes,No,No,No,No,One year,No,Credit card,65.39,283.38,,101.1,Yes
TC_2047,Female,39,0,Yes,No,65,Yes,Yes,Fiber optic,No,No,No,No,Yes,No,Two year,Yes,Mailed check,76.27,5036.88,8,27.5,No
TC_2048,Male,26,0,No,No,4,Yes,Yes,Fiber optic,No,No,Yes,No,No,No,Month-to-month,No,Mailed check,80.95,320.86,1,167.4,Yes
TC_2049,Female,35,0,Yes,No,58,Yes,Yes,DSL,Yes,No,Yes,Yes,No,No,One year,Yes,Electronic check,,5174.47,0,46.2,No
TC_2050,Female,35,0,Yes,No,16,Yes,Yes,No,No internet service,No internet service,No internet service,No internet service,No internet service,No internet service,One year,No,Bank transfer,20.0,319.46,3,0.0,Yes
TC_2051,Male,56,0,Yes,No,7,Yes,Yes,DSL,Yes,No,No,No,Yes,No,Month-to-month,No,Bank transfer,82.85,545.53,2,108.8,Yes
TC_2052,Male,41,0,No,No,1,Yes,No,No,No internet service,No internet service,No internet service,No internet service,No internet service,No internet service,Month-to-month,No,Electronic check,20.0,19.75,0,0.0,Yes
TC_2053,Female,26,0,No,No,61,Yes,Yes,Fiber optic,No,Yes,No,No,Yes,No,Two year,Yes,Bank transfer,93.85,5972.69,5,185.2,No
TC_2054,Female,38,0,Yes,No,1,Yes,Yes,Fiber optic,No,No,No,Yes,Yes,Yes,Month-to-month,No,Mailed check,116.6,122.73,13,74.9,No
TC_2055,Male,55,0,Yes,No,46,No,No phone service,Fiber optic,Yes,No,Yes,Yes,Yes,Yes,One year,Yes,Electronic check,97.16,4276.91,3,147.7,No
TC_2056,Female,47,0,No,No,4,No,No phone service,DSL,No,No,No,No,Yes,No,Two year,Yes,Credit card,40.53,157.73,1,36.0,No
TC_2057,Male,32,0,Yes,No,56,Yes,No,Fiber optic,No,No,No,No,No,No,One year,No,Mailed check,89.49,4625.17,,397.5,No
TC_2058,Female,62,0,No,No,54,Yes,Yes,Fiber optic,No,No,No,Yes,Yes,No,Two year,No,Credit card,98.49,5457.82,0,279.3,No
TC_2059,Female,53,0,No,No,33,Yes,Yes,Fiber optic,No,No,No,Yes,Yes,No,Month-to-month,Yes,Electronic check,108.63,3309.98,0,252.4,No
TC_2060,Female,46,0,Yes,Yes,,Yes,No,Fiber optic,No,No,Yes,No,No,No,Month-to-month,Yes,Electronic check,87.12,5357.78,3,226.7,No
TC_2061,Male,39,0,No,No,,Yes,No,Fiber optic,Yes,No,Yes,No,Yes,No,Month-to-month,No,Electronic check,97.21,1620.5,2,73.7,No
TC_2062,Male,30,0,No,No,3,Yes,Yes,Fiber optic,No,Yes,Yes,No,No,Yes,One year,Yes,Credit card,108.12,340.16,0,210.0,No
TC_2063,Male,21,0,No,No,58,Yes,No,DSL,No,No,No,No,No,No,Two year,No,Bank transfer,53.57,3013.19,3,159.0,No
TC_2064,Female,46,0,Yes,Yes,62,Yes,No,Fiber optic,No,No,No,No,Yes,No,One year,Yes,Bank transfer,80.22,4619.6,5,196.1,No
TC_2065,Female,44,0,No,No,6,Yes,No,Fiber optic,No,No,No,No,Yes,No,Month-to-month,No,Electronic check,74.97,407.55,0,41.4,Yes
TC_2066,Male,47,0,No,No,6,Yes,No,Fiber optic,No,No,No,No,Yes,No,Month-to-month,No,Electronic check,98.96,543.25,3,228.7,No
TC_2067,Male,47,0,No,Yes,15,No,No phone service,No,No internet service,No internet service,No internet service,No internet service,No internet service,No internet service,Month-to-month,No,Electronic check,18.36,288.56,0,0.0,Yes
TC_2068,Male,63,0,Yes,No,52,Yes,Yes,DSL,No,No,No,No,No,Yes,Month-to-month,No,Bank transfer,79.43,4093.75,1,94.5,No
TC_2069,Female,59,0,No,No,18,Yes,Yes,Fiber optic,Yes,No,No,No,No,No,One year,No,Bank transfer,80.69,1549.8,2,313.6,No
TC_2070,Male,22,0,Yes,No,51,No,No phone service,DSL,No,No,No,No,Yes,No,Month-to-month,Yes,Credit card,57.41,2672.72,4,45.0,No
TC_2071,Male,58,0,Yes,No,7,Yes,Yes,Fiber optic,No,Yes,No,No,No,No,Two year,Yes,Electronic check,94.82,665.08,1,240.0,No
TC_2072,Male,67,1,Yes,No,10,Yes,No,No,No internet service,No internet service,No internet service,No internet service,No internet service,No internet service,One year,No,Credit card,20.0,183.33,0,0.0,No
TC_2073,Male,38,0,No,No,7,Yes,Yes,DSL,Yes,No,No,No,Yes,No,Month-to-month,Yes,Mailed check,74.16,500.97,9,180.6,No
TC_2074,Male,57,0,Yes,No,5,Yes,No,Fiber optic,No,Yes,Yes,No,Yes,No,One year,No,Credit card,116.96,643.23,2,420.1,No
TC_2075,Male,61,0,Yes,Yes,24,Yes,Yes,Fiber optic,Yes,No,No,Yes,No,No,One year,No,Credit card,83.38,1916.72,2,426.8,No
TC_2076,Female,43,0,Yes,Yes,16,Yes,No,DSL,No,No,Yes,No,Yes,Yes,Month-to-month,No,Mailed check,86.97,1367.16,5,112.3,Yes
TC_2077,Female,51,0,Yes,No,1,Yes,No,Fiber optic,Yes,No,Yes,No,No,Yes,Month-to-month,No,Mailed check,120.0,125.62,3,59.2,Yes
TC_2078,Female,78,1,No,No,60,Yes,Yes,Fiber optic,No,No,No,Yes,No,No,One year,No,Electronic check,73.84,4397.24,4,432.2,No
TC_2079,Male,44,0,Yes,No,1,Yes,No,Fiber optic,Yes,No,No,No,No,No,One year,No,Credit card,97.33,94.42,2,138.1,No
TC_2080,Male,38,0,Yes,Yes,2,Yes,No,Fiber optic,No,No,No,No,Yes,Yes,Month-to-month,Yes,Mailed check,107.35,221.53,11,106.9,Yes
TC_2081,Female,43,0,Yes,No,64,Yes,No,Fiber optic,Yes,No,Yes,No,No,No,Two year,Yes,Credit card,107.42,6269.73,2,151.6,No
TC_2082,Female,32,0,Yes,No,69,Yes,No,DSL,No,No,No,Yes,No,Yes,Two year,Yes,Mailed check,84.41,5886.9,4,58.1,No
TC_2083,Male,45,0,No,No,62,Yes,Yes,Fiber optic,No,No,No,Yes,No,Yes,Two year,No,Mailed check,86.84,4870.6,15,434.7,No
TC_2084,Male,65,1,Yes,Yes,7,Yes,No,No,No internet service,No internet service,No internet service,No internet service,No internet service,No internet service,One year,No,Bank transfer,20.0,131.1,5,0.0,Yes
TC_2085,Female,64,0,No,No,71,Yes,Yes,DSL,No,No,No,No,No,Yes,Two year,Yes,Credit card,74.13,4935.24,1,48.9,No
TC_2086,Male,39,0,Yes,No,72,Yes,No,No,No internet service,No internet service,No internet service,No internet service,No internet service,No internet service,Two year,No,Bank transfer,20.0,1558.89,0,0.0,No
TC_2087,Male,53,0,No,No,6,Yes,No,Fiber optic,No,No,Yes,No,No,Yes,Two year,No,Electronic check,110.53,633.05,2,349.9,No
TC_2088,Male,34,0,No,No,54,Yes,No,DSL,No,No,No,Yes,Yes,No,Two year,No,Credit card,80.29,4325.34,14,43.0,No
TC_2089,Female,43,0,Yes,Yes,7,Yes,Yes,Fiber optic,No,No,Yes,No,Yes,Yes,Month-to-month,No,Electronic check,100.74,667.22,11,184.8,Yes
TC_2090,Female,40,0,Yes,No,60,Yes,No,No,No internet service,No internet service,No internet service,No internet service,No internet service,No internet service,One year,Yes,Bank transfer,20.0,1095.99,11,0.0,Yes
TC_2091,Female,36,0,Yes,No,55,Yes,Yes,Fiber optic,No,Yes,No,Yes,Yes,No,Two year,Yes,Mailed check,106.62,6092.28,6,404.3,No
TC_2092,Male,44,0,Yes,Yes,59,Yes,Yes,No,No internet service,No internet service,No internet service,No internet service,No internet service,No internet service,Two year,No,Mailed check,20.0,1237.06,12,0.0,No
TC_2093,Male,43,0,No,Yes,50,Yes,No,No,No internet service,No internet service,No internet service,No internet service,No internet service,No internet service,Two year,Yes,Bank transfer,20.0,,12,0.0,No
TC_2094,Male,34,0,Yes,No,47,Yes,No,DSL,No,Yes,No,No,No,Yes,One year,No,Mailed check,69.06,3071.89,10,19.8,No
TC_2095,Male,52,0,No,No,62,Yes,Yes,DSL,No,No,Yes,Yes,Yes,Yes,Two year,No,Bank transfer,99.36,6591.29,0,69.0,No
TC_2096,Male,51,0,No,No,5,Yes,No,DSL,No,Yes,No,No,No,No,One year,No,Credit card,70.94,367.2,,94.3,No
TC_2097,Female,27,0,Yes,No,24,Yes,No,Fiber optic,No,Yes,No,Yes,No,No,One year,Yes,Mailed check,111.89,,1,345.0,No
TC_2098,Female,28,0,Yes,No,21,Yes,Yes,Fiber optic,No,No,Yes,No,No,Yes,Month-to-month,Yes,Bank transfer,100.05,2152.2,7,335.6,Yes
TC_2099,Female,39,0,No,No,51,Yes,Yes,Fiber optic,Yes,Yes,No,No,No,Yes,Two year,No,Mailed check,110.27,5818.5,12,336.7,No
TC_2100,Female,49,0,Yes,No,44,Yes,No,DSL,No,Yes,No,No,No,Yes,Month-to-month,Yes,Electronic check,88.11,3496.9,4,31.0,No
TC_2101,Female,48,0,Yes,No,27,Yes,Yes,Fiber optic,No,No,No,No,Yes,No,Two year,Yes,Mailed check,82.42,2298.81,0,204.8,No
TC_2102,Female,26,0,Yes,No,1,Yes,No,No,No internet service,No internet service,No internet service,No internet service,No internet service,No internet service,One year,Yes,Electronic check,20.0,,0,0.0,Yes
TC_2103,Male,39,0,No,No,69,Yes,No,DSL,No,No,No,No,No,No,Two year,Yes,Electronic check,66.7,4424.38,1,62.1,No
TC_2104,Female,40,0,No,No,64,Yes,No,Fiber optic,Yes,Yes,No,No,Yes,No,Month-to-month,Yes,Electronic check,112.16,7294.28,6,238.3,Yes
TC_2105,Male,28,0,No,No,8,Yes,No,DSL,No,No,No,No,No,Yes,Two year,Yes,Credit card,74.79,644.83,3,69.2,No
TC_2106,Female,43,0,Yes,Yes,68,Yes,No,DSL,No,No,No,No,No,Yes,Two year,No,Bank transfer,66.78,4660.28,0,176.1,No
TC_2107,Male,59,0,Yes,Yes,63,Yes,Yes,No,No internet service,No internet service,No internet service,No internet service,No internet service,No internet service,Month-to-month,No,Electronic check,,1227.6,11,0.0,No
TC_2108,Female,39,0,No,No,32,Yes,No,DSL,Yes,No,No,No,No,Yes,One year,No,Bank transfer,80.21,2564.75,12,137.3,No
TC_2109,Female,34,0,No,No,66,Yes,No,No,No internet service,No internet service,No internet service,No internet service,No internet service,No internet service,Month-to-month,Yes,Credit card,20.0,1445.95,14,0.0,No
TC_2110,Male,31,0,Yes,No,39,Yes,No,DSL,No,No,No,No,No,Yes,One year,No,Electronic check,79.16,2874.02,7,91.1,No
TC_2111,Male,41,0,Yes,Yes,4,Yes,Yes,DSL,No,Yes,Yes,Yes,Yes,Yes,Two year,Yes,Credit card,107.48,389.88,12,149.6,No
TC_2112,Male,70,1,Yes,No,2,Yes,No,Fiber optic,No,Yes,No,No,Yes,Yes,One year,No,Bank transfer,101.54,185.29,7,328.9,No
TC_2113,Male,29,0,No,No,4,Yes,No,DSL,No,No,Yes,No,No,No,Month-to-month,Yes,Electronic check,75.52,295.23,2,149.7,Yes
TC_2114,Female,45,0,No,Yes,1,Yes,No,DSL,Yes,No,No,Yes,Yes,Yes,Two year,No,Bank transfer,94.39,96.52,4,84.6,No
TC_2115,Male,41,0,No,No,6,Yes,No,Fiber optic,Yes,No,No,Yes,Yes,No,Month-to-month,No,Credit card,113.39,701.76,4,168.5,No
TC_2116,Female,50,0,No,No,71,Yes,No,No,No internet service,No internet service,No internet service,No internet service,No internet service,No internet service,One year,No,Bank transfer,20.0,1445.39,0,0.0,No
TC_2117,Female,39,0,No,Yes,5,Yes,Yes,Fiber optic,Yes,No,Yes,No,No,Yes,Month-to-month,No,Electronic check,113.07,612.04,2,291.5,Yes
TC_2118,Female,45,0,Yes,No,25,Yes,No,DSL,No,No,Yes,No,Yes,Yes,One year,Yes,Bank transfer,96.24,2518.94,15,116.0,No
TC_2119,Male,45,0,Yes,No,10,Yes,No,DSL,No,No,No,No,No,No,One year,No,Bank transfer,56.95,562.59,9,153.8,No
TC_2120,Female,30,0,No,No,67,Yes,Yes,Fiber optic,Yes,Yes,No,Yes,Yes,No,One year,Yes,Bank transfer,120.0,8383.18,2,384.1,No
TC_2121,Male,27,0,Yes,No,1,Yes,Yes,No,No internet service,No internet service,No internet service,No internet service,No internet service,No internet service,One year,Yes,Bank transfer,20.0,19.92,2,0.0,No
TC_2122,Female,30,0,No,No,27,Yes,Yes,Fiber optic,Yes,No,No,Yes,Yes,No,Month-to-month,Yes,Bank transfer,101.72,2994.38,3,214.9,No
TC_2123,Female,42,0,No,No,1,Yes,Yes,Fiber optic,No,No,No,No,No,Yes,Month-to-month,Yes,Credit card,98.19,96.77,3,152.1,Yes
TC_2124,Male,48,0,Yes,No,2,Yes,No,Fiber optic,No,No,No,No,Yes,Yes,Month-to-month,No,Electronic check,113.1,239.63,9,204.9,Yes
TC_2125,Female,56,0,No,No,3,Yes,Yes,Fiber optic,No,No,Yes,Yes,Yes,No,Month-to-month,Yes,Bank transfer,105.89,337.23,15,418.4,Yes
TC_2126,Male,31,0,No,No,66,Yes,No,DSL,Yes,No,No,Yes,No,No,One year,Yes,Electronic check,70.77,4655.7,2,75.9,No
TC_2127,Female,70,1,Yes,No,,No,No phone service,Fiber optic,Yes,No,No,Yes,No,No,Month-to-month,Yes,Electronic check,67.65,,13,239.0,No
TC_2128,Male,59,0,Yes,No,62,Yes,Yes,Fiber optic,Yes,No,No,Yes,No,No,Month-to-month,Yes,Mailed check,103.71,6556.22,11,259.2,No
TC_2129,Female,54,0,Yes,No,51,Yes,Yes,Fiber optic,No,No,Yes,No,No,No,One year,No,Electronic check,98.67,4764.37,1,237.1,No
TC_2130,Male,35,0,Yes,No,2,Yes,Yes,No,No internet service,No internet service,No internet service,No internet service,No internet service,No internet service,Month-to-month,No,Bank transfer,20.0,40.81,0,0.0,No
TC_2131,Female,30,0,Yes,No,63,No,No phone service,DSL,No,No,No,No,No,Yes,One year,No,Electronic check,44.9,3097.76,3,44.0,No
TC_2132,Male,47,0,No,No,12,Yes,Yes,DSL,No,Yes,Yes,No,No,No,One year,No,Bank transfer,88.49,1040.23,11,134.0,No
TC_2133,Female,61,0,Yes,No,,Yes,No,Fiber optic,Yes,No,Yes,No,Yes,Yes,One year,No,Credit card,107.78,3072.74,4,176.8,No
TC_2134,Male,37,0,Yes,No,3,Yes,No,DSL,No,Yes,No,Yes,Yes,Yes,One year,Yes,Bank transfer,105.09,343.5,0,75.8,No
TC_2135,Male,40,0,No,No,,Yes,No,DSL,Yes,Yes,Yes,Yes,Yes,No,One year,Yes,Electronic check,105.11,895.26,0,117.8,No
TC_2136,Female,49,0,No,No,61,Yes,No,Fiber optic,No,Yes,No,Yes,No,Yes,One year,No,Credit card,95.07,6331.87,0,165.2,No
TC_2137,Male,42,0,No,No,4,Yes,Yes,Fiber optic,No,No,Yes,Yes,Yes,No,Month-to-month,Yes,Electronic check,100.98,416.69,0,150.3,Yes
TC_2138,Female,39,0,No,No,55,Yes,Yes,Fiber optic,No,No,Yes,Yes,No,Yes,One year,No,Mailed check,109.98,6164.26,9,216.4,No
TC_2139,Female,69,1,Yes,No,3,Yes,No,No,No internet service,No internet service,No internet service,No internet service,No internet service,No internet service,Month-to-month,Yes,Electronic check,20.0,64.23,3,0.0,No
TC_2140,Male,26,0,No,No,,Yes,Yes,No,No internet service,No internet service,No internet service,No internet service,No internet service,No internet service,Month-to-month,Yes,Electronic check,20.0,1370.01,3,0.0,No
TC_2141,Male,45,0,No,No,61,Yes,No,DSL,No,No,No,No,No,No,Two year,Yes,Credit card,56.09,3279.26,0,102.4,No
TC_2142,Female,55,0,No,No,34,Yes,No,Fiber optic,No,No,No,Yes,Yes,No,Two year,Yes,Mailed check,96.36,3188.07,5,258.9,No
TC_2143,Female,62,0,No,No,51,Yes,Yes,DSL,No,No,No,Yes,No,No,One year,No,Credit card,81.39,3985.8,4,123.2,No
TC_2144,Male,69,1,Yes,No,60,Yes,No,DSL,Yes,No,Yes,No,Yes,Yes,Two year,Yes,Mailed check,95.07,5703.54,0,81.2,Yes
TC_2145,Female,25,0,No,No,4,Yes,No,DSL,Yes,No,No,No,No,No,Month-to-month,Yes,Bank transfer,68.62,269.69,4,79.5,No
TC_2146,Male,47,0,Yes,No,55,Yes,No,Fiber optic,No,No,Yes,No,No,No,One year,No,Electronic check,83.66,4758.99,6,179.1,Yes
TC_2147,Male,30,0,No,Yes,8,Yes,No,Fiber optic,Yes,Yes,No,No,No,Yes,One year,Yes,Electronic check,117.19,920.07,3,264.0,Yes
TC_2148,Male,53,0,Yes,No,7,Yes,No,Fiber optic,No,Yes,Yes,No,No,Yes,One year,No,Bank transfer,110.03,782.34,11,91.7,Yes
TC_2149,Female,38,0,Yes,Yes,2,Yes,No,Fiber optic,Yes,Yes,No,Yes,Yes,No,Month-to-month,Yes,Credit card,118.83,235.08,4,277.4,No
TC_2150,Female,33,0,Yes,No,56,No,No phone service,Fiber optic,No,No,Yes,Yes,No,Yes,One year,Yes,Credit card,80.82,4193.69,3,142.4,No
TC_2151,Male,22,0,No,No,35,Yes,Yes,Fiber optic,No,Yes,No,Yes,No,Yes,Month-to-month,Yes,Electronic check,103.41,3594.81,7,116.0,Yes
TC_2152,Female,41,0,No,No,2,Yes,No,DSL,Yes,No,No,Yes,Yes,No,One year,Yes,Bank transfer,93.7,172.16,0,74.1,Yes
TC_2153,Male,37,0,Yes,No,12,Yes,No,DSL,No,Yes,Yes,Yes,No,No,One year,Yes,Bank transfer,95.18,,7,83.3,No
TC_2154,Male,64,0,Yes,No,10,Yes,No,DSL,No,No,Yes,Yes,No,Yes,One year,Yes,Credit card,82.71,808.88,2,64.4,No
TC_2155,Male,32,0,Yes,Yes,50,Yes,No,Fiber optic,Yes,No,Yes,Yes,No,No,Month-to-month,Yes,Electronic check,,4699.05,2,163.4,No
TC_2156,Male,46,0,No,No,4,Yes,Yes,DSL,Yes,No,No,Yes,Yes,No,Two year,No,Mailed check,102.88,416.33,4,95.2,No
TC_2157,Male,56,0,Yes,Yes,4,Yes,No,DSL,No,No,No,Yes,Yes,Yes,One year,No,Credit card,80.33,301.82,15,14.5,No
TC_2158,Female,44,0,Yes,Yes,53,Yes,Yes,DSL,No,No,No,Yes,No,No,Two year,No,Bank transfer,67.02,,7,115.4,No
TC_2159,Female,67,1,Yes,No,16,Yes,No,Fiber optic,Yes,No,No,No,No,No,Month-to-month,No,Electronic check,81.46,1382.29,4,354.9,Yes
TC_2160,Male,33,0,No,No,46,No,No phone service,DSL,No,Yes,No,Yes,Yes,No,Two year,No,Electronic check,72.37,3639.32,,121.1,No
TC_2161,Male,24,0,No,No,5,Yes,Yes,Fiber optic,No,No,No,No,Yes,No,Month-to-month,Yes,Credit card,98.91,470.78,11,290.3,Yes
TC_2162,Male,44,0,Yes,No,66,Yes,Yes,DSL,Yes,No,No,No,No,Yes,Two year,Yes,Mailed check,87.42,6048.77,3,12.3,No
TC_2163,Female,29,0,No,No,4,Yes,No,Fiber optic,No,No,Yes,No,No,No,One year,Yes,Bank transfer,85.96,317.44,6,353.2,Yes
TC_2164,Female,40,0,No,No,50,No,No phone service,DSL,Yes,No,No,Yes,No,No,One year,No,Credit card,60.97,3205.14,1,171.9,No
TC_2165,Female,39,0,Yes,No,9,Yes,No,Fiber optic,Yes,Yes,No,Yes,No,Yes,Month-to-month,No,Electronic check,118.85,1060.22,11,160.7,No
TC_2166,Male,61,0,Yes,No,69,Yes,Yes,No,No internet service,No internet service,No internet service,No internet service,No internet service,No internet service,One year,Yes,Credit card,20.0,,7,0.0,No
TC_2167,Male,37,0,No,No,59,Yes,No,Fiber optic,Yes,Yes,No,No,No,Yes,Two year,Yes,Electronic check,104.71,6783.75,13,184.3,No
TC_2168,Male,35,0,No,Yes,,Yes,No,Fiber optic,No,No,No,No,Yes,No,Month-to-month,Yes,Credit card,100.92,204.04,2,390.0,No
TC_2169,Male,38,0,No,No,27,No,No phone service,Fiber optic,No,Yes,No,Yes,Yes,No,Two year,Yes,Electronic check,79.3,2243.52,5,215.4,No
TC_2170,Male,35,0,Yes,No,56,Yes,No,DSL,Yes,No,No,Yes,No,Yes,Two year,No,Electronic check,94.46,5173.0,0,42.0,No
TC_2171,Female,52,0,Yes,No,43,Yes,Yes,DSL,No,No,Yes,No,No,No,One year,Yes,Electronic check,,3280.46,7,126.5,No
TC_2172,Female,43,0,No,No,6,Yes,No,No,No internet service,No internet service,No internet service,No internet service,No internet service,No internet service,One year,Yes,Electronic check,20.0,124.02,8,0.0,Yes
TC_2173,Male,36,0,No,No,69,Yes,Yes,Fiber optic,No,No,Yes,Yes,No,No,One year,Yes,Bank transfer,109.18,7530.1,2,104.9,No
TC_2174,Male,64,0,Yes,Yes,1,Yes,Yes,Fiber optic,No,Yes,Yes,No,No,No,Month-to-month,No,Mailed check,97.28,99.63,2,205.0,Yes
TC_2175,Male,32,0,Yes,No,5,Yes,No,DSL,Yes,Yes,Yes,Yes,No,No,Month-to-month,No,Mailed check,110.17,589.12,1,143.6,No
TC_2176,Male,44,0,Yes,No,6,Yes,No,Fiber optic,No,No,Yes,Yes,Yes,Yes,Month-to-month,Yes,Bank transfer,120.0,723.42,1,113.6,No
TC_2177,Male,65,1,No,No,6,Yes,Yes,DSL,No,Yes,Yes,No,No,No,Two year,No,Mailed check,67.34,375.76,2,159.3,No
TC_2178,Female,43,0,Yes,Yes,70,Yes,No,Fiber optic,Yes,No,No,No,No,No,Two year,No,Credit card,73.49,5544.39,5,130.7,No
TC_2179,Female,67,1,Yes,No,60,Yes,Yes,Fiber optic,Yes,Yes,No,No,No,Yes,One year,No,Bank transfer,104.72,6302.72,10,320.4,No
TC_2180,Male,27,0,Yes,Yes,4,No,No phone service,No,No internet service,No internet service,No internet service,No internet service,No internet service,No internet service,Month-to-month,Yes,Mailed check,19.46,83.82,1,0.0,Yes
TC_2181,Female,61,0,No,No,5,Yes,Yes,No,No internet service,No internet service,No internet service,No internet service,No internet service,No internet service,One year,No,Bank transfer,20.0,95.05,8,0.0,No
TC_2182,Female,40,0,Yes,Yes,46,Yes,Yes,Fiber optic,No,No,No,No,No,No,Month-to-month,No,Mailed check,81.82,3528.93,4,191.3,No
TC_2183,Male,59,0,No,No,53,Yes,No,DSL,No,No,Yes,No,No,Yes,One year,Yes,Electronic check,,4626.89,1,50.9,No
TC_2184,Male,52,0,Yes,Yes,6,Yes,Yes,No,No internet service,No internet service,No internet service,No internet service,No internet service,No internet service,Month-to-month,Yes,Electronic check,20.0,121.95,0,0.0,Yes
TC_2185,Female,36,0,Yes,No,6,Yes,Yes,No,No internet service,No internet service,No internet service,No internet service,No internet service,No internet service,Two year,Yes,Bank transfer,20.0,130.01,5,0.0,No
TC_2186,Female,45,0,Yes,No,67,Yes,Yes,DSL,No,No,No,No,No,No,One year,Yes,Bank transfer,66.59,4144.93,0,54.2,No
TC_2187,Female,53,0,Yes,Yes,6,Yes,No,DSL,No,No,No,Yes,Yes,No,One year,No,Bank transfer,87.88,571.78,3,72.0,No
TC_2188,Female,33,0,No,No,4,Yes,Yes,Fiber optic,Yes,No,Yes,No,No,Yes,Month-to-month,Yes,Electronic check,109.24,451.6,2,102.9,Yes
TC_2189,Male,31,0,Yes,No,3,Yes,No,Fiber optic,No,No,Yes,Yes,Yes,Yes,Month-to-month,No,Electronic check,105.62,322.28,3,292.3,No
TC_2190,Male,69,1,No,No,31,Yes,No,Fiber optic,No,Yes,Yes,Yes,No,No,Two year,Yes,Bank transfer,97.57,2781.76,8,114.9,No
TC_2191,Female,61,0,Yes,No,2,Yes,No,DSL,No,No,Yes,No,Yes,Yes,One year,No,Credit card,94.88,181.47,10,63.8,No
TC_2192,Female,58,0,No,No,5,Yes,No,DSL,No,Yes,Yes,No,No,No,Month-to-month,No,Mailed check,95.38,438.5,0,53.5,No
TC_2193,Female,42,0,No,No,4,Yes,No,DSL,No,Yes,Yes,Yes,No,No,Month-to-month,Yes,Electronic check,90.06,,15,68.5,Yes
TC_2194,Male,47,0,Yes,No,20,Yes,No,Fiber optic,No,No,No,Yes,Yes,No,Month-to-month,No,Mailed check,88.4,1909.55,2,243.5,No
TC_2195,Male,56,0,No,No,52,Yes,Yes,DSL,No,No,No,No,No,Yes,One year,No,Credit card,60.67,3463.64,11,111.1,No
TC_2196,Female,41,0,No,No,56,No,No phone service,Fiber optic,Yes,No,No,No,Yes,Yes,Two year,Yes,Bank transfer,77.4,4657.32,4,383.4,No
TC_2197,Male,30,0,Yes,No,69,Yes,No,DSL,No,No,No,No,No,No,Two year,Yes,Electronic check,60.55,3911.9,0,54.2,No
TC_2198,Female,31,0,Yes,Yes,5,Yes,Yes,DSL,No,No,Yes,Yes,Yes,Yes,Month-to-month,Yes,Credit card,98.54,520.34,2,62.2,Yes
TC_2199,Female,47,0,No,No,32,Yes,No,Fiber optic,No,No,Yes,No,No,Yes,One year,Yes,Bank transfer,106.75,3683.59,7,98.0,No
TC_2200,Female,32,0,No,No,69,No,No phone service,Fiber optic,No,Yes,Yes,No,No,Yes,One year,Yes,Electronic check,86.5,5877.67,2,48.5,No
TC_2201,Female,55,0,No,No,13,Yes,No,Fiber optic,No,No,Yes,Yes,No,No,Month-to-month,No,Mailed check,103.22,1262.82,1,109.1,No
TC_2202,Male,58,0,Yes,No,62,No,No phone service,Fiber optic,No,No,No,No,Yes,Yes,One year,Yes,Bank transfer,65.49,3856.74,1,150.1,No
TC_2203,Male,44,0,No,Yes,45,Yes,No,Fiber optic,No,No,No,No,Yes,No,Month-to-month,No,Electronic check,,4131.46,3,180.3,No
TC_2204,Female,45,0,Yes,Yes,1,No,No phone service,Fiber optic,No,No,No,No,No,No,Two year,Yes,Credit card,63.99,63.49,1,271.3,No
TC_2205,Male,29,0,Yes,Yes,47,Yes,No,DSL,No,No,No,Yes,Yes,No,Two year,Yes,Bank transfer,80.59,3410.2,2,129.0,No
TC_2206,Male,25,0,Yes,No,59,Yes,No,Fiber optic,No,Yes,Yes,Yes,No,No,Two year,Yes,Credit card,113.54,7051.09,9,205.7,Yes
TC_2207,Female,59,0,No,No,1,Yes,Yes,DSL,No,No,Yes,Yes,Yes,No,Month-to-month,No,Credit card,93.51,85.5,6,112.3,No
TC_2208,Female,31,0,Yes,No,6,No,No phone service,Fiber optic,Yes,No,Yes,Yes,No,No,Month-to-month,No,Electronic check,93.88,575.03,5,246.2,No
TC_2209,Female,39,0,Yes,No,65,Yes,Yes,No,No internet service,No internet service,No internet service,No internet service,No internet service,No internet service,One year,Yes,Mailed check,,1413.16,0,0.0,No
TC_2210,Male,42,0,Yes,Yes,55,Yes,Yes,No,No internet service,No internet service,No internet service,No internet service,No internet service,No internet service,One year,Yes,Bank transfer,20.0,1170.47,1,0.0,No
TC_2211,Male,59,0,No,No,1,Yes,No,No,No internet service,No internet service,No internet service,No internet service,No internet service,No internet service,Month-to-month,Yes,Credit card,20.0,21.94,5,0.0,Yes
TC_2212,Female,56,0,Yes,Yes,2,Yes,No,No,No internet service,No internet service,No internet service,No internet service,No internet service,No internet service,Month-to-month,No,Electronic check,20.0,40.85,0,0.0,Yes
TC_2213,Female,60,0,Yes,Yes,7,Yes,No,DSL,No,Yes,Yes,No,Yes,No,One year,No,Electronic check,102.44,645.91,0,89.9,Yes
TC_2214,Female,46,0,Yes,No,30,Yes,No,DSL,No,No,No,Yes,No,No,One year,Yes,Bank transfer,66.02,2056.24,14,82.4,No
TC_2215,Female,31,0,No,No,21,Yes,Yes,DSL,No,Yes,Yes,Yes,Yes,No,Two year,Yes,Electronic check,88.88,1861.56,2,94.2,No
TC_2216,Male,60,0,No,No,53,No,No phone service,Fiber optic,No,No,No,No,No,No,One year,No,Credit card,52.73,3030.46,9,186.7,Yes
TC_2217,Female,20,0,Yes,Yes,58,Yes,No,DSL,Yes,Yes,No,No,No,Yes,Two year,Yes,Electronic check,83.59,4781.82,3,44.2,No
TC_2218,Female,20,0,No,No,46,No,No phone service,Fiber optic,No,Yes,No,No,Yes,Yes,Two year,Yes,Credit card,,3931.24,7,276.6,No
TC_2219,Female,45,0,Yes,Yes,20,No,No phone service,Fiber optic,No,Yes,No,No,Yes,Yes,Month-to-month,No,Electronic check,85.84,1865.2,4,209.6,No
TC_2220,Male,41,0,No,Yes,35,Yes,Yes,DSL,No,No,No,No,No,No,Month-to-month,Yes,Credit card,68.78,2377.15,4,93.1,Yes
TC_2221,Female,44,0,Yes,Yes,1,No,No phone service,Fiber optic,Yes,No,No,No,No,No,Month-to-month,No,Electronic check,75.98,82.01,11,217.8,No
TC_2222,Female,40,0,No,No,4,Yes,No,Fiber optic,No,No,No,Yes,Yes,No,Month-to-month,No,Bank transfer,,387.51,2,114.3,No
TC_2223,Male,30,0,Yes,No,19,Yes,Yes,Fiber optic,No,No,Yes,No,Yes,Yes,One year,No,Bank transfer,103.9,2066.81,10,125.2,No
TC_2224,Female,73,1,Yes,No,9,No,No phone service,Fiber optic,Yes,No,No,No,Yes,Yes,Two year,Yes,Bank transfer,105.91,1036.88,3,282.3,No
TC_2225,Female,44,0,Yes,No,,Yes,No,DSL,No,No,No,No,No,Yes,Two year,Yes,Mailed check,69.65,1969.85,2,156.6,No
TC_2226,Male,33,0,No,No,3,Yes,No,Fiber optic,No,Yes,Yes,Yes,Yes,Yes,Month-to-month,Yes,Mailed check,120.0,352.99,8,163.6,Yes
TC_2227,Female,51,0,Yes,No,57,Yes,Yes,Fiber optic,No,No,No,No internet service,Yes,Yes,One year,Yes,Bank transfer,,5117.7,2,144.1,No
TC_2228,Female,75,1,No,No,20,No,No phone service,DSL,Yes,No,No,No,Yes,No,One year,No,Credit card,64.05,1351.94,4,36.3,No
TC_2229,Male,67,1,Yes,Yes,59,Yes,Yes,DSL,Yes,Yes,No,No,No,No,One year,Yes,Credit card,78.57,4301.2,1,157.4,No
TC_2230,Male,40,0,No,Yes,15,Yes,Yes,No,No internet service,No internet service,No internet service,No internet service,No internet service,No internet service,Two year,No,Mailed check,20.0,275.0,2,0.0,No
TC_2231,Male,26,0,No,No,64,Yes,Yes,No,No internet service,No internet service,No internet service,No internet service,No internet service,No internet service,Two year,Yes,Bank transfer,20.0,1382.74,1,0.0,No
TC_2232,Female,38,0,Yes,Yes,,No,No phone service,Fiber optic,No,No,No,No,Yes,Yes,One year,Yes,Bank transfer,,2818.04,12,165.4,No
TC_2233,Female,49,0,Yes,No,58,Yes,Yes,DSL,No,No,No,No,Yes,No,Month-to-month,Yes,Mailed check,76.04,4821.05,4,99.9,Yes
TC_2234,Male,53,0,No,No,49,Yes,Yes,No,No internet service,No internet service,No internet service,No internet service,No internet service,No internet service,Two year,No,Mailed check,20.0,977.44,0,0.0,No
TC_2235,Male,50,0,Yes,No,5,Yes,Yes,Fiber optic,Yes,No,No,Yes,No,Yes,Month-to-month,Yes,Electronic check,106.14,532.18,14,166.8,No
TC_2236,Female,34,0,No,No,12,Yes,No,No,No internet service,No internet service,No internet service,No internet service,No internet service,No internet service,Month-to-month,Yes,Bank transfer,20.0,244.74,0,0.0,Yes
TC_2237,Male,43,0,No,No,5,Yes,Yes,Fiber optic,Yes,No,No,No,Yes,Yes,Month-to-month,No,Bank transfer,101.97,,0,247.2,Yes
TC_2238,Female,42,0,No,No,56,Yes,Yes,Fiber optic,Yes,No,No,Yes,Yes,No,Two year,No,Bank transfer,106.82,6450.93,0,233.1,No
TC_2239,Female,35,0,No,No,5,Yes,No,Fiber optic,No,Yes,No,No,No,No,Month-to-month,Yes,Electronic check,83.78,381.33,3,189.4,Yes
TC_2240,Male,24,0,Yes,No,67,Yes,No,Fiber optic,Yes,No,Yes,No,Yes,Yes,Two year,Yes,Electronic check,120.0,7760.59,7,161.9,No
TC_2241,Male,22,0,Yes,No,49,Yes,No,Fiber optic,No,Yes,No,No,No,No,One year,No,Mailed check,82.47,3693.28,10,331.4,No
TC_2242,Male,50,0,Yes,No,3,Yes,Yes,No,No internet service,No internet service,No internet service,No internet service,No internet service,No internet service,Month-to-month,No,Electronic check,20.0,58.7,6,0.0,Yes
TC_2243,Male,24,0,No,No,54,Yes,No,Fiber optic,No,No,Yes,Yes,No,Yes,Two year,Yes,Mailed check,112.17,5937.34,1,270.6,No
TC_2244,Male,29,0,Yes,No,5,Yes,Yes,DSL,Yes,No,Yes,No,Yes,Yes,Month-to-month,Yes,Bank transfer,,462.82,0,62.2,No
TC_2245,Male,39,0,Yes,Yes,57,Yes,No,Fiber optic,No,Yes,No,No,No,No,One year,Yes,Bank transfer,102.02,6215.94,6,116.8,Yes
TC_2246,Female,45,0,Yes,No,16,No,No phone service,No,No internet service,No internet service,No internet service,No internet service,No internet service,No internet service,One year,No,Credit card,21.91,382.2,2,0.0,Yes
TC_2247,Male,71,1,No,No,44,No,No phone service,Fiber optic,No,No,Yes,No,No,No,One year,Yes,Electronic check,75.41,3367.96,3,76.4,No
TC_2248,Female,45,0,No,No,7,Yes,No,DSL,No,No,No,No,No,Yes,Two year,Yes,Bank transfer,74.58,505.72,8,102.6,No
TC_2249,Female,57,0,No,No,25,Yes,No,No,No internet service,No internet service,No internet service,No internet service,No internet service,No internet service,One year,Yes,Bank transfer,20.0,482.97,3,0.0,No
TC_2250,Male,43,0,Yes,No,50,Yes,Yes,No,No internet service,No internet service,No internet service,No internet service,No internet service,No internet service,Month-to-month,Yes,Bank transfer,20.0,915.54,1,0.0,No
TC_2251,Female,60,0,Yes,No,2,Yes,Yes,Fiber optic,No,No,Yes,Yes,No,No,Month-to-month,No,Electronic check,94.96,194.21,6,255.4,No
TC_2252,Male,51,0,Yes,No,64,Yes,No,DSL,No,No,No,No,No,No,Two year,Yes,Mailed check,65.02,3915.13,1,88.0,No
TC_2253,Male,52,0,Yes,No,,Yes,No,No,No internet service,No internet service,No internet service,No internet service,No internet service,No internet service,Two year,Yes,Credit card,20.0,1088.78,3,0.0,No
TC_2254,Female,46,0,No,No,41,Yes,No,DSL,No,No,No,No,No,No,Month-to-month,No,Mailed check,62.87,2723.29,2,105.8,No
TC_2255,Female,45,0,Yes,No,5,Yes,Yes,DSL,Yes,Yes,No,Yes,No,No,One year,Yes,Credit card,80.85,428.05,8,69.1,No
TC_2256,Male,41,0,Yes,Yes,12,Yes,No,DSL,No,No,No,Yes,No,Yes,One year,Yes,Credit card,86.36,1137.3,2,82.0,No
TC_2257,Female,31,0,Yes,No,36,Yes,Yes,DSL,No,No,No,Yes,Yes,No,One year,No,Mailed check,71.25,2537.39,0,150.8,No
TC_2258,Male,62,0,Yes,No,2,Yes,No,No,No internet service,No internet service,No internet service,No internet service,No internet service,No internet service,Month-to-month,Yes,Electronic check,20.0,36.85,1,0.0,No
TC_2259,Female,55,0,Yes,No,34,Yes,Yes,DSL,No,No,No,Yes,No,No,Month-to-month,No,Electronic check,80.49,2798.55,3,94.5,Yes
TC_2260,Female,62,0,No,No,2,No,No phone service,Fiber optic,No,No,Yes,No,No,No,Month-to-month,Yes,Electronic check,57.97,105.23,2,95.2,Yes
TC_2261,Male,67,1,No,No,22,Yes,No,Fiber optic,Yes,Yes,No,No,No,Yes,One year,No,Electronic check,97.25,2063.68,1,136.9,No
TC_2262,Male,52,0,No,No,46,Yes,No,DSL,No,No,No,No,No,No,One year,No,Bank transfer,59.67,2991.59,2,161.2,No
TC_2263,Male,25,0,No,No,62,No,No phone service,Fiber optic,No,No,No,Yes,Yes,Yes,One year,No,Mailed check,90.61,5793.83,7,108.5,No
TC_2264,Male,34,0,No,No,1,Yes,No,DSL,Yes,No,No,No,No,Yes,Month-to-month,Yes,Mailed check,75.02,67.73,1,48.3,No
TC_2265,Male,39,0,No,No,63,Yes,Yes,Fiber optic,No,No,No,No internet service,No,Yes,Two year,Yes,Bank transfer,,4622.73,7,185.3,No
TC_2266,Male,49,0,No,No,3,Yes,Yes,DSL,No,No,No,No,No,Yes,Two year,No,Bank transfer,67.01,220.32,0,63.4,No
TC_2267,Female,60,0,No,No,30,Yes,No,No,No internet service,No internet service,No internet service,No internet service,No internet service,No internet service,One year,Yes,Electronic check,20.0,650.93,1,0.0,No
TC_2268,Male,40,0,Yes,No,15,Yes,Yes,DSL,No,No,No,No,Yes,No,One year,Yes,Mailed check,76.52,1077.06,2,145.3,No
TC_2269,Female,39,0,No,Yes,32,Yes,Yes,DSL,Yes,No,No,No,Yes,Yes,Two year,Yes,Mailed check,,3180.37,3,71.5,No
TC_2270,Female,53,0,No,No,54,Yes,Yes,Fiber optic,Yes,Yes,No,No,No,No,Month-to-month,No,Electronic check,108.02,6364.4,5,334.6,No
TC_2271,Male,43,0,No,No,43,Yes,No,Fiber optic,No,No,No,No,No,Yes,One year,No,Electronic check,73.45,3187.01,2,200.0,Yes
TC_2272,Female,61,0,Yes,No,51,Yes,No,No,No internet service,No internet service,No internet service,No internet service,No internet service,No internet service,One year,No,Credit card,20.0,1060.37,3,0.0,No
TC_2273,Female,40,0,No,No,26,Yes,No,Fiber optic,No,Yes,Yes,No,No,Yes,Two year,Yes,Electronic check,99.27,2737.47,4,216.2,No
TC_2274,Female,32,0,No,No,28,Yes,No,No,No internet service,No internet service,No internet service,No internet service,No internet service,No internet service,Two year,No,Mailed check,20.0,585.23,0,0.0,No
TC_2275,Female,38,0,Yes,No,58,Yes,Yes,No,No internet service,No internet service,No internet service,No internet service,No internet service,No internet service,One year,Yes,Electronic check,20.0,1215.99,0,0.0,No
TC_2276,Male,31,0,No,No,2,Yes,No,Fiber optic,No,Yes,No,Yes,Yes,Yes,Month-to-month,No,Bank transfer,120.0,226.91,15,134.8,Yes
TC_2277,Female,64,0,No,No,7,Yes,Yes,Fiber optic,No,Yes,No,Yes,Yes,No,Month-to-month,No,Credit card,106.75,800.59,3,143.9,Yes
TC_2278,Male,38,0,Yes,Yes,3,Yes,Yes,Fiber optic,No,No,No,No,No,Yes,Month-to-month,Yes,Credit card,89.42,288.03,,285.0,Yes
TC_2279,Male,39,0,Yes,No,4,Yes,No,No,No internet service,No internet service,No internet service,No internet service,No internet service,No internet service,Month-to-month,No,Credit card,,76.05,3,0.0,Yes
TC_2280,Male,44,0,Yes,No,60,Yes,No,Fiber optic,No,Yes,No,No,No,No,One year,Yes,Bank transfer,86.9,4792.76,1,106.7,No
TC_2281,Female,55,0,No,No,53,Yes,No,No,No internet service,No internet service,No internet service,No internet service,No internet service,No internet service,Two year,Yes,Credit card,20.0,987.84,0,0.0,No
TC_2282,Female,60,0,Yes,No,44,Yes,No,No,No internet service,No internet service,No internet service,No internet service,No internet service,No internet service,Month-to-month,No,Credit card,20.0,855.99,4,0.0,No
TC_2283,Male,63,0,Yes,No,8,Yes,No,DSL,No,Yes,Yes,Yes,No,No,Two year,Yes,Credit card,105.22,898.86,0,80.2,No
TC_2284,Female,35,0,No,No,4,Yes,No,DSL,No,Yes,Yes,No,No,Yes,Month-to-month,Yes,Electronic check,82.34,326.9,0,195.4,No
TC_2285,Male,30,0,No,No,49,Yes,No,Fiber optic,No,No,Yes,No,No,Yes,Two year,Yes,Mailed check,97.8,5154.72,2,123.0,No
TC_2286,Female,29,0,Yes,No,9,Yes,Yes,No,No internet service,No internet service,No internet service,No internet service,No internet service,No internet service,One year,Yes,Bank transfer,20.0,190.08,0,0.0,No
TC_2287,Male,36,0,Yes,No,6,Yes,Yes,Fiber optic,No,Yes,Yes,No,Yes,Yes,Month-to-month,No,Electronic check,113.54,697.91,2,298.4,Yes
TC_2288,Female,46,0,Yes,No,48,Yes,No,Fiber optic,No,No,No,No,Yes,No,One year,Yes,Credit card,95.21,4217.85,2,156.6,Yes
TC_2289,Female,56,0,Yes,No,26,No,No phone service,Fiber optic,No,No,No,Yes,No,No,Month-to-month,Yes,Mailed check,66.23,1697.92,0,148.5,Yes
TC_2290,Male,38,0,Yes,Yes,2,Yes,No,DSL,No,Yes,Yes,Yes,No,No,One year,Yes,Electronic check,,151.88,0,95.5,Yes
TC_2291,Male,35,0,No,No,72,Yes,No,Fiber optic,No,No,No,No,No,No,Month-to-month,Yes,Electronic check,85.13,6499.73,3,175.2,No
TC_2292,Male,70,1,No,No,9,Yes,No,Fiber optic,Yes,No,No,No,No,No,One year,Yes,Electronic check,90.84,870.57,6,191.8,No
TC_2293,Female,25,0,Yes,No,1,No,No phone service,No,No internet service,No internet service,No internet service,No internet service,No internet service,No internet service,Month-to-month,No,Electronic check,18.6,17.91,15,0.0,Yes
TC_2294,Male,40,0,No,No,61,Yes,No,No,No internet service,No internet service,No internet service,No internet service,No internet service,No internet service,One year,Yes,Bank transfer,20.0,1199.9,5,0.0,No
TC_2295,Female,61,0,Yes,No,,Yes,No,Fiber optic,No,Yes,No,No,No,Yes,One year,No,Credit card,104.27,,1,369.6,No
TC_2296,Female,39,0,No,Yes,0,Yes,Yes,Fiber optic,Yes,No,No,No,Yes,No,Month-to-month,Yes,Bank transfer,105.76,,7,295.8,Yes
TC_2297,Female,40,0,No,No,22,Yes,Yes,Fiber optic,No,No,Yes,Yes,No,Yes,Month-to-month,Yes,Credit card,96.38,2029.77,6,275.6,No
TC_2298,Male,39,0,Yes,No,51,No,No phone service,Fiber optic,Yes,No,Yes,No,Yes,No,Month-to-month,No,Credit card,81.6,4156.12,13,309.1,No
TC_2299,Female,24,0,No,No,17,Yes,No,No,No internet service,No internet service,No internet service,No internet service,No internet service,No internet service,Month-to-month,Yes,Electronic check,20.0,356.21,1,0.0,No
TC_2300,Male,66,1,No,No,1,Yes,Yes,No,No internet service,No internet service,No internet service,No internet service,No internet service,No internet service,Month-to-month,No,Bank transfer,20.0,18.91,0,0.0,No
TC_2301,Male,57,0,No,No,53,Yes,Yes,DSL,Yes,Yes,Yes,Yes,Yes,No,One year,No,Electronic check,106.31,5338.01,5,85.5,No
TC_2302,Male,38,0,Yes,Yes,4,Yes,No,DSL,No,No,No,Yes,Yes,No,Month-to-month,Yes,Bank transfer,67.84,255.68,7,104.2,No
TC_2303,Male,25,0,No,No,47,Yes,Yes,Fiber optic,No,No,No,Yes,No,Yes,One year,Yes,Credit card,102.33,4696.51,5,282.5,No
TC_2304,Female,39,0,No,No,12,No,No phone service,Fiber optic,No,No,No,No,No,No,Month-to-month,No,Electronic check,49.63,634.94,1,297.4,Yes
TC_2305,Female,66,1,Yes,No,3,Yes,No,Fiber optic,Yes,No,No,Yes,No,Yes,One year,No,Electronic check,109.54,323.73,12,170.6,No
TC_2306,Female,69,1,Yes,No,55,No,No phone service,Fiber optic,No,Yes,Yes,Yes,No,Yes,Two year,No,Credit card,109.1,5989.33,1,279.4,No
TC_2307,Female,50,0,No,No,63,No,No phone service,Fiber optic,No,Yes,No,Yes,No,No,Month-to-month,No,Electronic check,81.83,5077.33,10,115.6,No
TC_2308,Female,29,0,Yes,Yes,49,Yes,Yes,DSL,No,Yes,No,Yes,No,Yes,One year,Yes,Electronic check,101.4,5430.91,2,123.4,No
TC_2309,Male,54,0,Yes,Yes,,Yes,Yes,No,No internet service,No internet service,No internet service,No internet service,No internet service,No internet service,Two year,No,Credit card,20.0,1206.91,,0.0,No
TC_2310,Female,41,0,Yes,Yes,45,Yes,No,DSL,No,Yes,No,No,No,No,Two year,Yes,Bank transfer,79.38,3249.34,4,31.7,No
TC_2311,Female,32,0,Yes,No,6,Yes,No,Fiber optic,Yes,No,Yes,No,No,Yes,Month-to-month,Yes,Electronic check,120.0,679.01,9,382.2,Yes
TC_2312,Female,51,0,Yes,Yes,8,Yes,Yes,DSL,Yes,No,No,No,No,Yes,Month-to-month,Yes,Bank transfer,70.5,579.48,14,72.7,No
TC_2313,Male,27,0,Yes,No,57,Yes,No,DSL,Yes,No,No,No,No,Yes,One year,Yes,Credit card,88.44,5321.49,2,147.2,No
TC_2314,Male,21,0,No,No,29,Yes,No,DSL,No,No,No,No,No,Yes,Month-to-month,Yes,Electronic check,79.72,2536.19,2,49.5,No
TC_2315,Female,60,0,Yes,No,33,Yes,No,Fiber optic,No,No,No,No,Yes,No,Two year,Yes,Electronic check,80.0,2469.56,7,327.0,No
TC_2316,Female,70,1,Yes,Yes,5,Yes,No,No,No internet service,No internet service,No internet service,No internet service,No internet service,No internet service,Two year,Yes,Mailed check,20.0,109.91,0,0.0,No
TC_2317,Male,61,0,Yes,Yes,30,Yes,No,No,No internet service,No internet service,No internet service,No internet service,No internet service,No internet service,Two year,No,Mailed check,20.0,595.49,0,0.0,No
TC_2318,Female,31,0,No,No,56,Yes,No,Fiber optic,No,Yes,No,No,Yes,Yes,One year,Yes,Electronic check,100.41,5602.42,8,337.7,No
TC_2319,Female,37,0,Yes,No,48,Yes,No,Fiber optic,Yes,No,No,No,No,Yes,One year,Yes,Electronic check,98.08,5011.07,9,89.6,Yes
TC_2320,Male,70,1,Yes,No,70,Yes,No,DSL,No,No,Yes,Yes,Yes,No,One year,Yes,Bank transfer,71.98,,5,50.6,No
TC_2321,Female,41,0,No,No,42,Yes,No,No,No internet service,No internet service,No internet service,No internet service,No internet service,No internet service,One year,No,Bank transfer,20.0,779.6,3,0.0,No
TC_2322,Male,44,0,Yes,Yes,51,Yes,Yes,Fiber optic,Yes,No,Yes,No,No,Yes,Two year,No,Credit card,116.64,5704.7,15,87.4,No
TC_2323,Male,57,0,Yes,Yes,33,Yes,No,DSL,No,No,Yes,No,Yes,No,Month-to-month,No,Mailed check,76.23,2533.29,6,100.4,No
TC_2324,Female,49,0,Yes,No,,Yes,No,Fiber optic,Yes,Yes,No,Yes,No,No,Two year,No,Bank transfer,115.44,838.94,9,207.1,No
TC_2325,Male,36,0,No,No,64,Yes,No,Fiber optic,No,Yes,Yes,Yes,No,Yes,Month-to-month,Yes,Electronic check,,7587.49,2,303.8,No
TC_2326,Male,42,0,No,No,7,Yes,No,DSL,Yes,No,Yes,No,Yes,Yes,Month-to-month,No,Electronic check,102.56,681.94,13,60.0,Yes
TC_2327,Male,49,0,No,No,66,No,No phone service,DSL,Yes,No,No,Yes,No,No,One year,Yes,Bank transfer,49.88,3442.97,11,83.9,No
TC_2328,Male,35,0,No,No,2,Yes,Yes,DSL,No,Yes,No,No,No,No,Month-to-month,Yes,Electronic check,81.74,148.22,2,80.5,No
TC_2329,Male,44,0,No,No,5,Yes,No,Fiber optic,Yes,Yes,Yes,No,Yes,No,Month-to-month,Yes,Electronic check,115.07,623.16,3,61.4,Yes
TC_2330,Male,30,0,No,No,57,Yes,Yes,Fiber optic,No,Yes,No,Yes,No,No,Two year,No,Bank transfer,109.97,6289.9,10,372.0,No
TC_2331,Female,71,1,Yes,No,59,No,No phone service,Fiber optic,No,Yes,Yes,Yes,No,No,Month-to-month,No,Electronic check,81.61,5102.14,1,35.2,No
TC_2332,Female,59,0,No,No,7,Yes,No,Fiber optic,No,No,No,No,Yes,Yes,Month-to-month,Yes,Electronic check,110.8,747.81,10,332.5,Yes
TC_2333,Female,20,0,No,No,,Yes,Yes,Fiber optic,No,Yes,Yes,No,No,Yes,Two year,Yes,Bank transfer,103.21,6877.11,9,284.4,No
TC_2334,Male,49,0,Yes,Yes,22,Yes,No,DSL,No,No,No,Yes,No,Yes,Month-to-month,Yes,Mailed check,77.67,,2,69.4,Yes
TC_2335,Female,42,0,No,No,58,Yes,Yes,Fiber optic,No,No,No,No,Yes,Yes,Two year,No,Credit card,92.81,5325.35,12,338.6,No
TC_2336,Female,45,0,Yes,Yes,39,Yes,Yes,Fiber optic,Yes,No,No,No,Yes,No,One year,No,Bank transfer,104.78,3855.51,4,111.4,No
TC_2337,Female,61,0,Yes,No,67,Yes,No,Fiber optic,No,No,Yes,No,Yes,Yes,Month-to-month,No,Credit card,,7585.26,4,322.3,Yes
TC_2338,Male,51,0,Yes,No,4,Yes,Yes,Fiber optic,Yes,No,No,No,No,No,Month-to-month,No,Bank transfer,91.88,368.75,4,442.2,No
TC_2339,Female,50,0,Yes,No,44,Yes,Yes,No,No internet service,No internet service,No internet service,No internet service,No internet service,No internet service,Two year,Yes,Bank transfer,20.0,904.79,1,0.0,No
TC_2340,Male,32,0,No,No,2,No,No phone service,DSL,Yes,No,No,No,Yes,No,One year,Yes,Mailed check,55.31,111.64,5,143.5,Yes
TC_2341,Female,31,0,Yes,Yes,,Yes,No,Fiber optic,No,No,No,Yes,Yes,Yes,Two year,Yes,Electronic check,96.1,2531.93,1,103.2,No
TC_2342,Female,67,1,Yes,No,27,Yes,No,Fiber optic,No,No,No,No,No,No,One year,Yes,Electronic check,72.95,1911.9,6,262.8,No
TC_2343,Female,42,0,No,No,20,Yes,No,DSL,No,Yes,No,No,No,Yes,One year,No,Bank transfer,71.64,,0,110.2,No
TC_2344,Male,42,0,No,No,4,Yes,Yes,No,No internet service,No internet service,No internet service,No internet service,No internet service,No internet service,Month-to-month,No,Electronic check,20.0,73.93,2,0.0,No
TC_2345,Female,62,0,Yes,No,66,No,No phone service,Fiber optic,Yes,No,Yes,Yes,No,Yes,Month-to-month,Yes,Electronic check,,6077.58,1,35.8,No
TC_2346,Female,28,0,Yes,No,5,Yes,No,DSL,No,Yes,No,No,Yes,No,Month-to-month,Yes,Mailed check,70.79,339.55,9,77.4,Yes
TC_2347,Female,43,0,Yes,No,60,Yes,Yes,No,No internet service,No internet service,No internet service,No internet service,No internet service,No internet service,Two year,No,Bank transfer,20.0,1103.71,0,0.0,No
TC_2348,Male,26,0,Yes,No,72,Yes,No,DSL,No,No,No,Yes,No,No,One year,Yes,Bank transfer,69.03,4500.32,0,49.4,No
TC_2349,Male,45,0,No,No,50,No,No phone service,DSL,No,No,No,No,No,No,Two year,Yes,Credit card,44.43,2403.19,15,40.1,No
TC_2350,Female,64,0,No,No,4,Yes,Yes,No,No internet service,No internet service,No internet service,No internet service,No internet service,No internet service,Month-to-month,Yes,Credit card,20.0,81.96,0,0.0,Yes
TC_2351,Male,68,1,Yes,No,66,Yes,No,DSL,No,No,Yes,No,No,No,One year,Yes,Credit card,75.34,5175.29,4,146.8,No
TC_2352,Female,31,0,Yes,No,20,Yes,No,Fiber optic,Yes,Yes,No,No,Yes,No,Two year,No,Mailed check,110.41,2312.83,4,343.8,No
TC_2353,Male,41,0,Yes,No,2,Yes,Yes,Fiber optic,No,No,No,Yes,No,Yes,Month-to-month,Yes,Credit card,98.48,180.22,2,183.2,Yes
TC_2354,Female,58,0,No,No,47,Yes,Yes,Fiber optic,No,No,Yes,Yes,Yes,No,Two year,No,Mailed check,98.6,4651.57,13,333.5,No
TC_2355,Male,46,0,Yes,Yes,3,No,No phone service,DSL,No,No,No,No,Yes,No,Month-to-month,Yes,Mailed check,38.99,,8,86.8,Yes
TC_2356,Male,26,0,Yes,Yes,7,Yes,No,Fiber optic,No,No,No,No,No,Yes,One year,Yes,Credit card,75.54,525.01,3,382.7,Yes
TC_2357,Female,40,0,No,No,2,Yes,No,Fiber optic,No,Yes,Yes,Yes,Yes,Yes,Month-to-month,Yes,Electronic check,120.0,246.87,14,173.8,Yes
TC_2358,Female,74,1,Yes,No,5,Yes,No,Fiber optic,No,No,Yes,Yes,No,No,Month-to-month,Yes,Bank transfer,95.11,492.06,9,126.6,Yes
TC_2359,Male,65,1,Yes,No,,Yes,No,DSL,No,No,No,Yes,Yes,Yes,Two year,No,Bank transfer,,5857.89,2,51.6,No
TC_2360,Male,57,0,Yes,No,55,Yes,Yes,DSL,Yes,Yes,Yes,No,No,Yes,One year,Yes,Bank transfer,108.15,6026.73,7,190.4,No
TC_2361,Male,57,0,Yes,No,28,Yes,Yes,No,No internet service,No internet service,No internet service,No internet service,No internet service,No internet service,One year,No,Mailed check,20.0,558.48,7,0.0,Yes
TC_2362,Female,46,0,No,No,6,Yes,No,DSL,Yes,No,No,Yes,Yes,Yes,Month-to-month,Yes,Credit card,110.8,654.17,4,25.5,Yes
TC_2363,Male,35,0,Yes,No,53,Yes,No,DSL,Yes,Yes,No,No,Yes,Yes,Month-to-month,Yes,Electronic check,,5085.77,1,51.7,No
TC_2364,Female,34,0,No,No,23,Yes,No,Fiber optic,No,Yes,No,No,Yes,Yes,Month-to-month,Yes,Mailed check,105.63,2239.54,1,132.2,Yes
TC_2365,Male,34,0,No,No,3,Yes,Yes,DSL,Yes,No,No,Yes,No,Yes,Month-to-month,Yes,Bank transfer,98.11,293.33,9,21.6,Yes
TC_2366,Female,35,0,Yes,No,40,Yes,Yes,DSL,No,Yes,Yes,No,No,No,Month-to-month,Yes,Bank transfer,79.91,3421.62,1,46.2,Yes
TC_2367,Female,49,0,Yes,No,49,Yes,Yes,Fiber optic,No,No,Yes,Yes,No,No,Two year,Yes,Electronic check,89.32,4072.79,0,342.8,No
TC_2368,Female,38,0,Yes,No,11,No,No phone service,DSL,Yes,No,Yes,No,Yes,No,Month-to-month,No,Credit card,61.5,633.4,14,55.9,Yes
TC_2369,Female,44,0,Yes,No,,No,No phone service,Fiber optic,Yes,Yes,Yes,No,No,Yes,One year,No,Electronic check,89.48,257.61,1,245.4,No
TC_2370,Male,31,0,No,No,56,Yes,Yes,Fiber optic,No,Yes,Yes,Yes,No,No,Two year,Yes,Credit card,98.62,5152.98,0,295.2,No
TC_2371,Male,41,0,Yes,No,63,Yes,Yes,Fiber optic,No,No,No,Yes,No,No,Month-to-month,Yes,Bank transfer,95.56,,12,287.3,No
TC_2372,Male,32,0,No,No,7,Yes,Yes,No,No internet service,No internet service,No internet service,No internet service,No internet service,No internet service,Month-to-month,Yes,Mailed check,20.0,128.53,12,0.0,Yes
TC_2373,Female,60,0,Yes,Yes,3,Yes,No,No,No internet service,No internet service,No internet service,No internet service,No internet service,No internet service,Month-to-month,No,Electronic check,20.0,61.53,,0.0,Yes
TC_2374,Female,50,0,No,No,42,Yes,No,DSL,No,No,No,No,No,No,Month-to-month,Yes,Bank transfer,55.59,2454.99,2,115.6,No
TC_2375,Female,50,0,No,No,17,Yes,Yes,Fiber optic,No,No,Yes,Yes,Yes,No,One year,No,Mailed check,103.67,1818.45,6,58.7,No
TC_2376,Male,21,0,No,Yes,47,Yes,No,DSL,Yes,No,No,No,Yes,No,One year,No,Bank transfer,72.9,3510.91,8,85.7,No
TC_2377,Male,43,0,Yes,Yes,19,Yes,No,DSL,No,Yes,No,No,No,No,Month-to-month,Yes,Electronic check,71.64,1270.61,2,135.8,No
TC_2378,Female,26,0,Yes,No,58,Yes,No,No,No internet service,No internet service,No internet service,No internet service,No internet service,No internet service,One year,Yes,Credit card,20.0,,0,0.0,No
TC_2379,Male,44,0,Yes,No,2,Yes,Yes,Fiber optic,No,No,No,No,Yes,Yes,Month-to-month,No,Electronic check,102.6,202.13,5,376.3,Yes
TC_2380,Female,53,0,Yes,No,59,No,No phone service,Fiber optic,No,Yes,No,Yes,No,No,Two year,Yes,Bank transfer,,5638.83,1,273.8,No
TC_2381,Female,44,0,Yes,No,2,Yes,No,Fiber optic,Yes,No,No,Yes,Yes,No,Month-to-month,No,Electronic check,100.75,205.37,2,99.6,Yes
TC_2382,Male,26,0,No,No,44,Yes,Yes,Fiber optic,No,No,Yes,Yes,Yes,No,Two year,Yes,Bank transfer,106.52,5079.53,2,335.9,No
TC_2383,Female,43,0,Yes,Yes,59,Yes,Yes,No,No internet service,No internet service,No internet service,No internet service,No internet service,No internet service,Two year,Yes,Electronic check,20.0,1165.73,4,0.0,No
TC_2384,Female,38,0,No,No,60,Yes,No,No,No internet service,No internet service,No internet service,No internet service,No internet service,No internet service,One year,Yes,Credit card,20.0,1118.45,1,0.0,No
TC_2385,Male,20,0,No,Yes,45,Yes,No,Fiber optic,No,No,Yes,No,Yes,Yes,One year,Yes,Bank transfer,115.17,5673.33,3,173.7,No
TC_2386,Male,31,0,No,No,10,Yes,Yes,Fiber optic,No,No,Yes,No,Yes,No,Month-to-month,Yes,Bank transfer,90.27,850.42,3,350.8,No
TC_2387,Male,52,0,Yes,No,,Yes,No,No,No internet service,No internet service,No internet service,No internet service,No internet service,No internet service,Two year,Yes,Electronic check,20.0,694.08,12,0.0,No
TC_2388,Male,43,0,Yes,Yes,14,Yes,No,Fiber optic,Yes,Yes,No,No,No,No,Two year,Yes,Bank transfer,,1454.03,3,188.3,No
TC_2389,Male,49,0,No,No,10,Yes,Yes,Fiber optic,No,No,No,Yes,Yes,No,One year,No,Credit card,98.41,1024.42,3,181.6,No
TC_2390,Female,58,0,Yes,No,13,Yes,No,Fiber optic,No,No,No,Yes,Yes,Yes,One year,Yes,Mailed check,120.0,1513.62,1,142.3,Yes
TC_2391,Male,64,0,Yes,No,9,Yes,Yes,No,No internet service,No internet service,No internet service,No internet service,No internet service,No internet service,One year,Yes,Electronic check,20.0,170.3,2,0.0,No
TC_2392,Male,32,0,Yes,No,1,No,No phone service,No,No internet service,No internet service,No internet service,No internet service,No internet service,No internet service,Month-to-month,No,Bank transfer,23.76,23.5,3,0.0,No
TC_2393,Male,73,1,Yes,No,52,Yes,No,No,No internet service,No internet service,No internet service,No internet service,No internet service,No internet service,Month-to-month,Yes,Mailed check,20.0,999.93,1,0.0,Yes
TC_2394,Male,25,0,No,No,6,No,No phone service,DSL,No,No,No,No,Yes,Yes,One year,Yes,Bank transfer,68.1,419.91,4,40.5,No
TC_2395,Female,56,0,Yes,Yes,53,Yes,Yes,No,No internet service,No internet service,No internet service,No internet service,No internet service,No internet service,Month-to-month,No,Electronic check,20.0,1143.92,7,0.0,No
TC_2396,Male,39,0,No,Yes,59,Yes,No,DSL,No,No,Yes,Yes,Yes,No,Two year,No,Bank transfer,91.0,4989.21,1,121.3,No
TC_2397,Male,65,1,Yes,No,52,Yes,No,DSL,No,No,No,No,No,Yes,One year,Yes,Electronic check,64.82,3662.57,7,15.7,No
TC_2398,Female,43,0,No,No,61,Yes,Yes,Fiber optic,No,No,No,No,No,No,Two year,No,Credit card,66.96,3863.25,5,179.4,No
TC_2399,Male,38,0,Yes,No,35,Yes,No,DSL,Yes,No,No,No,No,No,Two year,Yes,Credit card,79.05,2799.7,7,63.3,No
TC_2400,Male,64,0,No,No,54,Yes,No,Fiber optic,No,Yes,Yes,Yes,Yes,Yes,One year,No,Electronic check,118.88,6727.88,10,134.4,No
TC_2401,Male,57,0,Yes,Yes,35,Yes,No,DSL,Yes,No,No,No,No,No,One year,Yes,Bank transfer,70.99,2492.49,0,57.1,No
TC_2402,Male,48,0,No,Yes,50,Yes,No,Fiber optic,No,Yes,No,Yes,Yes,Yes,Two year,Yes,Bank transfer,110.09,5920.15,2,318.2,No
TC_2403,Female,52,0,No,No,45,No,No phone service,No,No internet service,No internet service,No internet service,No internet service,No internet service,No internet service,Month-to-month,No,Mailed check,21.43,961.03,0,0.0,Yes
TC_2404,Female,45,0,No,No,57,Yes,No,Fiber optic,Yes,No,No,No,No,No,One year,Yes,Credit card,76.73,4418.5,8,264.8,No
TC_2405,Female,58,0,No,Yes,6,Yes,No,Fiber optic,Yes,No,No,Yes,Yes,No,One year,Yes,Credit card,104.57,649.5,2,129.9,No
TC_2406,Male,31,0,No,No,9,Yes,Yes,Fiber optic,No,No,Yes,Yes,Yes,Yes,Month-to-month,No,Mailed check,115.76,1139.4,4,137.7,No
TC_2407,Male,56,0,No,No,24,Yes,No,Fiber optic,No,Yes,No,Yes,Yes,No,One year,Yes,Mailed check,120.0,3110.74,2,338.4,No
TC_2408,Female,57,0,Yes,Yes,52,Yes,Yes,Fiber optic,No,Yes,No,No,No,No,Two year,No,Electronic check,75.85,3709.06,0,99.3,No
TC_2409,Female,42,0,No,No,40,Yes,No,No,No internet service,No internet service,No internet service,No internet service,No internet service,No internet service,One year,Yes,Credit card,20.0,754.6,9,0.0,No
TC_2410,Female,48,0,No,No,40,No,No phone service,Fiber optic,No,No,Yes,Yes,Yes,No,One year,No,Credit card,95.36,3797.71,10,298.1,Yes
TC_2411,Female,48,0,Yes,Yes,27,No,No phone service,DSL,No,Yes,No,Yes,Yes,Yes,Two year,Yes,Electronic check,90.79,2257.52,0,23.0,Yes
TC_2412,Female,43,0,No,No,10,Yes,Yes,Fiber optic,No,No,No,Yes,Yes,No,Month-to-month,No,Electronic check,88.22,943.19,2,205.6,No
TC_2413,Female,33,0,Yes,Yes,50,Yes,No,No,No internet service,No internet service,No internet service,No internet service,No internet service,No internet service,Two year,No,Bank transfer,20.0,918.31,1,0.0,No
TC_2414,Male,50,0,Yes,No,47,Yes,Yes,DSL,Yes,No,No,Yes,No,No,Two year,No,Bank transfer,76.34,3781.94,15,164.4,No
TC_2415,Female,48,0,Yes,No,,Yes,Yes,Fiber optic,Yes,No,No,No,Yes,No,Two year,No,Mailed check,92.92,4967.66,4,343.0,No
TC_2416,Male,46,0,No,No,62,Yes,Yes,Fiber optic,No,Yes,No,No,Yes,No,One year,No,Bank transfer,85.81,5758.09,5,323.5,No
TC_2417,Male,70,1,Yes,No,58,Yes,No,DSL,Yes,No,Yes,Yes,Yes,No,One year,No,Credit card,94.41,5993.41,,159.0,No
TC_2418,Male,46,0,No,No,63,Yes,No,DSL,No,Yes,Yes,No,Yes,Yes,Two year,No,Credit card,116.14,6712.5,12,92.3,No
TC_2419,Female,60,0,No,No,59,Yes,Yes,Fiber optic,No,Yes,No,No,Yes,No,Month-to-month,No,Mailed check,92.01,5079.59,10,294.0,Yes
TC_2420,Male,55,0,Yes,Yes,54,Yes,Yes,No,No internet service,No internet service,No internet service,No internet service,No internet service,No internet service,One year,Yes,Electronic check,20.0,1008.55,0,0.0,No
TC_2421,Male,45,0,No,No,6,Yes,Yes,Fiber optic,No,No,No,No,Yes,Yes,Month-to-month,Yes,Credit card,81.05,,5,207.1,Yes
TC_2422,Male,27,0,Yes,Yes,34,Yes,No,Fiber optic,Yes,No,No,No,No,No,One year,Yes,Mailed check,88.48,3063.46,4,149.1,No
TC_2423,Female,45,0,No,No,4,Yes,No,DSL,No,Yes,No,Yes,No,No,Month-to-month,No,Credit card,89.47,323.31,2,113.7,No
TC_2424,Male,48,0,Yes,No,5,Yes,Yes,DSL,No,No,Yes,Yes,No,No,Month-to-month,Yes,Electronic check,79.63,416.07,6,74.2,Yes
TC_2425,Female,47,0,Yes,Yes,4,Yes,Yes,Fiber optic,Yes,Yes,Yes,No,No,No,Month-to-month,No,Electronic check,108.02,398.71,11,252.0,Yes
TC_2426,Male,49,0,Yes,No,33,No,No phone service,No,No internet service,No internet service,No internet service,No internet service,No internet service,No internet service,Two year,No,Bank transfer,23.3,753.33,0,0.0,No
TC_2427,Female,37,0,Yes,No,7,Yes,Yes,DSL,No,No,No,No,Yes,Yes,Month-to-month,Yes,Mailed check,84.63,589.97,7,185.3,No
TC_2428,Female,49,0,Yes,Yes,62,Yes,Yes,DSL,No,No,No,No,Yes,No,Month-to-month,No,Electronic check,84.44,5718.38,3,77.8,No
TC_2429,Male,73,1,Yes,No,3,Yes,Yes,Fiber optic,Yes,Yes,No,No,Yes,Yes,Month-to-month,No,Electronic check,117.76,372.72,7,83.7,Yes
TC_2430,Male,41,0,No,No,11,Yes,No,DSL,No,No,Yes,Yes,No,No,One year,No,Credit card,89.44,958.27,,76.4,Yes
TC_2431,Male,37,0,Yes,No,,Yes,Yes,Fiber optic,Yes,No,No,Yes,Yes,Yes,Two year,Yes,Credit card,114.43,6590.97,2,194.6,Yes
TC_2432,Male,54,0,No,No,2,Yes,Yes,Fiber optic,No,No,No,No,No,No,Month-to-month,No,Mailed check,87.28,168.8,9,269.8,Yes
TC_2433,Female,38,0,No,No,,Yes,Yes,Fiber optic,No,Yes,No,No,Yes,No,Two year,No,Bank transfer,90.52,3429.21,9,151.1,No
TC_2434,Female,47,0,No,No,60,Yes,Yes,DSL,No,No,Yes,No,No,Yes,Month-to-month,No,Mailed check,80.32,4855.46,9,107.4,No
TC_2435,Female,40,0,Yes,Yes,60,Yes,Yes,DSL,Yes,No,No,No,No,Yes,One year,No,Credit card,80.72,5132.52,2,104.7,No
TC_2436,Female,56,0,Yes,No,2,Yes,No,Fiber optic,No,Yes,No,Yes,No,No,Two year,No,Bank transfer,94.87,189.05,5,244.1,No
TC_2437,Female,54,0,Yes,Yes,3,No,No phone service,Fiber optic,Yes,Yes,No,Yes,No,Yes,Month-to-month,Yes,Electronic check,105.83,325.28,5,137.5,No
TC_2438,Male,41,0,No,No,48,Yes,No,Fiber optic,No,Yes,Yes,No,No,Yes,Month-to-month,No,Credit card,120.0,6015.8,0,249.0,Yes
TC_2439,Male,70,1,Yes,Yes,4,Yes,No,Fiber optic,Yes,No,No,Yes,No,Yes,One year,Yes,Bank transfer,116.54,463.43,8,65.0,No
TC_2440,Female,23,0,No,Yes,1,Yes,Yes,DSL,Yes,No,No,No,Yes,No,One year,Yes,Bank transfer,73.87,,0,48.4,No
TC_2441,Female,40,0,Yes,No,4,Yes,Yes,Fiber optic,No,No,Yes,Yes,No,No,One year,Yes,Electronic check,101.55,418.4,6,167.7,No
TC_2442,Male,37,0,Yes,No,8,Yes,Yes,DSL,Yes,No,Yes,No,No,No,One year,Yes,Credit card,91.71,,2,51.9,No
TC_2443,Female,70,1,Yes,No,9,Yes,No,DSL,Yes,No,No,Yes,Yes,Yes,Month-to-month,No,Credit card,109.97,897.72,3,89.2,No
TC_2444,Female,33,0,Yes,No,,Yes,Yes,Fiber optic,No,No,No,Yes,Yes,No,Two year,Yes,Electronic check,83.49,5092.31,14,371.7,No
TC_2445,Male,33,0,Yes,No,70,Yes,Yes,DSL,Yes,No,No,Yes,No,No,Two year,Yes,Mailed check,81.21,6214.73,1,35.8,No
TC_2446,Female,33,0,No,No,55,Yes,No,No,No internet service,No internet service,No internet service,No internet service,No internet service,No internet service,Two year,No,Electronic check,20.0,1097.08,3,0.0,No
TC_2447,Female,66,1,Yes,No,21,Yes,No,DSL,No,Yes,No,Yes,Yes,Yes,One year,No,Credit card,106.16,2184.71,6,56.5,Yes
TC_2448,Female,38,0,No,No,1,No,No phone service,DSL,No,No,Yes,No,Yes,Yes,Month-to-month,No,Bank transfer,74.74,68.59,1,88.1,No
TC_2449,Female,37,0,No,No,26,Yes,Yes,Fiber optic,Yes,Yes,No,Yes,No,No,One year,No,Credit card,120.0,2872.48,3,76.6,No
TC_2450,Male,59,0,Yes,No,62,Yes,No,DSL,No,Yes,Yes,Yes,No,No,One year,Yes,Bank transfer,330.41,5151.61,3,97.3,No
TC_2451,Female,49,0,Yes,No,2,No,No phone service,No,No internet service,No internet service,No internet service,No internet service,No internet service,No internet service,Month-to-month,Yes,Electronic check,22.06,45.14,12,0.0,Yes
TC_2452,Male,33,0,Yes,No,39,Yes,Yes,No,No internet service,No internet service,No internet service,No internet service,No internet service,No internet service,Two year,Yes,Credit card,20.0,,0,0.0,No
TC_2453,Female,42,0,Yes,No,31,Yes,No,Fiber optic,No,No,No,No,Yes,Yes,Month-to-month,No,Mailed check,86.92,2440.27,1,283.9,Yes
TC_2454,Male,29,0,Yes,No,42,Yes,Yes,DSL,Yes,No,No,Yes,Yes,No,Month-to-month,Yes,Electronic check,93.43,3839.4,4,39.3,No
TC_2455,Female,28,0,No,No,2,No,No phone service,No,No internet service,No internet service,No internet service,No internet service,No internet service,No internet service,Two year,Yes,Electronic check,19.71,37.72,1,0.0,No
TC_2456,Female,64,0,Yes,Yes,27,Yes,Yes,DSL,No,No,Yes,No,No,No,Two year,Yes,Bank transfer,71.48,1788.74,1,73.7,No
TC_2457,Female,42,0,No,Yes,47,Yes,No,No,No internet service,No internet service,No internet service,No internet service,No internet service,No internet service,One year,No,Bank transfer,,1020.46,7,0.0,No
TC_2458,Male,55,0,Yes,No,,Yes,No,Fiber optic,No,No,Yes,Yes,Yes,No,Month-to-month,No,Electronic check,102.41,1105.89,8,123.1,Yes
TC_2459,Male,30,0,No,No,6,Yes,No,No,No internet service,No internet service,No internet service,No internet service,No internet service,No internet service,Month-to-month,Yes,Electronic check,20.0,123.53,6,0.0,No
TC_2460,Female,39,0,Yes,No,7,Yes,Yes,DSL,No,No,No,No,Yes,Yes,Month-to-month,No,Credit card,90.99,663.23,2,101.4,No
TC_2461,Male,62,0,Yes,No,64,Yes,Yes,Fiber optic,Yes,Yes,No,Yes,No,No,Two year,Yes,Credit card,114.0,7810.03,1,277.8,No
TC_2462,Male,60,0,Yes,No,2,Yes,No,Fiber optic,No,No,Yes,No,No,No,Two year,No,Credit card,104.78,70.79,2,414.1,No
TC_2463,Female,38,0,No,No,21,Yes,No,Fiber optic,No,Yes,Yes,Yes,No,No,Month-to-month,Yes,Credit card,105.7,2175.08,6,288.6,Yes
TC_2464,Male,38,0,No,No,2,No,No phone service,No,No internet service,No internet service,No internet service,No internet service,No internet service,No internet service,Month-to-month,Yes,Credit card,22.26,46.18,1,0.0,No
TC_2465,Male,47,0,Yes,Yes,65,Yes,Yes,Fiber optic,No,Yes,Yes,No,No,Yes,One year,No,Bank transfer,109.76,6966.73,3,258.4,No
TC_2466,Male,69,1,No,No,1,Yes,No,DSL,No,No,No,No,No,Yes,Month-to-month,Yes,Electronic check,76.22,,5,16.1,Yes
TC_2467,Female,43,0,No,No,3,Yes,No,No,No internet service,No internet service,No internet service,No internet service,No internet service,No internet service,Month-to-month,No,Electronic check,20.0,65.26,0,0.0,Yes
TC_2468,Male,70,1,Yes,No,6,Yes,No,DSL,No,No,No,No,No,No,Month-to-month,No,Electronic check,56.73,317.51,7,145.5,No
TC_2469,Female,40,0,Yes,No,64,No,No phone service,Fiber optic,Yes,No,Yes,No,Yes,No,Two year,Yes,Mailed check,96.6,6755.33,0,300.3,No
TC_2470,Male,62,0,Yes,No,57,Yes,No,Fiber optic,Yes,No,No,Yes,No,Yes,One year,Yes,Bank transfer,104.42,5498.75,4,117.8,No
TC_2471,Male,60,0,No,No,51,Yes,Yes,Fiber optic,No,No,No,Yes,Yes,No,One year,No,Bank transfer,103.54,4937.46,7,78.8,Yes
TC_2472,Male,35,0,Yes,No,24,Yes,No,DSL,No,Yes,No,Yes,Yes,No,Month-to-month,Yes,Electronic check,86.44,2173.93,0,119.9,No
TC_2473,Male,68,1,Yes,Yes,6,Yes,Yes,DSL,No,Yes,Yes,No,No,No,Month-to-month,No,Bank transfer,89.48,503.67,0,62.9,Yes
TC_2474,Male,59,0,No,No,59,Yes,No,Fiber optic,Yes,Yes,No,No,No,No,One year,No,Credit card,85.24,4949.19,4,412.7,No
TC_2475,Male,36,0,Yes,No,46,No,No phone service,DSL,No,No,No,No,No,No,Two year,Yes,Credit card,48.99,2304.13,7,73.9,Yes
TC_2476,Female,48,0,Yes,Yes,58,Yes,Yes,DSL,No,No,No,No,No,No,One year,No,Electronic check,56.99,2992.98,0,86.5,No
TC_2477,Female,33,0,No,No,58,Yes,Yes,DSL,Yes,No,No,No,No,No,Month-to-month,No,Mailed check,77.89,4548.62,6,86.6,Yes
TC_2478,Female,32,0,No,No,61,Yes,No,DSL,Yes,Yes,Yes,No,No,No,One year,Yes,Bank transfer,94.55,5199.32,3,86.2,No
TC_2479,Female,23,0,Yes,Yes,,Yes,Yes,Fiber optic,No,No,No,Yes,Yes,Yes,Month-to-month,Yes,Electronic check,112.48,1084.16,7,143.3,Yes
TC_2480,Female,21,0,No,No,7,No,No phone service,DSL,Yes,No,No,Yes,No,Yes,Month-to-month,No,Mailed check,80.01,517.37,4,86.5,No
TC_2481,Female,41,0,Yes,No,58,Yes,No,Fiber optic,No,No,Yes,No,No,No,One year,Yes,Bank transfer,99.13,5305.7,1,92.0,No
TC_2482,Male,65,1,No,No,10,Yes,No,DSL,No,Yes,No,No,No,No,Month-to-month,No,Electronic check,70.03,755.07,8,100.5,No
TC_2483,Male,30,0,Yes,No,9,Yes,No,Fiber optic,No,No,No,Yes,No,No,Month-to-month,Yes,Electronic check,86.22,765.85,,225.7,No
TC_2484,Male,27,0,No,No,30,Yes,No,No,No internet service,No internet service,No internet service,No internet service,No internet service,No internet service,Month-to-month,Yes,Electronic check,20.0,583.27,,0.0,No
TC_2485,Male,60,0,Yes,Yes,52,Yes,No,Fiber optic,No,Yes,No,No,No,No,Two year,No,Credit card,93.39,,5,176.5,No
TC_2486,Female,46,0,Yes,No,47,Yes,No,Fiber optic,Yes,No,Yes,Yes,Yes,Yes,Month-to-month,Yes,Electronic check,118.65,5611.28,8,132.8,No
TC_2487,Male,60,0,Yes,Yes,65,No,No phone service,Fiber optic,No,Yes,No,Yes,No,Yes,Two year,Yes,Credit card,90.13,5391.99,12,111.0,No
TC_2488,Male,32,0,No,No,27,Yes,Yes,Fiber optic,No,Yes,Yes,Yes,No,No,Two year,Yes,Bank transfer,112.29,3091.62,5,83.0,No
TC_2489,Male,56,0,No,Yes,42,Yes,No,Fiber optic,No,No,No,Yes,Yes,Yes,One year,No,Mailed check,101.63,4421.45,0,159.3,No
TC_2490,Female,39,0,No,No,60,Yes,No,Fiber optic,No,Yes,No,No,No,Yes,One year,Yes,Credit card,96.16,5623.3,8,290.1,No
TC_2491,Male,37,0,Yes,No,21,Yes,Yes,Fiber optic,No,Yes,No,Yes,Yes,Yes,One year,Yes,Credit card,110.57,2521.13,1,82.4,No
TC_2492,Female,49,0,No,No,55,Yes,Yes,DSL,Yes,Yes,Yes,No,Yes,No,Two year,No,Credit card,104.08,5634.19,1,91.9,No
TC_2493,Female,47,0,Yes,No,,Yes,No,No,No internet service,No internet service,No internet service,No internet service,No internet service,No internet service,Two year,Yes,Mailed check,,823.28,10,0.0,No
TC_2494,Female,34,0,Yes,No,5,Yes,No,DSL,No,No,No,No,No,Yes,One year,Yes,Bank transfer,65.86,331.97,11,118.9,Yes
TC_2495,Female,27,0,Yes,Yes,64,Yes,No,Fiber optic,No,No,No,No,Yes,No,Two year,Yes,Credit card,72.95,,11,258.4,No
TC_2496,Female,39,0,Yes,Yes,28,Yes,No,DSL,No,No,Yes,No,Yes,Yes,One year,Yes,Credit card,94.39,2621.48,15,127.8,No
TC_2497,Male,64,0,Yes,No,2,Yes,No,No,No internet service,No internet service,No internet service,No internet service,No internet service,No internet service,One year,No,Mailed check,20.0,37.15,4,0.0,No
TC_2498,Male,58,0,No,Yes,4,Yes,Yes,No,No internet service,No internet service,No internet service,No internet service,No internet service,No internet service,Month-to-month,Yes,Electronic check,20.0,75.16,0,0.0,No
TC_2499,Female,25,0,No,Yes,2,Yes,Yes,Fiber optic,No,Yes,No,No,Yes,No,Month-to-month,Yes,Bank transfer,89.5,169.73,4,124.9,Yes
TC_2500,Female,50,0,Yes,No,55,Yes,No,No,No internet service,No internet service,No internet service,No internet service,No internet service,No internet service,Two year,No,Electronic check,,1150.07,5,0.0,No
TC_2501,Female,47,0,No,No,4,Yes,Yes,No,No internet service,No internet service,No internet service,No internet service,No internet service,No internet service,One year,No,Mailed check,20.0,75.7,8,0.0,No
TC_2502,Female,22,0,No,No,64,Yes,No,Fiber optic,Yes,Yes,No,Yes,No,No,Two year,Yes,Bank transfer,108.01,7166.65,15,255.5,No
TC_2503,Male,43,0,No,No,67,Yes,No,Fiber optic,No,No,No,No,Yes,No,One year,Yes,Mailed check,88.48,6252.74,12,132.4,No
TC_2504,Male,50,0,Yes,No,29,Yes,No,Fiber optic,No,No,Yes,Yes,Yes,No,One year,No,Bank transfer,120.0,3539.32,10,297.6,No
TC_2505,Male,63,0,Yes,Yes,2,Yes,Yes,No,No internet service,No internet service,No internet service,No internet service,No internet service,No internet service,Month-to-month,Yes,Electronic check,20.0,40.64,7,0.0,Yes
TC_2506,Female,48,0,No,No,70,Yes,No,DSL,No,Yes,No,No,No,Yes,Month-to-month,No,Electronic check,91.95,6558.24,1,136.0,No
TC_2507,Female,49,0,Yes,No,46,Yes,Yes,Fiber optic,No,No,Yes,No,Yes,Yes,Two year,No,Electronic check,93.42,4223.29,6,351.1,No
TC_2508,Male,39,0,Yes,No,30,Yes,Yes,Fiber optic,Yes,Yes,No,Yes,Yes,No,One year,No,Bank transfer,110.73,3098.63,10,395.6,No
TC_2509,Female,57,0,Yes,No,62,Yes,No,Fiber optic,No,No,No,Yes,No,No,Two year,No,Mailed check,82.0,5256.92,,267.6,No
TC_2510,Female,46,0,Yes,No,3,Yes,Yes,No,No internet service,No internet service,No internet service,No internet service,No internet service,No internet service,Month-to-month,No,Bank transfer,20.0,59.27,0,0.0,No
TC_2511,Female,46,0,Yes,No,62,Yes,Yes,Fiber optic,No,Yes,No,No,No,No,One year,No,Credit card,81.5,5016.84,6,140.1,No
TC_2512,Female,43,0,No,No,16,No,No phone service,DSL,No,Yes,Yes,No,Yes,No,One year,No,Bank transfer,69.38,1180.6,1,104.0,No
TC_2513,Male,42,0,No,No,1,Yes,No,No,No internet service,No internet service,No internet service,No internet service,No internet service,No internet service,One year,No,Mailed check,20.0,20.66,1,0.0,No
TC_2514,Female,36,0,Yes,No,71,Yes,No,DSL,No,No,Yes,Yes,No,Yes,One year,Yes,Credit card,82.59,5392.39,10,123.2,No
TC_2515,Female,27,0,Yes,No,25,Yes,Yes,Fiber optic,Yes,No,No,Yes,Yes,No,One year,No,Mailed check,98.46,2338.58,6,341.6,No
TC_2516,Male,31,0,No,No,4,No,No phone service,DSL,No,Yes,Yes,No,No,No,Month-to-month,Yes,Electronic check,61.77,237.36,1,101.2,No
TC_2517,Male,68,1,Yes,No,,No,No phone service,DSL,Yes,No,Yes,No,No,No,Two year,Yes,Credit card,58.7,2365.76,0,81.0,No
TC_2518,Female,37,0,Yes,No,63,Yes,Yes,Fiber optic,Yes,Yes,No,Yes,Yes,Yes,Two year,Yes,Mailed check,116.72,7482.26,,406.7,No
TC_2519,Female,28,0,Yes,No,25,No,No phone service,Fiber optic,No,Yes,No,Yes,Yes,No,Two year,Yes,Bank transfer,104.1,2523.29,7,23.3,No
TC_2520,Male,48,0,Yes,No,57,Yes,No,Fiber optic,Yes,Yes,Yes,No,No,No,Month-to-month,Yes,Mailed check,120.0,6847.57,1,209.9,No
TC_2521,Female,52,0,Yes,No,43,Yes,No,Fiber optic,Yes,No,No,No,No,Yes,One year,Yes,Mailed check,101.87,4758.53,1,168.0,Yes
TC_2522,Male,54,0,Yes,No,51,Yes,No,No,No internet service,No internet service,No internet service,No internet service,No internet service,No internet service,Two year,No,Bank transfer,20.0,1094.11,3,0.0,No
TC_2523,Female,28,0,Yes,No,4,Yes,Yes,Fiber optic,Yes,No,No,Yes,No,Yes,Month-to-month,Yes,Electronic check,102.01,374.36,2,288.3,No
TC_2524,Male,67,1,Yes,No,3,Yes,Yes,DSL,No,No,No,No,No,No,Two year,No,Bank transfer,54.32,153.42,10,154.9,No
TC_2525,Female,31,0,No,No,50,Yes,No,Fiber optic,No,Yes,Yes,No,Yes,Yes,One year,Yes,Credit card,118.76,6198.65,3,414.8,No
TC_2526,Female,38,0,No,Yes,46,Yes,No,Fiber optic,No,Yes,No,Yes,No,Yes,Two year,Yes,Bank transfer,120.0,5062.61,1,193.3,No
TC_2527,Male,39,0,Yes,No,55,Yes,No,No,No internet service,No internet service,No internet service,No internet service,No internet service,No internet service,One year,Yes,Bank transfer,20.0,1082.79,3,0.0,No
TC_2528,Female,48,0,Yes,No,5,Yes,No,Fiber optic,Yes,No,Yes,No,No,Yes,Month-to-month,Yes,Mailed check,104.39,487.69,1,218.2,Yes
TC_2529,Male,41,0,No,No,5,Yes,No,Fiber optic,No,No,No,No,No,Yes,Month-to-month,No,Electronic check,101.56,540.81,4,91.4,Yes
TC_2530,Female,54,0,Yes,Yes,2,Yes,No,Fiber optic,No,No,Yes,Yes,No,No,Month-to-month,Yes,Mailed check,101.04,191.47,1,278.4,No
TC_2531,Male,30,0,Yes,No,49,No,No phone service,Fiber optic,Yes,No,No,No,No,Yes,One year,Yes,Mailed check,77.85,3526.47,0,38.0,No
TC_2532,Male,26,0,Yes,No,38,Yes,No,No,No internet service,No internet service,No internet service,No internet service,No internet service,No internet service,Month-to-month,Yes,Bank transfer,20.0,820.79,10,0.0,Yes
TC_2533,Female,69,1,Yes,Yes,1,Yes,Yes,DSL,No,No,Yes,No,Yes,No,Month-to-month,No,Mailed check,78.85,71.33,3,96.0,Yes
TC_2534,Male,29,0,Yes,No,65,Yes,No,Fiber optic,No,Yes,No,Yes,No,Yes,Two year,Yes,Electronic check,112.76,6792.85,12,103.6,No
TC_2535,Female,41,0,Yes,No,6,Yes,Yes,Fiber optic,No,No,No,Yes,Yes,Yes,Month-to-month,No,Bank transfer,102.28,653.72,7,216.4,No
TC_2536,Male,27,0,Yes,Yes,35,No,No phone service,Fiber optic,No,No,No,Yes,No,Yes,Two year,No,Credit card,78.77,2949.18,10,177.6,No
TC_2537,Male,39,0,Yes,Yes,63,Yes,Yes,No,No internet service,No internet service,No internet service,No internet service,No internet service,No internet service,Two year,Yes,Credit card,,1244.0,11,0.0,No
TC_2538,Female,44,0,Yes,Yes,4,Yes,Yes,Fiber optic,Yes,Yes,No,No,Yes,Yes,Month-to-month,No,Bank transfer,120.0,477.03,2,74.1,Yes
TC_2539,Male,25,0,Yes,No,31,Yes,Yes,Fiber optic,No,No,No,No,No,No,One year,No,Credit card,82.16,,1,225.6,No
TC_2540,Female,25,0,No,No,3,Yes,No,Fiber optic,No,No,No,Yes,No,Yes,One year,Yes,Credit card,100.66,306.49,2,103.5,No
TC_2541,Male,58,0,Yes,No,36,Yes,Yes,DSL,Yes,No,No,No,No,Yes,Two year,No,Credit card,83.38,3260.95,3,55.5,No
TC_2542,Female,49,0,No,No,2,Yes,No,DSL,Yes,No,No,Yes,No,No,Month-to-month,Yes,Electronic check,80.67,175.86,6,71.4,No
TC_2543,Male,42,0,No,No,60,Yes,No,Fiber optic,No,Yes,Yes,Yes,No,Yes,Two year,No,Mailed check,110.59,6161.31,2,98.0,No
TC_2544,Female,53,0,No,No,3,Yes,No,No,No internet service,No internet service,No internet service,No internet service,No internet service,No internet service,Month-to-month,Yes,Bank transfer,20.0,64.12,12,0.0,Yes
TC_2545,Female,36,0,Yes,No,53,No,No phone service,Fiber optic,No,No,Yes,Yes,No,Yes,Month-to-month,Yes,Electronic check,81.0,4516.97,4,75.4,Yes
TC_2546,Female,30,0,No,Yes,58,Yes,Yes,No,No internet service,No internet service,No internet service,No internet service,No internet service,No internet service,Two year,Yes,Bank transfer,,,1,0.0,No
TC_2547,Female,19,0,Yes,No,56,Yes,Yes,DSL,Yes,No,No,No,No,Yes,One year,No,Credit card,90.52,4664.61,0,80.8,No
TC_2548,Male,32,0,No,No,55,Yes,Yes,Fiber optic,No,No,No,Yes,Yes,No,One year,Yes,Electronic check,102.54,5589.73,1,343.5,No
TC_2549,Male,37,0,Yes,No,4,Yes,No,Fiber optic,Yes,No,No,Yes,Yes,No,Month-to-month,No,Electronic check,,439.28,8,472.1,Yes
TC_2550,Female,59,0,No,No,4,Yes,No,Fiber optic,No,No,Yes,No,No,No,Month-to-month,No,Bank transfer,97.49,351.65,2,110.6,Yes
TC_2551,Female,29,0,Yes,No,8,Yes,Yes,No,No internet service,No internet service,No internet service,No internet service,No internet service,No internet service,One year,No,Bank transfer,20.0,169.14,15,0.0,No
TC_2552,Female,52,0,Yes,No,40,Yes,No,Fiber optic,No,No,No,No,No,Yes,One year,No,Credit card,81.24,3548.33,2,172.1,No
TC_2553,Female,52,0,No,No,71,Yes,Yes,DSL,Yes,No,No,Yes,Yes,Yes,One year,No,Bank transfer,106.74,7375.94,5,92.7,No
TC_2554,Female,42,0,No,No,64,Yes,Yes,Fiber optic,No,Yes,Yes,No,No,No,Month-to-month,Yes,Mailed check,98.22,6707.93,11,363.7,No
TC_2555,Male,51,0,No,No,51,Yes,Yes,No,No internet service,No internet service,No internet service,No internet service,No internet service,No internet service,Month-to-month,No,Credit card,20.0,922.62,8,0.0,No
TC_2556,Male,37,0,No,No,59,Yes,No,No,No internet service,No internet service,No internet service,No internet service,No internet service,No internet service,Month-to-month,No,Mailed check,20.0,1076.82,3,0.0,Yes
TC_2557,Male,35,0,No,No,9,Yes,No,DSL,Yes,Yes,Yes,No,No,Yes,Two year,Yes,Credit card,95.66,929.16,11,94.2,Yes
TC_2558,Male,43,0,Yes,No,60,Yes,Yes,No,No internet service,No internet service,No internet service,No internet service,No internet service,No internet service,Month-to-month,No,Mailed check,20.0,1222.28,2,0.0,No
TC_2559,Female,42,0,Yes,No,9,Yes,No,Fiber optic,Yes,No,No,No,No,Yes,Two year,Yes,Electronic check,93.19,849.87,4,197.9,No
TC_2560,Female,35,0,Yes,Yes,52,Yes,No,No,No internet service,No internet service,No internet service,No internet service,No internet service,No internet service,Two year,No,Bank transfer,20.0,961.39,15,0.0,No
TC_2561,Male,50,0,Yes,No,51,Yes,Yes,Fiber optic,No,No,No,Yes,Yes,Yes,Month-to-month,Yes,Mailed check,102.74,4999.67,8,304.0,No
TC_2562,Female,76,1,No,No,51,Yes,No,DSL,No,Yes,No,Yes,No,No,Two year,Yes,Bank transfer,69.89,3742.89,6,103.0,No
TC_2563,Female,47,0,Yes,No,47,Yes,No,Fiber optic,No,Yes,Yes,No,No,No,One year,Yes,Mailed check,103.64,5075.62,15,174.3,No
TC_2564,Female,30,0,Yes,No,65,Yes,No,DSL,No,Yes,No,No,No,No,Month-to-month,Yes,Electronic check,,5604.26,0,88.8,Yes
TC_2565,Female,49,0,Yes,No,8,Yes,No,DSL,No,No,No,No,Yes,No,Month-to-month,No,Mailed check,79.02,662.61,6,59.0,No
TC_2566,Male,42,0,Yes,Yes,37,No,No phone service,Fiber optic,No,No,No,Yes,No,Yes,Month-to-month,No,Credit card,76.17,2968.72,10,437.4,No
TC_2567,Male,63,0,No,No,34,Yes,No,DSL,No,Yes,No,No,No,Yes,Month-to-month,No,Electronic check,,2746.87,13,61.8,Yes
TC_2568,Female,45,0,Yes,Yes,52,Yes,Yes,Fiber optic,No,Yes,No,No,Yes,No,One year,No,Credit card,88.3,4555.17,1,295.9,No
TC_2569,Male,23,0,No,No,5,Yes,No,DSL,No,No,No,Yes,No,No,Month-to-month,Yes,Electronic check,66.97,330.36,0,62.8,Yes
TC_2570,Male,40,0,Yes,No,2,Yes,Yes,Fiber optic,No,Yes,Yes,Yes,Yes,Yes,Month-to-month,Yes,Mailed check,120.0,239.47,12,149.8,Yes
TC_2571,Male,35,0,No,No,4,No,No phone service,DSL,No,Yes,No,No,No,Yes,Month-to-month,Yes,Electronic check,49.24,204.72,1,110.4,Yes
TC_2572,Female,49,0,Yes,No,64,Yes,Yes,DSL,No,No,No,No,No,Yes,One year,No,Credit card,58.23,3550.14,4,46.0,No
TC_2573,Male,26,0,Yes,Yes,3,Yes,Yes,Fiber optic,Yes,Yes,Yes,No,No,Yes,Month-to-month,Yes,Electronic check,111.59,320.42,0,101.4,No
TC_2574,Female,42,0,Yes,No,6,Yes,No,Fiber optic,No,Yes,No,Yes,No,No,Month-to-month,Yes,Bank transfer,109.16,659.66,11,136.2,Yes
TC_2575,Female,43,0,No,No,19,Yes,Yes,DSL,No,No,No,No,No,Yes,Two year,No,Mailed check,74.19,1410.94,6,100.0,No
TC_2576,Male,67,1,Yes,Yes,4,Yes,No,Fiber optic,Yes,No,Yes,No,Yes,No,Month-to-month,Yes,Electronic check,109.3,470.92,9,182.8,Yes
TC_2577,Female,38,0,No,No,52,Yes,No,DSL,No,No,Yes,No,Yes,Yes,Two year,Yes,Bank transfer,91.06,4512.92,1,111.2,No
TC_2578,Male,36,0,No,No,20,No,No phone service,DSL,Yes,No,No,No,Yes,No,Two year,No,Mailed check,59.35,1180.66,1,119.8,No
TC_2579,Female,50,0,No,No,24,No,No phone service,Fiber optic,Yes,Yes,No,No,No,Yes,Month-to-month,Yes,Mailed check,76.99,1901.26,7,379.0,Yes
TC_2580,Male,30,0,Yes,No,40,Yes,No,Fiber optic,No,Yes,Yes,Yes,No,Yes,Two year,No,Electronic check,120.0,4595.95,5,218.4,No
TC_2581,Male,56,0,Yes,No,63,Yes,Yes,No,No internet service,No internet service,No internet service,No internet service,No internet service,No internet service,One year,No,Credit card,20.0,1367.65,2,0.0,No
TC_2582,Female,77,1,Yes,No,20,Yes,Yes,No,No internet service,No internet service,No internet service,No internet service,No internet service,No internet service,One year,Yes,Mailed check,20.0,390.04,1,0.0,No
TC_2583,Male,33,0,No,No,59,Yes,Yes,No,No internet service,No internet service,No internet service,No internet service,No internet service,No internet service,Two year,Yes,Credit card,20.0,1297.02,4,0.0,No
TC_2584,Male,65,1,Yes,No,1,Yes,No,Fiber optic,No,No,No,No,No,No,Two year,Yes,Mailed check,71.74,74.23,4,231.2,No
TC_2585,Female,51,0,Yes,Yes,50,Yes,No,No,No internet service,No internet service,No internet service,No internet service,No internet service,No internet service,One year,Yes,Credit card,,901.35,2,0.0,No
TC_2586,Female,30,0,Yes,No,64,Yes,Yes,DSL,No,No,No,No,No,No,Two year,Yes,Electronic check,52.58,3581.57,5,96.0,No
TC_2587,Male,54,0,No,No,49,Yes,Yes,Fiber optic,Yes,Yes,No,Yes,Yes,No,Month-to-month,No,Electronic check,120.0,5378.02,2,408.4,No
TC_2588,Male,44,0,No,No,59,Yes,No,Fiber optic,No,No,Yes,No,No,No,One year,No,Credit card,73.32,4243.46,1,126.0,Yes
TC_2589,Male,36,0,No,No,1,Yes,No,Fiber optic,No,Yes,No,Yes,No,Yes,Two year,No,Credit card,96.84,98.23,4,99.6,No
TC_2590,Male,58,0,No,No,2,Yes,No,DSL,No,No,No,No,Yes,No,Month-to-month,Yes,Credit card,70.86,128.08,4,110.0,No
TC_2591,Female,35,0,No,No,33,Yes,Yes,Fiber optic,Yes,No,No,No,Yes,No,Month-to-month,Yes,Credit card,113.97,3740.44,10,310.4,Yes
TC_2592,Male,52,0,No,No,8,Yes,No,DSL,No,No,No,No,No,No,Month-to-month,Yes,Mailed check,65.83,534.04,2,136.9,No
TC_2593,Male,56,0,No,No,68,No,No phone service,Fiber optic,No,Yes,No,No,No,No,Month-to-month,No,Credit card,59.24,4303.74,7,226.1,Yes
TC_2594,Female,71,1,Yes,No,44,Yes,Yes,DSL,Yes,Yes,No,No,No,Yes,One year,Yes,Electronic check,95.96,4598.44,6,46.8,No
TC_2595,Female,30,0,No,No,57,Yes,No,No,No internet service,No internet service,No internet service,No internet service,No internet service,No internet service,Month-to-month,Yes,Electronic check,20.0,1031.69,2,0.0,No
TC_2596,Male,30,0,Yes,No,54,Yes,No,Fiber optic,No,No,No,No,No,Yes,Month-to-month,Yes,Bank transfer,77.18,3799.54,2,198.7,No
TC_2597,Male,48,0,Yes,No,2,Yes,Yes,Fiber optic,No,Yes,No,No,No,Yes,Month-to-month,Yes,Electronic check,,190.97,3,204.2,No
TC_2598,Male,31,0,No,No,59,Yes,Yes,Fiber optic,No,Yes,Yes,No,No,Yes,One year,Yes,Credit card,98.63,5467.53,7,117.0,No
TC_2599,Male,34,0,Yes,No,63,Yes,No,Fiber optic,No,No,Yes,Yes,No,No,Two year,Yes,Electronic check,94.87,6495.8,2,280.0,No
TC_2600,Male,42,0,No,Yes,3,Yes,Yes,No,No internet service,No internet service,No internet service,No internet service,No internet service,No internet service,Month-to-month,Yes,Bank transfer,20.0,65.38,1,0.0,Yes
TC_2601,Male,46,0,No,No,62,Yes,No,Fiber optic,No,Yes,Yes,No,No,Yes,Two year,No,Electronic check,99.38,6723.44,11,357.0,No
TC_2602,Male,62,0,No,No,52,No,No phone service,No,No internet service,No internet service,No internet service,No internet service,No internet service,No internet service,Two year,Yes,Electronic check,19.05,913.38,5,0.0,No
TC_2603,Male,41,0,Yes,Yes,1,No,No phone service,DSL,Yes,Yes,Yes,No,Yes,No,One year,Yes,Bank transfer,76.84,74.3,4,15.5,No
TC_2604,Male,49,0,No,No,2,Yes,No,No,No internet service,No internet service,No internet service,No internet service,No internet service,No internet service,Month-to-month,Yes,Credit card,20.0,42.07,0,0.0,No
TC_2605,Male,35,0,No,Yes,7,Yes,No,DSL,No,No,Yes,Yes,Yes,No,Month-to-month,No,Mailed check,74.15,,0,85.9,No
TC_2606,Female,28,0,No,No,26,Yes,Yes,Fiber optic,No,No,No,Yes,Yes,No,Two year,No,Bank transfer,98.26,2717.31,0,386.3,Yes
TC_2607,Male,54,0,Yes,No,54,Yes,No,Fiber optic,No,Yes,No,No,Yes,Yes,Month-to-month,Yes,Bank transfer,110.78,5472.83,4,288.4,Yes
TC_2608,Male,32,0,Yes,No,53,No,No phone service,Fiber optic,No,Yes,No,No,Yes,No,Two year,Yes,Mailed check,68.54,3662.15,15,367.3,No
TC_2609,Female,45,0,Yes,No,49,Yes,No,No,No internet service,No internet service,No internet service,No internet service,No internet service,No internet service,Two year,Yes,Bank transfer,20.0,984.9,1,0.0,No
TC_2610,Female,25,0,Yes,No,61,Yes,No,Fiber optic,No,Yes,No,No,Yes,Yes,One year,Yes,Bank transfer,110.03,6730.24,0,153.2,No
TC_2611,Female,35,0,Yes,Yes,2,Yes,Yes,DSL,No,No,Yes,No,No,No,Month-to-month,Yes,Electronic check,73.71,141.68,8,161.2,No
TC_2612,Female,31,0,No,No,24,Yes,Yes,DSL,No,Yes,Yes,No,Yes,No,Month-to-month,Yes,Mailed check,83.94,1908.66,6,57.8,Yes
TC_2613,Female,65,1,Yes,No,54,Yes,No,DSL,Yes,No,No,Yes,No,No,One year,No,Bank transfer,86.6,4819.09,3,48.7,No
TC_2614,Male,29,0,Yes,No,39,Yes,No,Fiber optic,Yes,Yes,No,No,No,Yes,Two year,No,Bank transfer,,4168.2,9,156.5,No
TC_2615,Male,45,0,No,No,15,Yes,Yes,DSL,Yes,No,No,Yes,No,Yes,Month-to-month,No,Bank transfer,,1190.49,6,14.5,No
TC_2616,Male,56,0,No,No,44,Yes,No,DSL,Yes,Yes,No,No,Yes,Yes,One year,No,Electronic check,107.5,4427.14,0,103.9,No
TC_2617,Female,28,0,Yes,No,40,Yes,Yes,DSL,No,No,No,No,Yes,Yes,One year,Yes,Electronic check,88.88,3629.81,4,28.5,No
TC_2618,Male,35,0,No,No,3,Yes,No,Fiber optic,Yes,Yes,No,No,No,Yes,Month-to-month,Yes,Electronic check,108.1,298.15,4,308.1,Yes
TC_2619,Female,49,0,No,No,9,Yes,No,Fiber optic,Yes,No,No,No,Yes,No,Month-to-month,No,Bank transfer,98.65,815.33,,303.0,No
TC_2620,Female,72,1,No,No,12,Yes,Yes,Fiber optic,Yes,Yes,No,Yes,No,Yes,Month-to-month,Yes,Mailed check,120.0,,8,205.2,Yes
TC_2621,Male,55,0,Yes,No,1,Yes,Yes,No,No internet service,No internet service,No internet service,No internet service,No internet service,No internet service,One year,Yes,Credit card,20.0,18.4,5,0.0,No
TC_2622,Male,41,0,Yes,No,2,Yes,Yes,DSL,Yes,Yes,No,No,No,No,Two year,No,Bank transfer,87.19,183.11,6,61.3,No
TC_2623,Female,33,0,No,No,0,Yes,Yes,No,No internet service,No internet service,No internet service,No internet service,No internet service,No internet service,Two year,Yes,Credit card,20.0,,1,0.0,No
TC_2624,Male,38,0,No,No,,Yes,No,Fiber optic,No,No,No,No,No,No,Two year,Yes,Mailed check,68.09,668.13,5,80.0,Yes
TC_2625,Female,25,0,Yes,Yes,24,Yes,Yes,Fiber optic,No,Yes,No,Yes,Yes,Yes,Month-to-month,No,Electronic check,120.0,2898.11,0,122.8,Yes
TC_2626,Male,35,0,No,No,1,Yes,No,Fiber optic,No,No,No,No,No,Yes,Month-to-month,Yes,Credit card,82.9,74.72,1,58.5,Yes
TC_2627,Male,65,1,No,No,,Yes,Yes,No,No internet service,No internet service,No internet service,No internet service,No internet service,No internet service,One year,Yes,Credit card,20.0,1125.07,,0.0,No
TC_2628,Male,21,0,No,No,5,No,No phone service,Fiber optic,Yes,No,No,No,Yes,No,One year,No,Electronic check,67.05,347.92,3,159.3,No
TC_2629,Male,40,0,No,No,55,Yes,No,Fiber optic,Yes,Yes,No,Yes,Yes,Yes,Two year,No,Credit card,,5586.6,4,247.6,No
TC_2630,Female,37,0,No,Yes,65,Yes,No,Fiber optic,Yes,Yes,Yes,Yes,No,No,Month-to-month,Yes,Bank transfer,120.0,8014.6,2,358.9,No
TC_2631,Female,67,1,No,No,1,No,No phone service,Fiber optic,Yes,Yes,Yes,Yes,No,No,Month-to-month,Yes,Electronic check,102.54,96.88,5,339.8,Yes
TC_2632,Male,55,0,Yes,No,1,Yes,No,Fiber optic,No,Yes,Yes,No,No,No,Month-to-month,No,Electronic check,86.9,94.83,1,309.5,No
TC_2633,Male,41,0,No,No,38,Yes,Yes,Fiber optic,No,Yes,Yes,No,No,No,One year,No,Bank transfer,85.76,3471.99,11,153.6,No
TC_2634,Female,31,0,Yes,No,34,Yes,Yes,Fiber optic,No,Yes,No,Yes,No,No,Two year,Yes,Credit card,117.13,3810.71,4,221.7,No
TC_2635,Female,46,0,No,No,4,Yes,Yes,Fiber optic,Yes,Yes,No,No,Yes,No,Month-to-month,Yes,Electronic check,112.2,455.48,0,277.3,Yes
TC_2636,Male,57,0,No,No,6,Yes,Yes,Fiber optic,No,No,No,Yes,Yes,No,Month-to-month,No,Electronic check,105.57,620.56,0,238.6,No
TC_2637,Male,51,0,No,No,33,Yes,No,Fiber optic,Yes,No,Yes,No,No,Yes,Two year,No,Bank transfer,103.75,3664.52,11,77.6,No
TC_2638,Male,40,0,No,No,60,Yes,No,Fiber optic,No,No,Yes,Yes,Yes,Yes,Month-to-month,No,Mailed check,120.0,7421.2,5,195.8,Yes
TC_2639,Female,45,0,No,Yes,17,Yes,No,DSL,No,No,No,No,No,No,Two year,Yes,Bank transfer,53.36,984.27,8,32.4,No
TC_2640,Male,44,0,No,Yes,15,Yes,No,Fiber optic,No,Yes,No,Yes,Yes,No,One year,Yes,Credit card,97.25,1415.86,3,152.2,No
TC_2641,Male,36,0,Yes,No,33,Yes,Yes,Fiber optic,No,No,No,No,No,No,Two year,No,Electronic check,,2264.72,1,170.3,No
TC_2642,Male,39,0,No,No,50,Yes,No,Fiber optic,Yes,Yes,Yes,Yes,No,No,Month-to-month,Yes,Bank transfer,120.0,6069.17,0,172.8,No
TC_2643,Male,35,0,Yes,No,60,Yes,No,No,No internet service,No internet service,No internet service,No internet service,No internet service,No internet service,Two year,No,Bank transfer,20.0,1253.51,1,0.0,No
TC_2644,Male,52,0,Yes,Yes,,Yes,Yes,DSL,No,No,No,No,No,No,Two year,Yes,Electronic check,52.74,1995.12,1,101.3,Yes
TC_2645,Female,55,0,Yes,Yes,59,Yes,Yes,DSL,Yes,Yes,No,Yes,Yes,No,One year,Yes,Bank transfer,100.29,6385.87,2,135.2,No
TC_2646,Female,44,0,No,No,2,No,No phone service,DSL,No,Yes,Yes,Yes,No,Yes,Month-to-month,No,Mailed check,87.66,164.96,4,104.0,No
TC_2647,Male,60,0,No,No,63,Yes,Yes,No,No internet service,No internet service,No internet service,No internet service,No internet service,No internet service,Two year,Yes,Bank transfer,20.0,1307.35,4,0.0,No
TC_2648,Female,47,0,No,No,16,Yes,Yes,Fiber optic,No,No,Yes,Yes,No,No,Month-to-month,Yes,Mailed check,99.1,1726.06,2,205.7,Yes
TC_2649,Male,22,0,No,Yes,6,Yes,No,DSL,Yes,No,No,Yes,No,No,One year,No,Mailed check,80.72,474.49,1,69.3,No
TC_2650,Female,55,0,Yes,No,45,Yes,Yes,No,No internet service,No internet service,No internet service,No internet service,No internet service,No internet service,Month-to-month,Yes,Electronic check,20.0,880.73,2,0.0,Yes
TC_2651,Male,45,0,Yes,No,4,Yes,Yes,DSL,No,No,No,No,Yes,No,Month-to-month,No,Credit card,75.86,279.83,9,28.5,Yes
TC_2652,Female,32,0,No,No,3,No,No phone service,Fiber optic,No,No,No,No,Yes,No,Month-to-month,Yes,Bank transfer,60.88,194.97,3,184.2,Yes
TC_2653,Female,40,0,No,No,39,Yes,Yes,DSL,No,No,No,Yes,Yes,No,Month-to-month,No,Bank transfer,,3181.81,0,52.9,Yes
TC_2654,Male,76,1,No,No,65,Yes,No,DSL,Yes,Yes,No,Yes,Yes,No,One year,No,Credit card,95.73,5972.6,8,50.6,No
TC_2655,Female,63,0,No,No,52,Yes,No,DSL,No,Yes,No,No,Yes,No,Two year,No,Electronic check,84.58,4383.51,3,48.2,No
TC_2656,Female,34,0,No,No,19,Yes,No,Fiber optic,No,No,Yes,No,Yes,Yes,Month-to-month,Yes,Bank transfer,99.46,1971.34,3,271.9,Yes
TC_2657,Male,68,1,Yes,No,3,Yes,Yes,DSL,No,No,No,Yes,Yes,No,Two year,No,Bank transfer,80.34,247.4,2,140.2,No
TC_2658,Female,55,0,No,No,7,Yes,Yes,No,No internet service,No internet service,No internet service,No internet service,No internet service,No internet service,One year,Yes,Bank transfer,20.0,134.58,6,0.0,No
TC_2659,Female,59,0,No,No,21,Yes,Yes,Fiber optic,Yes,No,No,No,Yes,No,Two year,No,Mailed check,95.96,2135.2,4,410.6,No
TC_2660,Female,42,0,Yes,No,56,No,No phone service,No,No internet service,No internet service,No internet service,No internet service,No internet service,No internet service,Month-to-month,No,Bank transfer,23.21,1404.93,4,0.0,No
TC_2661,Male,69,1,No,No,42,Yes,No,DSL,No,No,No,Yes,Yes,No,One year,Yes,Credit card,79.75,3387.83,3,169.5,No
TC_2662,Male,55,0,Yes,No,10,Yes,Yes,Fiber optic,Yes,No,Yes,No,No,No,One year,Yes,Electronic check,103.95,1061.87,11,252.5,Yes
TC_2663,Male,28,0,No,No,59,Yes,Yes,Fiber optic,Yes,Yes,Yes,No,Yes,Yes,Two year,Yes,Bank transfer,120.0,,9,234.8,No
TC_2664,Male,34,0,No,Yes,9,No,No phone service,Fiber optic,No,No,Yes,No,Yes,No,Two year,Yes,Credit card,73.67,689.48,2,83.1,No
TC_2665,Male,33,0,Yes,Yes,51,Yes,Yes,Fiber optic,No,Yes,Yes,Yes,No,No,Two year,Yes,Bank transfer,111.53,6169.61,6,215.9,No
TC_2666,Female,38,0,Yes,No,1,Yes,No,DSL,No,No,No,No,Yes,No,One year,Yes,Bank transfer,71.42,66.62,3,9.9,No
TC_2667,Female,46,0,No,Yes,45,Yes,Yes,DSL,No,Yes,No,Yes,No,No,One year,Yes,Mailed check,72.12,,2,42.7,No
TC_2668,Male,44,0,Yes,No,2,No,No phone service,Fiber optic,No,No,No,No,Yes,Yes,One year,Yes,Electronic check,84.6,,0,404.7,No
TC_2669,Female,44,0,Yes,No,3,Yes,Yes,DSL,No,No,No,No,Yes,Yes,One year,Yes,Credit card,81.12,222.28,1,82.7,No
TC_2670,Male,45,0,No,No,4,Yes,No,Fiber optic,No,No,No,No,No,Yes,One year,No,Mailed check,91.33,394.57,,190.9,Yes
TC_2671,Female,21,0,Yes,Yes,68,Yes,No,Fiber optic,No,No,No,No,No,No,Two year,Yes,Credit card,83.32,5307.63,5,231.2,No
TC_2672,Female,26,0,Yes,Yes,9,Yes,Yes,DSL,No,No,No,No,No,Yes,One year,Yes,Credit card,,567.78,4,58.2,Yes
TC_2673,Female,36,0,No,No,4,Yes,No,Fiber optic,Yes,Yes,Yes,Yes,No,Yes,Month-to-month,Yes,Electronic check,120.0,476.52,3,126.1,Yes
TC_2674,Female,49,0,No,No,57,Yes,Yes,Fiber optic,Yes,No,No,No,Yes,Yes,Month-to-month,Yes,Credit card,101.32,5334.09,1,246.4,Yes
TC_2675,Female,67,1,No,No,1,Yes,No,Fiber optic,No,No,No,No,Yes,No,Month-to-month,Yes,Electronic check,94.66,,4,279.3,Yes
TC_2676,Male,55,0,Yes,No,54,Yes,Yes,No,No internet service,No internet service,No internet service,No internet service,No internet service,No internet service,Two year,No,Mailed check,20.0,1141.64,0,0.0,No
TC_2677,Male,39,0,No,No,56,Yes,No,Fiber optic,No,No,No,No,No,Yes,Two year,No,Electronic check,99.12,6045.58,1,264.5,No
TC_2678,Female,41,0,No,No,9,Yes,No,DSL,No,Yes,No,Yes,No,No,Month-to-month,No,Mailed check,81.73,666.57,0,58.7,Yes
TC_2679,Male,64,0,Yes,No,62,Yes,Yes,No,No internet service,No internet service,No internet service,No internet service,No internet service,No internet service,One year,Yes,Credit card,20.0,1222.84,0,0.0,No
TC_2680,Female,43,0,No,No,6,Yes,No,No,No internet service,No internet service,No internet service,No internet service,No internet service,No internet service,Month-to-month,No,Electronic check,20.0,125.37,0,0.0,Yes
TC_2681,Female,71,1,Yes,No,5,Yes,Yes,Fiber optic,No,No,No,Yes,No,No,One year,No,Bank transfer,82.05,449.73,14,183.5,No
TC_2682,Female,63,0,Yes,Yes,6,Yes,No,Fiber optic,No,No,No,No,Yes,Yes,Month-to-month,No,Mailed check,94.24,600.32,10,281.0,Yes
TC_2683,Male,53,0,Yes,No,11,No,No phone service,DSL,No,No,No,No,No,No,One year,Yes,Credit card,32.6,355.57,9,133.1,No
TC_2684,Female,66,1,No,No,26,Yes,No,Fiber optic,No,Yes,No,No,Yes,No,One year,No,Bank transfer,106.58,2672.07,8,118.2,Yes
TC_2685,Female,52,0,Yes,No,9,Yes,No,No,No internet service,No internet service,No internet service,No internet service,No internet service,No internet service,Month-to-month,No,Electronic check,20.0,193.2,3,0.0,Yes
TC_2686,Male,32,0,No,Yes,49,Yes,No,Fiber optic,No,No,No,No,No,Yes,Month-to-month,Yes,Bank transfer,75.79,3469.1,0,230.0,Yes
TC_2687,Male,48,0,No,No,6,Yes,No,Fiber optic,No,No,Yes,No,Yes,No,One year,No,Electronic check,83.12,538.44,2,267.8,Yes
TC_2688,Female,54,0,Yes,No,6,Yes,Yes,DSL,No,No,No,Yes,Yes,Yes,Month-to-month,No,Bank transfer,80.71,448.82,7,95.5,Yes
TC_2689,Male,71,1,Yes,No,3,Yes,Yes,DSL,No,No,No,Yes,No,No,One year,No,Credit card,76.16,,3,124.7,No
TC_2690,Female,34,0,No,No,71,Yes,Yes,No,No internet service,No internet service,No internet service,No internet service,No internet service,No internet service,One year,No,Electronic check,20.0,1340.33,0,0.0,No
TC_2691,Female,60,0,No,No,19,Yes,No,DSL,Yes,No,No,Yes,No,No,One year,No,Bank transfer,68.99,1407.44,0,35.6,No
TC_2692,Female,31,0,Yes,No,4,Yes,No,Fiber optic,No,No,No,Yes,No,Yes,Month-to-month,Yes,Bank transfer,88.48,331.13,8,275.0,Yes
TC_2693,Female,35,0,Yes,Yes,9,Yes,Yes,No,No internet service,No internet service,No internet service,No internet service,No internet service,No internet service,One year,Yes,Credit card,20.0,179.56,7,0.0,No
TC_2694,Female,39,0,No,No,16,Yes,Yes,DSL,Yes,Yes,No,Yes,No,No,Month-to-month,Yes,Credit card,89.02,1555.35,8,105.9,Yes
TC_2695,Male,47,0,No,No,60,Yes,No,Fiber optic,No,No,Yes,No,No,Yes,One year,No,Credit card,93.07,5967.97,9,179.7,No
TC_2696,Male,62,0,No,No,3,Yes,No,Fiber optic,No,No,Yes,Yes,Yes,No,Month-to-month,No,Electronic check,106.54,339.25,8,211.9,Yes
TC_2697,Male,40,0,No,No,47,Yes,No,DSL,No,No,No,No,No,Yes,Two year,Yes,Bank transfer,66.58,2998.91,3,17.8,No
TC_2698,Male,27,0,Yes,Yes,54,Yes,No,No,No internet service,No internet service,No internet service,No internet service,No internet service,No internet service,Month-to-month,Yes,Credit card,20.0,1088.72,5,0.0,No
TC_2699,Female,51,0,No,No,5,Yes,Yes,Fiber optic,Yes,No,No,No,No,No,Month-to-month,Yes,Electronic check,82.05,409.75,12,368.5,Yes
TC_2700,Male,28,0,No,No,23,Yes,No,Fiber optic,Yes,Yes,No,No,Yes,Yes,Two year,Yes,Mailed check,120.0,,8,191.3,No
TC_2701,Male,31,0,Yes,No,45,Yes,No,Fiber optic,No,No,No,No,No,No,Two year,Yes,Credit card,66.32,2866.26,3,113.7,No
TC_2702,Male,38,0,No,No,26,Yes,No,DSL,No,Yes,No,No,No,No,One year,No,Bank transfer,,1847.22,2,68.0,No
TC_2703,Female,47,0,No,No,7,Yes,Yes,Fiber optic,No,No,No,No,Yes,No,One year,No,Bank transfer,85.73,553.69,2,351.6,No
TC_2704,Male,31,0,No,No,45,Yes,No,No,No internet service,No internet service,No internet service,No internet service,No internet service,No internet service,Month-to-month,Yes,Bank transfer,20.0,906.36,0,0.0,No
TC_2705,Female,37,0,Yes,Yes,3,Yes,No,Fiber optic,Yes,No,No,No,Yes,No,One year,Yes,Mailed check,97.26,273.03,3,162.4,Yes
TC_2706,Female,49,0,No,No,46,Yes,Yes,DSL,Yes,No,No,No,No,Yes,One year,No,Mailed check,85.06,4017.98,0,73.8,No
TC_2707,Male,57,0,Yes,No,4,Yes,Yes,No,No internet service,No internet service,No internet service,No internet service,No internet service,No internet service,Month-to-month,Yes,Electronic check,20.0,79.58,0,0.0,Yes
TC_2708,Male,60,0,Yes,No,72,Yes,Yes,No,No internet service,No internet service,No internet service,No internet service,No internet service,No internet service,Two year,No,Credit card,,1357.22,7,0.0,No
TC_2709,Male,63,0,Yes,Yes,62,Yes,No,Fiber optic,No,No,No,No,No,No,One year,Yes,Electronic check,67.8,3984.63,2,241.6,No
TC_2710,Female,57,0,Yes,No,54,Yes,Yes,No,No internet service,No internet service,No internet service,No internet service,No internet service,No internet service,Two year,Yes,Electronic check,20.0,1133.1,5,0.0,No
TC_2711,Male,47,0,No,No,4,Yes,No,No,No internet service,No internet service,No internet service,No internet service,No internet service,No internet service,One year,Yes,Bank transfer,20.0,81.45,4,0.0,Yes
TC_2712,Male,47,0,No,No,4,Yes,No,No,No internet service,No internet service,No internet service,No internet service,No internet service,No internet service,Month-to-month,No,Bank transfer,20.0,81.49,9,0.0,Yes
TC_2713,Male,39,0,No,No,57,Yes,Yes,Fiber optic,Yes,Yes,No,No,No,Yes,Month-to-month,No,Bank transfer,119.3,6129.24,9,94.8,No
TC_2714,Female,37,0,No,No,67,Yes,No,DSL,No,No,No,Yes,No,No,Month-to-month,Yes,Credit card,63.98,4436.34,,20.5,Yes
TC_2715,Male,50,0,Yes,Yes,20,Yes,No,Fiber optic,No,Yes,Yes,No,Yes,Yes,Month-to-month,Yes,Electronic check,,2475.5,10,413.7,Yes
TC_2716,Male,51,0,Yes,No,33,Yes,No,Fiber optic,No,No,No,No,No,No,One year,No,Credit card,83.83,2633.69,0,162.1,No
TC_2717,Male,41,0,Yes,Yes,0,Yes,Yes,No,No internet service,No internet service,No internet service,No internet service,No internet service,No internet service,Month-to-month,No,Credit card,20.0,,3,0.0,Yes
TC_2718,Male,39,0,Yes,No,7,Yes,Yes,DSL,Yes,Yes,No,No,No,No,Month-to-month,Yes,Mailed check,78.49,535.96,3,139.0,No
TC_2719,Male,48,0,Yes,Yes,64,Yes,No,Fiber optic,No,Yes,Yes,No,Yes,Yes,Month-to-month,No,Mailed check,108.02,7239.41,2,179.4,No
TC_2720,Female,52,0,No,No,16,Yes,No,Fiber optic,No,Yes,No,No,Yes,Yes,Month-to-month,No,Electronic check,107.74,1734.76,0,225.6,No
TC_2721,Female,35,0,No,No,24,Yes,Yes,DSL,Yes,Yes,No,Yes,No,Yes,Month-to-month,Yes,Mailed check,106.05,2601.87,3,74.5,No
TC_2722,Female,50,0,Yes,Yes,46,Yes,No,DSL,Yes,No,No,Yes,Yes,No,Month-to-month,Yes,Electronic check,96.43,4259.38,14,47.7,No
TC_2723,Female,54,0,Yes,Yes,18,Yes,Yes,DSL,No,Yes,Yes,Yes,Yes,No,Month-to-month,No,Bank transfer,114.97,2133.02,0,47.5,No
TC_2724,Female,41,0,No,No,,Yes,Yes,Fiber optic,Yes,Yes,Yes,No,No,Yes,One year,No,Electronic check,,3474.69,2,436.1,No
TC_2725,Female,63,0,Yes,No,59,Yes,Yes,No,No internet service,No internet service,No internet service,No internet service,No internet service,No internet service,Two year,No,Mailed check,20.0,1183.93,4,0.0,No
TC_2726,Male,59,0,No,No,2,Yes,Yes,DSL,Yes,Yes,No,No,Yes,No,One year,Yes,Bank transfer,93.85,197.26,0,75.7,No
TC_2727,Male,47,0,No,No,17,Yes,No,Fiber optic,Yes,No,No,Yes,Yes,Yes,Month-to-month,No,Electronic check,120.0,1865.48,2,180.6,Yes
TC_2728,Female,35,0,Yes,No,4,Yes,Yes,Fiber optic,No,Yes,No,Yes,No,No,Month-to-month,No,Electronic check,98.67,357.91,8,224.9,Yes
TC_2729,Female,41,0,No,No,5,Yes,No,Fiber optic,Yes,Yes,Yes,No,No,No,Month-to-month,Yes,Electronic check,93.37,495.69,8,213.6,No
TC_2730,Female,42,0,Yes,No,3,Yes,No,Fiber optic,Yes,No,Yes,No,No,No,Month-to-month,No,Electronic check,,276.24,4,96.6,Yes
TC_2731,Male,48,0,Yes,No,56,Yes,Yes,Fiber optic,Yes,Yes,No,No,Yes,Yes,Two year,No,Bank transfer,120.0,,3,143.6,No
TC_2732,Female,55,0,No,No,6,No,No phone service,No,No internet service,No internet service,No internet service,No internet service,No internet service,No internet service,Two year,Yes,Mailed check,22.43,142.57,0,0.0,No
TC_2733,Male,49,0,Yes,No,4,Yes,Yes,Fiber optic,No,No,Yes,No,No,No,Month-to-month,Yes,Electronic check,81.31,297.28,6,342.5,No
TC_2734,Male,26,0,No,No,16,Yes,No,DSL,Yes,No,No,No,Yes,No,Month-to-month,Yes,Credit card,79.96,1295.26,0,113.5,Yes
TC_2735,Male,22,0,Yes,No,47,Yes,No,No,No internet service,No internet service,No internet service,No internet service,No internet service,No internet service,Month-to-month,No,Electronic check,20.0,875.35,0,0.0,No
TC_2736,Male,44,0,No,No,49,Yes,Yes,DSL,No,No,No,No,Yes,No,Month-to-month,No,Bank transfer,71.69,3456.86,5,56.2,No
TC_2737,Male,36,0,No,Yes,61,Yes,No,DSL,No,No,No,Yes,No,No,One year,Yes,Bank transfer,74.26,4362.06,0,108.9,No
TC_2738,Female,36,0,Yes,No,10,No,No phone service,Fiber optic,No,No,Yes,Yes,No,Yes,One year,No,Credit card,79.34,805.6,3,196.3,No
TC_2739,Male,67,1,Yes,Yes,68,Yes,No,Fiber optic,No,No,No,No,No,No,Two year,Yes,Bank transfer,74.41,4828.74,12,376.4,No
TC_2740,Female,52,0,Yes,No,47,Yes,No,DSL,No,Yes,Yes,No,Yes,No,Two year,Yes,Bank transfer,,3950.71,0,71.1,No
TC_2741,Female,35,0,No,No,31,Yes,Yes,Fiber optic,No,No,Yes,No,Yes,Yes,One year,Yes,Mailed check,120.0,3678.09,1,251.8,Yes
TC_2742,Male,36,0,No,No,,Yes,No,No,No internet service,No internet service,No internet service,No internet service,No internet service,No internet service,Two year,Yes,Bank transfer,20.0,914.48,0,0.0,No
TC_2743,Female,54,0,Yes,No,50,Yes,No,No,No internet service,No internet service,No internet service,No internet service,No internet service,No internet service,One year,No,Mailed check,20.0,1008.3,0,0.0,No
TC_2744,Male,35,0,Yes,Yes,54,Yes,Yes,Fiber optic,No,Yes,Yes,No,No,Yes,One year,No,Bank transfer,107.31,5989.49,0,417.0,Yes
TC_2745,Female,58,0,Yes,No,1,Yes,No,No,No internet service,No internet service,No internet service,No internet service,No internet service,No internet service,One year,No,Credit card,20.0,19.04,3,0.0,No
TC_2746,Male,38,0,No,No,39,Yes,No,DSL,No,Yes,No,No,Yes,No,Two year,Yes,Bank transfer,80.21,3288.3,1,99.1,No
TC_2747,Male,52,0,Yes,Yes,57,Yes,No,Fiber optic,No,No,Yes,No,No,No,One year,Yes,Credit card,73.4,3797.88,3,457.1,No
TC_2748,Male,67,1,Yes,No,40,Yes,Yes,DSL,No,No,No,Yes,Yes,Yes,Two year,Yes,Bank transfer,86.65,3457.08,2,30.9,No
TC_2749,Male,38,0,Yes,No,5,Yes,Yes,DSL,No,No,No,No,No,No,Month-to-month,No,Mailed check,60.48,300.64,1,31.1,Yes
TC_2750,Male,48,0,No,No,47,Yes,No,Fiber optic,Yes,No,Yes,No,Yes,Yes,Month-to-month,Yes,Electronic check,120.0,5443.69,8,221.7,Yes
TC_2751,Female,51,0,No,No,52,Yes,No,DSL,No,No,Yes,Yes,No,No,Two year,No,Electronic check,80.17,4334.7,1,65.1,No
TC_2752,Male,38,0,Yes,No,17,Yes,Yes,DSL,No,Yes,Yes,Yes,No,No,Month-to-month,Yes,Bank transfer,87.03,1537.18,1,102.3,No
TC_2753,Male,54,0,Yes,No,56,Yes,No,Fiber optic,No,No,Yes,No,Yes,Yes,Two year,Yes,Credit card,112.69,6794.43,6,104.8,No
TC_2754,Female,60,0,Yes,No,34,Yes,No,No,No internet service,No internet service,No internet service,No internet service,No internet service,No internet service,One year,No,Credit card,20.0,624.13,6,0.0,No
TC_2755,Male,39,0,No,No,54,Yes,Yes,No,No internet service,No internet service,No internet service,No internet service,No internet service,No internet service,Two year,Yes,Credit card,20.0,1012.44,,0.0,No
TC_2756,Male,42,0,No,No,33,No,No phone service,Fiber optic,Yes,No,No,Yes,Yes,No,One year,No,Bank transfer,75.43,2455.22,4,213.7,No
TC_2757,Male,40,0,Yes,No,7,Yes,Yes,DSL,No,No,No,No,No,No,One year,No,Credit card,67.67,485.8,6,65.7,No
TC_2758,Female,48,0,Yes,No,16,Yes,No,DSL,No,Yes,No,No,Yes,Yes,One year,Yes,Bank transfer,75.23,1295.93,11,22.6,Yes
TC_2759,Female,39,0,Yes,No,3,Yes,No,DSL,No,No,No,No,No,No,Two year,Yes,Bank transfer,68.55,186.52,1,166.0,No
TC_2760,Female,33,0,Yes,No,10,Yes,No,Fiber optic,No,No,No,No,No,No,One year,No,Credit card,85.06,785.1,1,61.2,Yes
TC_2761,Female,40,0,No,No,70,Yes,No,DSL,No,No,Yes,Yes,Yes,No,One year,Yes,Mailed check,98.45,7120.24,2,177.5,No
TC_2762,Female,23,0,No,No,0,Yes,Yes,Fiber optic,No,Yes,Yes,No,No,No,Month-to-month,No,Credit card,98.44,,3,181.5,Yes
TC_2763,Male,24,0,Yes,No,2,Yes,Yes,Fiber optic,No,Yes,Yes,No,Yes,No,Month-to-month,No,Bank transfer,106.96,231.69,12,327.5,Yes
TC_2764,Male,32,0,Yes,No,,Yes,Yes,Fiber optic,No,Yes,No,Yes,No,Yes,Two year,Yes,Bank transfer,106.86,225.27,1,390.3,No
TC_2765,Female,36,0,Yes,Yes,69,Yes,No,DSL,No,No,No,Yes,Yes,No,Two year,Yes,Mailed check,81.7,5918.71,3,78.1,No
TC_2766,Male,38,0,No,No,7,Yes,No,DSL,No,No,No,No,No,No,One year,Yes,Credit card,53.89,410.27,0,64.3,No
TC_2767,Female,36,0,No,No,51,Yes,No,DSL,Yes,No,Yes,No,Yes,No,Month-to-month,Yes,Bank transfer,93.25,,1,73.4,No
TC_2768,Male,35,0,No,Yes,50,Yes,Yes,DSL,No,No,No,Yes,Yes,No,One year,No,Mailed check,71.18,3267.93,6,40.5,No
TC_2769,Male,47,0,Yes,No,1,No,No phone service,No,No internet service,No internet service,No internet service,No internet service,No internet service,No internet service,Month-to-month,Yes,Electronic check,22.25,23.01,,0.0,Yes
TC_2770,Female,49,0,No,No,,Yes,No,No,No internet service,No internet service,No internet service,No internet service,No internet service,No internet service,One year,No,Credit card,20.0,1260.76,1,0.0,No
TC_2771,Female,38,0,Yes,No,60,Yes,No,No,No internet service,No internet service,No internet service,No internet service,No internet service,No internet service,Two year,Yes,Credit card,20.0,1191.24,0,0.0,No
TC_2772,Female,35,0,Yes,No,4,Yes,Yes,Fiber optic,No,No,Yes,No,Yes,Yes,Month-to-month,Yes,Credit card,120.0,469.25,8,198.6,Yes
TC_2773,Female,32,0,Yes,No,54,Yes,Yes,No,No internet service,No internet service,No internet service,No internet service,No internet service,No internet service,Two year,Yes,Bank transfer,20.0,994.06,0,0.0,No
TC_2774,Female,39,0,No,No,5,Yes,Yes,Fiber optic,Yes,No,Yes,No,No,No,Two year,Yes,Credit card,93.25,499.33,13,66.9,No
TC_2775,Female,61,0,Yes,No,10,Yes,No,Fiber optic,No,No,Yes,No,No,Yes,One year,Yes,Mailed check,95.92,883.69,1,386.6,No
TC_2776,Male,21,0,No,No,12,Yes,No,DSL,Yes,Yes,No,Yes,Yes,No,One year,No,Credit card,110.95,1431.15,5,82.0,No
TC_2777,Male,40,0,Yes,No,28,No,No phone service,Fiber optic,No,Yes,Yes,No,No,Yes,Month-to-month,No,Mailed check,79.79,2388.62,8,308.8,No
TC_2778,Female,27,0,Yes,Yes,69,Yes,No,Fiber optic,Yes,Yes,No,Yes,No,No,Two year,No,Credit card,118.87,8508.37,9,195.1,No
TC_2779,Male,47,0,Yes,No,0,Yes,No,DSL,No,No,No,No,Yes,No,One year,No,Bank transfer,80.92,,9,83.7,No
TC_2780,Female,54,0,Yes,No,1,Yes,No,DSL,Yes,Yes,No,No,No,No,Two year,No,Credit card,83.77,85.22,7,139.4,No
TC_2781,Female,47,0,Yes,Yes,21,Yes,No,Fiber optic,Yes,Yes,No,No internet service,Yes,Yes,Month-to-month,Yes,Electronic check,113.78,2390.49,4,114.1,No
TC_2782,Female,63,0,Yes,No,,Yes,No,No,No internet service,No internet service,No internet service,No internet service,No internet service,No internet service,Two year,No,Bank transfer,20.0,20.42,6,0.0,No
TC_2783,Female,41,0,Yes,No,26,Yes,No,DSL,No,No,No,No,Yes,No,Month-to-month,No,Electronic check,69.3,1690.78,1,85.9,No
TC_2784,Female,58,0,No,No,38,Yes,No,DSL,No,No,No,Yes,No,No,Two year,No,Credit card,78.06,2781.81,10,127.7,No
TC_2785,Female,52,0,Yes,No,50,Yes,No,Fiber optic,No,No,Yes,No,Yes,No,Two year,No,Bank transfer,100.78,5380.44,1,172.7,No
TC_2786,Female,36,0,No,No,1,Yes,Yes,No,No internet service,No internet service,No internet service,No internet service,No internet service,No internet service,Two year,No,Mailed check,20.0,21.36,2,0.0,No
TC_2787,Female,38,0,Yes,No,2,Yes,No,Fiber optic,No,Yes,Yes,No,Yes,No,Month-to-month,Yes,Bank transfer,111.43,214.69,7,274.9,No
TC_2788,Male,49,0,No,No,13,Yes,No,No,No internet service,No internet service,No internet service,No internet service,No internet service,No internet service,Two year,Yes,Credit card,20.0,243.31,0,0.0,No
TC_2789,Male,46,0,No,Yes,54,Yes,No,DSL,Yes,No,No,Yes,No,No,Two year,No,Electronic check,68.77,3432.23,0,119.3,No
TC_2790,Male,33,0,No,No,4,Yes,No,Fiber optic,No,Yes,No,No,Yes,Yes,Month-to-month,Yes,Electronic check,108.93,,4,54.5,Yes
TC_2791,Female,33,0,No,No,7,Yes,Yes,Fiber optic,Yes,No,Yes,No,No,No,Two year,Yes,Bank transfer,89.47,673.53,3,137.3,No
TC_2792,Female,24,0,No,No,4,Yes,No,No,No internet service,No internet service,No internet service,No internet service,No internet service,No internet service,One year,Yes,Bank transfer,20.0,,1,0.0,No
TC_2793,Female,39,0,No,No,61,No,No phone service,Fiber optic,Yes,No,No,Yes,No,No,Two year,Yes,Mailed check,84.66,5230.64,9,291.5,No
TC_2794,Female,45,0,Yes,Yes,42,Yes,No,Fiber optic,No,No,Yes,No,Yes,No,Two year,No,Bank transfer,105.96,4604.48,3,220.8,No
TC_2795,Female,36,0,No,No,49,Yes,No,No,No internet service,No internet service,No internet service,No internet service,No internet service,No internet service,One year,Yes,Electronic check,20.0,,0,0.0,No
TC_2796,Male,43,0,Yes,No,46,Yes,Yes,DSL,Yes,No,No,Yes,Yes,Yes,Two year,No,Bank transfer,88.22,4339.36,8,124.3,No
TC_2797,Female,68,1,No,No,1,Yes,No,DSL,Yes,No,No,Yes,No,Yes,Month-to-month,No,Mailed check,103.4,96.25,1,42.4,Yes
TC_2798,Female,49,0,Yes,No,3,Yes,Yes,No,No internet service,No internet service,No internet service,No internet service,No internet service,No internet service,Month-to-month,No,Credit card,20.0,54.64,3,0.0,Yes
TC_2799,Male,27,0,No,No,56,Yes,No,Fiber optic,No,No,No,Yes,Yes,No,One year,Yes,Bank transfer,89.39,4754.98,0,75.7,No
TC_2800,Female,61,0,Yes,Yes,1,Yes,No,DSL,Yes,Yes,No,No,No,Yes,Month-to-month,No,Bank transfer,73.94,71.95,3,59.9,Yes
TC_2801,Female,30,0,No,No,7,No,No phone service,Fiber optic,Yes,Yes,No,Yes,Yes,Yes,One year,No,Bank transfer,111.12,,11,151.0,No
TC_2802,Female,42,0,No,No,23,Yes,Yes,Fiber optic,No,No,Yes,No,Yes,Yes,One year,No,Credit card,95.21,2086.95,3,79.3,No
TC_2803,Female,36,0,Yes,Yes,6,Yes,No,Fiber optic,No,Yes,No,No,Yes,No,Month-to-month,Yes,Mailed check,89.58,546.32,2,54.6,Yes
TC_2804,Female,57,0,Yes,Yes,58,Yes,No,DSL,Yes,No,No,Yes,No,No,Two year,Yes,Electronic check,83.61,,10,182.4,No
TC_2805,Male,30,0,No,No,17,No,No phone service,DSL,No,No,No,No,Yes,No,Month-to-month,Yes,Electronic check,41.05,671.33,8,31.5,Yes
TC_2806,Female,49,0,Yes,Yes,60,Yes,Yes,DSL,Yes,No,No,No,No,No,Two year,Yes,Bank transfer,71.62,4382.49,0,75.4,No
TC_2807,Female,38,0,No,No,57,Yes,No,DSL,No,Yes,No,No,Yes,No,One year,No,Credit card,90.3,5032.81,8,130.1,No
TC_2808,Male,36,0,Yes,No,5,Yes,Yes,Fiber optic,Yes,Yes,No,No,Yes,No,Two year,Yes,Electronic check,117.23,561.64,4,159.0,No
TC_2809,Male,56,0,Yes,Yes,67,No,No phone service,No,No internet service,No internet service,No internet service,No internet service,No internet service,No internet service,Two year,No,Bank transfer,,1300.82,2,0.0,No
TC_2810,Female,53,0,Yes,No,2,No,No phone service,DSL,No,No,No,No,No,Yes,Two year,No,Electronic check,64.16,128.02,5,70.2,No
TC_2811,Male,51,0,Yes,Yes,57,Yes,Yes,Fiber optic,No,Yes,No,No,No,No,One year,Yes,Mailed check,87.64,5366.97,4,314.8,No
TC_2812,Female,37,0,Yes,No,59,Yes,No,No,No internet service,No internet service,No internet service,No internet service,No internet service,No internet service,Two year,No,Credit card,20.0,1114.36,3,0.0,No
TC_2813,Female,62,0,Yes,No,10,No,No phone service,No,No internet service,No internet service,No internet service,No internet service,No internet service,No internet service,Month-to-month,Yes,Bank transfer,20.9,215.02,0,0.0,No
TC_2814,Female,45,0,Yes,No,1,Yes,No,DSL,No,No,No,No,Yes,Yes,One year,No,Credit card,81.77,82.1,1,50.4,No
TC_2815,Female,67,1,Yes,Yes,2,Yes,Yes,No,No internet service,No internet service,No internet service,No internet service,No internet service,No internet service,Month-to-month,No,Mailed check,20.0,36.8,4,0.0,Yes
TC_2816,Female,41,0,No,No,61,Yes,Yes,Fiber optic,No,No,No,No,No,No,Two year,Yes,Bank transfer,82.57,4750.88,0,218.7,No
TC_2817,Male,43,0,No,No,57,Yes,Yes,DSL,No,Yes,No,No,Yes,No,Two year,Yes,Mailed check,74.56,4099.54,2,142.3,No
TC_2818,Male,64,0,Yes,No,9,Yes,Yes,No,No internet service,No internet service,No internet service,No internet service,No internet service,No internet service,One year,No,Credit card,20.0,190.69,15,0.0,No
TC_2819,Female,33,0,Yes,Yes,22,Yes,No,DSL,No,Yes,No,Yes,No,No,Month-to-month,No,Bank transfer,83.49,1686.55,2,94.7,Yes
TC_2820,Female,28,0,Yes,No,10,Yes,No,DSL,Yes,Yes,No,No,Yes,Yes,One year,Yes,Bank transfer,100.77,994.59,10,52.3,Yes
TC_2821,Male,46,0,Yes,No,,Yes,No,DSL,No,Yes,No,Yes,Yes,Yes,Two year,Yes,Mailed check,95.56,3768.27,3,91.2,No
TC_2822,Male,46,0,No,No,71,Yes,No,Fiber optic,Yes,No,No,No,Yes,Yes,One year,No,Electronic check,108.46,8061.23,6,45.2,No
TC_2823,Female,66,1,Yes,No,71,Yes,Yes,Fiber optic,No,No,No,No,No,Yes,Two year,No,Credit card,86.25,5989.72,13,154.2,No
TC_2824,Female,40,0,Yes,No,52,Yes,Yes,Fiber optic,Yes,No,No,No,No,No,One year,Yes,Bank transfer,84.58,,2,179.2,No
TC_2825,Female,41,0,Yes,No,71,No,No phone service,DSL,No,No,Yes,No,No,No,Two year,Yes,Electronic check,42.9,3291.87,8,141.5,No
TC_2826,Male,45,0,No,No,1,Yes,Yes,Fiber optic,No,No,Yes,Yes,No,No,Month-to-month,Yes,Bank transfer,,112.62,4,423.3,No
TC_2827,Male,38,0,No,No,25,Yes,No,DSL,No,No,No,No,Yes,Yes,One year,Yes,Credit card,72.53,1953.59,2,57.3,No
TC_2828,Male,25,0,No,No,1,Yes,No,Fiber optic,Yes,Yes,No,Yes,Yes,No,Month-to-month,No,Electronic check,120.0,111.24,2,254.6,Yes
TC_2829,Female,67,1,No,No,4,Yes,No,Fiber optic,No,No,No,No,Yes,Yes,Month-to-month,No,Bank transfer,83.35,336.31,10,133.6,Yes
TC_2830,Female,54,0,Yes,Yes,,Yes,Yes,Fiber optic,No,No,Yes,No,Yes,No,Two year,No,Bank transfer,,5879.93,15,46.5,No
TC_2831,Female,36,0,Yes,No,62,Yes,No,DSL,No,No,No,Yes,No,No,Month-to-month,Yes,Electronic check,74.3,4333.55,8,57.4,No
TC_2832,Female,57,0,Yes,No,55,Yes,No,Fiber optic,Yes,No,No,No,Yes,No,One year,Yes,Electronic check,86.88,4676.08,1,215.9,No
TC_2833,Female,33,0,Yes,No,64,Yes,No,Fiber optic,No,No,Yes,No,Yes,No,Month-to-month,Yes,Bank transfer,92.98,6291.24,8,339.5,No
TC_2834,Female,40,0,No,Yes,57,Yes,No,DSL,Yes,Yes,Yes,No,No,No,Two year,No,Electronic check,96.22,5056.19,1,89.4,No
TC_2835,Male,72,1,No,No,,Yes,No,Fiber optic,No,Yes,No,Yes,Yes,Yes,One year,Yes,Credit card,120.0,115.77,6,288.6,No
TC_2836,Female,39,0,Yes,No,5,Yes,No,No,No internet service,No internet service,No internet service,No internet service,No internet service,No internet service,Month-to-month,Yes,Electronic check,20.0,106.34,4,0.0,Yes
TC_2837,Male,28,0,Yes,No,2,Yes,Yes,DSL,Yes,Yes,No,No,No,Yes,Month-to-month,No,Electronic check,86.5,182.43,2,42.4,No
TC_2838,Female,47,0,Yes,Yes,23,Yes,Yes,Fiber optic,No,No,Yes,No,Yes,No,Month-to-month,Yes,Credit card,88.98,2219.08,2,218.5,Yes
TC_2839,Male,56,0,Yes,No,49,Yes,Yes,Fiber optic,No,No,No,No,No,Yes,One year,No,Mailed check,87.1,,3,146.0,No
TC_2840,Male,25,0,Yes,Yes,60,Yes,Yes,Fiber optic,No,Yes,Yes,Yes,Yes,No,Month-to-month,No,Mailed check,114.82,7522.94,4,286.7,No
TC_2841,Female,72,1,No,No,21,Yes,No,Fiber optic,No,No,No,No,Yes,Yes,One year,No,Bank transfer,,,15,268.0,No
TC_2842,Male,43,0,No,Yes,56,Yes,Yes,DSL,No,No,No,No,Yes,No,Month-to-month,No,Electronic check,,4456.88,0,99.4,No
TC_2843,Female,59,0,No,No,2,Yes,No,Fiber optic,No,Yes,Yes,Yes,Yes,No,One year,No,Bank transfer,105.55,195.47,5,244.6,No
TC_2844,Female,31,0,No,No,32,Yes,No,DSL,No,No,No,No,Yes,No,Two year,Yes,Bank transfer,74.81,2618.5,2,96.8,No
TC_2845,Male,41,0,No,No,56,Yes,No,Fiber optic,No,Yes,No,No,No,No,One year,Yes,Bank transfer,91.67,5577.31,2,350.5,No
TC_2846,Female,43,0,Yes,No,5,Yes,No,Fiber optic,No,Yes,Yes,Yes,No,No,Month-to-month,No,Credit card,95.7,469.3,2,254.3,Yes
TC_2847,Female,69,1,No,No,68,Yes,Yes,Fiber optic,Yes,No,Yes,Yes,No,No,One year,No,Mailed check,105.62,7600.52,15,220.4,No
TC_2848,Male,36,0,Yes,No,6,Yes,No,No,No internet service,No internet service,No internet service,No internet service,No internet service,No internet service,Month-to-month,Yes,Electronic check,20.0,111.26,0,0.0,Yes
TC_2849,Female,47,0,No,No,8,Yes,No,Fiber optic,Yes,No,No,No,Yes,Yes,Month-to-month,No,Credit card,120.0,881.27,4,144.9,Yes
TC_2850,Female,45,0,Yes,Yes,7,Yes,Yes,Fiber optic,No,Yes,No,No,No,No,Month-to-month,Yes,Mailed check,92.77,595.3,1,400.7,Yes
TC_2851,Male,52,0,No,No,8,Yes,Yes,DSL,No,No,Yes,No,No,No,One year,Yes,Credit card,68.52,527.82,0,81.1,No
TC_2852,Female,43,0,No,No,4,Yes,No,DSL,No,No,No,Yes,Yes,Yes,Month-to-month,No,Bank transfer,89.25,,5,151.6,No
TC_2853,Female,56,0,No,No,,Yes,Yes,DSL,Yes,No,No,No,No,No,Month-to-month,No,Credit card,75.3,297.73,5,86.1,Yes
TC_2854,Female,36,0,Yes,No,6,Yes,No,No,No internet service,No internet service,No internet service,No internet service,No internet service,No internet service,Month-to-month,No,Electronic check,20.0,131.06,3,0.0,Yes
TC_2855,Female,29,0,Yes,Yes,66,Yes,Yes,DSL,Yes,No,No,Yes,No,No,Month-to-month,Yes,Credit card,90.95,5408.83,6,53.7,No
TC_2856,Male,50,0,Yes,Yes,11,No,No phone service,Fiber optic,No,No,Yes,Yes,Yes,Yes,Two year,Yes,Bank transfer,82.59,851.26,3,182.8,No
TC_2857,Male,30,0,Yes,No,3,Yes,No,Fiber optic,No,No,No,Yes,Yes,Yes,Month-to-month,Yes,Electronic check,85.79,255.39,3,159.1,No
TC_2858,Male,69,1,Yes,No,6,Yes,Yes,DSL,Yes,No,Yes,No,Yes,No,Month-to-month,Yes,Credit card,95.25,,0,84.9,Yes
TC_2859,Male,39,0,No,No,58,No,No phone service,Fiber optic,Yes,No,Yes,Yes,Yes,Yes,Month-to-month,Yes,Bank transfer,103.0,5478.26,6,141.2,No
TC_2860,Female,26,0,No,No,3,Yes,No,DSL,No,No,Yes,No,Yes,No,Month-to-month,Yes,Electronic check,76.85,219.11,1,50.9,Yes
TC_2861,Female,58,0,Yes,No,65,Yes,No,DSL,No,No,No,No,No,No,One year,Yes,Credit card,59.5,3846.88,9,77.8,No
TC_2862,Male,60,0,Yes,No,66,Yes,Yes,Fiber optic,No,Yes,Yes,No,Yes,No,One year,Yes,Credit card,117.36,8512.96,8,376.1,No
TC_2863,Male,57,0,Yes,No,16,Yes,Yes,No,No internet service,No internet service,No internet service,No internet service,No internet service,No internet service,Month-to-month,Yes,Mailed check,20.0,324.04,0,0.0,No
TC_2864,Male,49,0,No,No,63,Yes,Yes,Fiber optic,No,No,Yes,Yes,No,Yes,One year,No,Credit card,108.57,7145.88,3,235.9,No
TC_2865,Female,60,0,No,No,23,Yes,No,Fiber optic,Yes,No,No,Yes,Yes,No,Month-to-month,Yes,Electronic check,99.99,2426.53,3,201.4,Yes
TC_2866,Female,67,1,No,No,49,Yes,Yes,Fiber optic,No,No,No,No,No,Yes,One year,Yes,Credit card,85.61,4439.32,12,283.1,Yes
TC_2867,Male,38,0,No,Yes,5,Yes,No,DSL,Yes,No,Yes,No,No,No,Month-to-month,Yes,Credit card,70.17,328.11,1,43.6,No
TC_2868,Female,73,1,No,No,57,Yes,No,No,No internet service,No internet service,No internet service,No internet service,No internet service,No internet service,One year,No,Credit card,,1186.83,3,0.0,No
TC_2869,Female,43,0,No,Yes,0,Yes,No,Fiber optic,No,Yes,Yes,Yes,Yes,Yes,Month-to-month,Yes,Mailed check,120.0,,7,94.5,Yes
TC_2870,Female,31,0,No,Yes,63,No,No phone service,Fiber optic,No,No,No,Yes,Yes,Yes,Month-to-month,Yes,Mailed check,88.71,6079.2,10,272.7,No
TC_2871,Female,25,0,No,No,6,Yes,No,Fiber optic,No,No,No,No,No,No,Two year,Yes,Electronic check,84.35,485.21,4,150.6,No
TC_2872,Female,22,0,Yes,No,1,Yes,Yes,DSL,Yes,No,No,No,Yes,Yes,Month-to-month,Yes,Bank transfer,,,6,59.7,No
TC_2873,Female,27,0,No,No,2,Yes,No,DSL,Yes,No,Yes,No,Yes,Yes,Month-to-month,Yes,Credit card,90.96,194.25,0,48.6,No
TC_2874,Male,55,0,Yes,No,47,Yes,No,DSL,No,No,Yes,No,Yes,Yes,Two year,No,Mailed check,93.15,4099.85,3,79.4,No
TC_2875,Female,60,0,Yes,Yes,7,Yes,Yes,Fiber optic,No,No,No,No,No,No,Month-to-month,Yes,Mailed check,80.43,528.68,2,155.5,Yes
TC_2876,Female,56,0,Yes,No,66,Yes,No,Fiber optic,Yes,No,Yes,Yes,Yes,No,Month-to-month,No,Credit card,107.81,7322.69,2,274.1,No
TC_2877,Male,63,0,Yes,No,31,Yes,Yes,Fiber optic,No,Yes,Yes,No,No,Yes,Month-to-month,Yes,Bank transfer,120.0,3399.53,11,235.1,Yes
TC_2878,Female,38,0,Yes,No,69,Yes,No,No,No internet service,No internet service,No internet service,No internet service,No internet service,No internet service,Two year,No,Bank transfer,20.0,1312.68,10,0.0,No
TC_2879,Male,75,1,Yes,No,4,Yes,No,Fiber optic,No,No,No,No,No,Yes,Two year,No,Bank transfer,92.61,349.84,3,138.9,No
TC_2880,Male,38,0,Yes,No,55,Yes,No,DSL,No,No,No,Yes,No,Yes,One year,Yes,Mailed check,88.66,5018.63,1,98.2,No
TC_2881,Male,66,1,Yes,No,57,Yes,No,Fiber optic,No,No,No,Yes,No,No,Two year,Yes,Electronic check,94.61,5397.24,7,147.3,Yes
TC_2882,Male,28,0,Yes,No,2,Yes,No,DSL,No,Yes,Yes,Yes,No,Yes,Month-to-month,Yes,Bank transfer,86.95,183.92,5,12.8,Yes
TC_2883,Male,74,1,No,No,8,Yes,No,DSL,No,No,No,No,No,No,Month-to-month,Yes,Mailed check,63.76,528.44,1,105.5,No
TC_2884,Female,36,0,Yes,No,2,Yes,No,Fiber optic,No,No,No,Yes,No,No,Month-to-month,Yes,Mailed check,91.16,165.04,2,199.2,No
TC_2885,Male,50,0,Yes,Yes,,No,No phone service,No,No internet service,No internet service,No internet service,No internet service,No internet service,No internet service,One year,Yes,Bank transfer,18.35,33.83,0,0.0,No
TC_2886,Female,35,0,No,No,14,Yes,No,Fiber optic,No,No,No,No,No,No,One year,Yes,Credit card,71.29,1070.6,12,244.8,No
TC_2887,Male,32,0,Yes,No,45,Yes,No,No,No internet service,No internet service,No internet service,No internet service,No internet service,No internet service,Month-to-month,Yes,Electronic check,20.0,882.65,6,0.0,No
TC_2888,Female,41,0,No,No,34,Yes,Yes,Fiber optic,Yes,No,Yes,No,No,No,Two year,No,Credit card,108.27,3484.61,1,228.5,No
TC_2889,Female,36,0,No,No,3,Yes,Yes,Fiber optic,No,No,No,Yes,No,Yes,Month-to-month,Yes,Electronic check,87.83,246.9,5,198.2,Yes
TC_2890,Female,57,0,No,No,4,Yes,Yes,No,No internet service,No internet service,No internet service,No internet service,No internet service,No internet service,Month-to-month,Yes,Bank transfer,20.0,79.22,7,0.0,Yes
TC_2891,Female,55,0,Yes,No,19,Yes,No,DSL,Yes,No,No,Yes,No,Yes,Two year,No,Electronic check,94.76,1763.03,1,83.6,No
TC_2892,Female,46,0,Yes,No,47,Yes,Yes,DSL,No,No,No,No,No,No,One year,No,Credit card,54.19,2603.71,2,35.4,Yes
TC_2893,Male,41,0,No,Yes,0,Yes,No,Fiber optic,No,Yes,Yes,No,No,No,Month-to-month,No,Mailed check,98.62,,1,80.4,Yes
TC_2894,Male,29,0,Yes,No,1,Yes,No,No,No internet service,No internet service,No internet service,No internet service,No internet service,No internet service,Month-to-month,Yes,Electronic check,20.0,18.71,14,0.0,Yes
TC_2895,Male,35,0,Yes,No,63,Yes,No,Fiber optic,No,Yes,Yes,Yes,No,No,Month-to-month,No,Electronic check,104.8,6782.13,12,411.3,No
TC_2896,Male,52,0,No,No,69,Yes,No,Fiber optic,No,No,Yes,Yes,Yes,No,One year,No,Mailed check,116.57,8261.75,9,328.1,No
TC_2897,Male,30,0,No,No,20,Yes,No,DSL,No,Yes,No,Yes,Yes,No,One year,Yes,Credit card,104.82,2251.8,2,79.2,No
TC_2898,Female,49,0,No,No,3,Yes,Yes,No,No internet service,No internet service,No internet service,No internet service,No internet service,No internet service,One year,Yes,Mailed check,20.0,65.52,6,0.0,No
TC_2899,Female,31,0,No,No,7,Yes,No,Fiber optic,No,No,No,No,No,No,Month-to-month,No,Credit card,,498.54,1,418.8,Yes
TC_2900,Female,75,1,Yes,No,1,Yes,No,DSL,No,No,No,Yes,Yes,No,Month-to-month,No,Bank transfer,87.54,92.9,0,9.3,Yes
TC_2901,Female,76,1,Yes,No,38,Yes,Yes,Fiber optic,No,No,Yes,No,Yes,No,Two year,No,Credit card,106.98,3698.97,4,429.0,No
TC_2902,Male,58,0,Yes,No,71,Yes,No,Fiber optic,No,No,No,No,No,Yes,One year,Yes,Mailed check,92.25,6000.64,3,278.0,Yes
TC_2903,Male,38,0,No,No,7,Yes,Yes,DSL,No,Yes,Yes,No,No,No,Two year,Yes,Electronic check,81.42,591.84,3,53.6,No
TC_2904,Male,59,0,Yes,Yes,4,Yes,No,No,No internet service,No internet service,No internet service,No internet service,No internet service,No internet service,Month-to-month,No,Mailed check,20.0,79.28,10,0.0,No
TC_2905,Female,41,0,Yes,Yes,56,Yes,Yes,DSL,No,No,Yes,No,Yes,Yes,Two year,No,Credit card,87.59,5247.19,0,95.9,No
TC_2906,Male,43,0,No,Yes,56,Yes,No,Fiber optic,No,No,Yes,No,Yes,No,Two year,No,Electronic check,98.3,5522.18,9,413.0,No
TC_2907,Female,40,0,Yes,No,61,Yes,No,Fiber optic,No,No,No,No,Yes,No,One year,Yes,Electronic check,77.02,4313.3,7,360.3,No
TC_2908,Female,60,0,Yes,Yes,4,No,No phone service,Fiber optic,No,No,No,Yes,Yes,Yes,Two year,No,Bank transfer,83.21,302.72,3,155.6,No
TC_2909,Male,39,0,Yes,Yes,56,Yes,Yes,Fiber optic,No,No,Yes,No,Yes,No,Two year,Yes,Bank transfer,105.74,5489.05,2,313.3,No
TC_2910,Female,57,0,Yes,Yes,3,Yes,Yes,Fiber optic,Yes,Yes,No,Yes,Yes,No,Month-to-month,No,Electronic check,104.76,327.54,6,340.4,Yes
TC_2911,Male,43,0,No,No,5,Yes,Yes,DSL,No,No,No,No,Yes,No,Month-to-month,No,Electronic check,70.1,384.4,0,105.5,Yes
TC_2912,Female,48,0,Yes,No,6,Yes,Yes,No,No internet service,No internet service,No internet service,No internet service,No internet service,No internet service,Month-to-month,Yes,Electronic check,20.0,108.38,0,0.0,Yes
TC_2913,Male,52,0,Yes,No,1,Yes,Yes,DSL,No,No,Yes,Yes,No,Yes,Month-to-month,No,Electronic check,94.12,85.47,0,107.0,Yes
TC_2914,Female,37,0,Yes,No,3,No,No phone service,No,No internet service,No internet service,No internet service,No internet service,No internet service,No internet service,Month-to-month,No,Electronic check,20.95,64.49,0,0.0,No
TC_2915,Male,24,0,No,No,6,Yes,Yes,No,No internet service,No internet service,No internet service,No internet service,No internet service,No internet service,Month-to-month,Yes,Electronic check,20.0,109.49,6,0.0,No
TC_2916,Female,62,0,Yes,No,56,Yes,No,No,No internet service,No internet service,No internet service,No internet service,No internet service,No internet service,Month-to-month,No,Electronic check,20.0,1016.86,0,0.0,No
TC_2917,Male,34,0,No,No,58,Yes,No,DSL,Yes,No,No,Yes,No,No,Two year,Yes,Credit card,77.45,4856.77,4,52.1,No
TC_2918,Male,19,0,Yes,Yes,65,Yes,Yes,DSL,Yes,No,No,Yes,No,No,One year,Yes,Bank transfer,88.89,6209.79,1,95.5,No
TC_2919,Female,37,0,No,No,5,Yes,No,No,No internet service,No internet service,No internet service,No internet service,No internet service,No internet service,Month-to-month,No,Mailed check,20.0,109.46,1,0.0,Yes
TC_2920,Female,26,0,No,No,39,Yes,Yes,DSL,No,Yes,No,No,Yes,No,Month-to-month,Yes,Mailed check,85.16,3286.61,1,137.4,No
TC_2921,Female,41,0,Yes,Yes,,Yes,Yes,DSL,No,No,No,Yes,No,Yes,Month-to-month,No,Mailed check,70.71,603.86,1,69.8,Yes
TC_2922,Female,51,0,Yes,No,59,Yes,Yes,Fiber optic,Yes,No,Yes,Yes,Yes,Yes,Two year,No,Credit card,112.68,7024.82,3,353.3,No
TC_2923,Female,46,0,Yes,No,10,Yes,No,No,No internet service,No internet service,No internet service,No internet service,No internet service,No internet service,Month-to-month,Yes,Electronic check,20.0,191.81,1,0.0,No
TC_2924,Female,23,0,No,No,44,Yes,No,Fiber optic,No,No,No,No,No,No,Two year,Yes,Credit card,85.97,3930.17,2,315.0,No
TC_2925,Male,37,0,No,No,,Yes,Yes,DSL,No,No,Yes,No,Yes,No,Two year,No,Bank transfer,78.16,4780.92,1,86.5,No
TC_2926,Female,60,0,Yes,No,16,No,No phone service,Fiber optic,Yes,No,No,No,No,Yes,Month-to-month,No,Mailed check,69.0,1176.0,1,443.1,No
TC_2927,Female,56,0,Yes,Yes,1,Yes,Yes,DSL,No,No,No,No,Yes,No,One year,Yes,Bank transfer,66.38,68.98,3,27.7,No
TC_2928,Female,40,0,No,No,6,Yes,Yes,DSL,No,Yes,No,No,No,No,One year,Yes,Credit card,72.07,418.7,6,69.7,No
TC_2929,Male,25,0,No,No,52,Yes,Yes,Fiber optic,No,No,Yes,No,No,No,Two year,Yes,Electronic check,94.0,5126.11,7,64.1,No
TC_2930,Male,42,0,Yes,No,4,Yes,Yes,DSL,No,No,No,Yes,No,No,Two year,Yes,Credit card,74.13,315.51,0,124.1,No
TC_2931,Female,27,0,Yes,No,20,Yes,Yes,No,No internet service,No internet service,No internet service,No internet service,No internet service,No internet service,Two year,Yes,Mailed check,20.0,402.23,0,0.0,No
TC_2932,Male,32,0,No,No,2,Yes,No,DSL,Yes,Yes,No,No,No,Yes,Month-to-month,Yes,Credit card,84.62,183.91,1,98.9,No
TC_2933,Male,34,0,No,No,5,Yes,Yes,Fiber optic,Yes,Yes,No,No,Yes,Yes,Month-to-month,Yes,Electronic check,120.0,605.35,4,193.8,Yes
TC_2934,Male,35,0,Yes,No,61,Yes,Yes,Fiber optic,No,No,No,Yes,Yes,No,Month-to-month,No,Mailed check,110.06,7111.11,3,107.9,Yes
TC_2935,Female,31,0,No,No,2,Yes,No,Fiber optic,Yes,Yes,No,No,Yes,Yes,Month-to-month,Yes,Bank transfer,115.18,223.25,3,231.9,Yes
TC_2936,Male,40,0,No,No,3,Yes,Yes,DSL,No,No,No,No,No,Yes,Month-to-month,Yes,Mailed check,,210.5,3,65.5,Yes
TC_2937,Female,45,0,No,No,62,Yes,Yes,DSL,Yes,Yes,No,No,No,Yes,Two year,Yes,Credit card,81.33,4780.05,5,177.0,No
TC_2938,Male,65,1,Yes,No,55,No,No phone service,No,No internet service,No internet service,No internet service,No internet service,No internet service,No internet service,Two year,No,Bank transfer,20.14,1046.33,3,0.0,No
TC_2939,Male,39,0,Yes,No,2,Yes,Yes,DSL,No,No,No,Yes,No,No,One year,Yes,Credit card,75.33,150.52,8,59.8,Yes
TC_2940,Male,48,0,Yes,No,60,Yes,Yes,Fiber optic,No,No,Yes,No,No,Yes,Two year,No,Bank transfer,98.34,6451.46,7,339.8,No
TC_2941,Female,26,0,Yes,No,9,No,No phone service,DSL,No,No,No,No,Yes,Yes,Month-to-month,No,Mailed check,62.7,569.01,5,67.0,No
TC_2942,Female,34,0,No,No,30,Yes,No,DSL,No,No,No,No,No,Yes,Two year,No,Credit card,68.09,2229.84,7,156.2,No
TC_2943,Female,60,0,Yes,No,57,No,No phone service,Fiber optic,Yes,No,No,Yes,Yes,Yes,Month-to-month,No,Electronic check,94.81,4948.54,1,305.1,Yes
TC_2944,Male,75,1,Yes,No,66,Yes,Yes,Fiber optic,No,No,No,Yes,No,No,One year,Yes,Bank transfer,94.31,6707.07,7,87.3,No
TC_2945,Male,51,0,Yes,No,3,Yes,No,Fiber optic,No,No,Yes,Yes,Yes,Yes,Month-to-month,Yes,Electronic check,120.0,360.9,2,177.6,No
TC_2946,Female,29,0,No,No,10,Yes,Yes,No,No internet service,No internet service,No internet service,No internet service,No internet service,No internet service,Month-to-month,No,Mailed check,20.0,183.25,0,0.0,Yes
TC_2947,Male,60,0,Yes,Yes,9,Yes,No,Fiber optic,No,No,No,No,No,Yes,One year,Yes,Credit card,84.73,816.36,7,274.9,Yes
TC_2948,Male,55,0,Yes,No,11,Yes,No,No,No internet service,No internet service,No internet service,No internet service,No internet service,No internet service,Two year,No,Mailed check,,241.76,,0.0,No
TC_2949,Male,69,1,No,No,55,Yes,No,DSL,No,No,No,No,No,No,Two year,No,Bank transfer,59.61,,13,57.7,No
TC_2950,Female,46,0,Yes,Yes,51,Yes,Yes,Fiber optic,Yes,No,Yes,No,Yes,Yes,Month-to-month,No,Bank transfer,,6386.06,7,197.8,No
TC_2951,Female,23,0,No,No,2,Yes,No,No,No internet service,No internet service,No internet service,No internet service,No internet service,No internet service,Month-to-month,No,Bank transfer,20.0,38.99,0,0.0,Yes
TC_2952,Male,35,0,No,Yes,56,Yes,No,Fiber optic,No,Yes,No,No,Yes,Yes,Month-to-month,Yes,Electronic check,96.65,5584.22,5,174.9,No
TC_2953,Male,50,0,No,No,41,Yes,No,No,No internet service,No internet service,No internet service,No internet service,No internet service,No internet service,One year,No,Credit card,20.0,836.82,11,0.0,No
TC_2954,Male,55,0,No,No,3,Yes,No,DSL,No,Yes,No,No,Yes,No,One year,No,Credit card,66.6,217.37,6,80.1,Yes
TC_2955,Female,48,0,Yes,No,29,Yes,Yes,Fiber optic,Yes,No,No,No,Yes,Yes,Two year,Yes,Mailed check,114.2,3520.76,2,344.0,No
TC_2956,Female,71,1,Yes,No,33,Yes,Yes,No,No internet service,No internet service,No internet service,No internet service,No internet service,No internet service,Month-to-month,No,Mailed check,20.0,615.76,7,0.0,No
TC_2957,Female,46,0,No,No,4,Yes,Yes,DSL,No,No,Yes,No,No,No,Month-to-month,Yes,Mailed check,74.03,280.47,2,53.6,Yes
TC_2958,Female,71,1,Yes,No,43,Yes,No,Fiber optic,Yes,Yes,No,Yes,No,No,One year,Yes,Mailed check,119.73,5219.64,4,176.0,Yes
TC_2959,Female,36,0,No,No,11,Yes,Yes,Fiber optic,Yes,Yes,No,Yes,Yes,No,Two year,Yes,Bank transfer,,1357.85,6,146.4,No
TC_2960,Female,36,0,No,No,68,Yes,No,DSL,No,Yes,No,No,Yes,No,Month-to-month,No,Bank transfer,,4757.02,2,35.5,No
TC_2961,Female,67,1,Yes,No,45,Yes,No,Fiber optic,No,No,No,No,Yes,No,Two year,Yes,Bank transfer,,3845.24,7,235.0,No
TC_2962,Female,49,0,Yes,No,7,Yes,Yes,Fiber optic,No,Yes,Yes,No,Yes,Yes,Month-to-month,Yes,Bank transfer,112.87,789.62,2,317.3,No
TC_2963,Female,50,0,Yes,No,62,Yes,Yes,DSL,No,No,No,No,No,Yes,Two year,No,Electronic check,62.23,4141.18,10,140.2,No
TC_2964,Male,46,0,Yes,No,63,Yes,No,DSL,Yes,Yes,Yes,No,Yes,No,Month-to-month,No,Bank transfer,100.51,5943.5,1,54.1,No
TC_2965,Male,49,0,No,Yes,50,Yes,Yes,Fiber optic,Yes,No,No,No,No,Yes,One year,No,Electronic check,94.22,5043.35,2,243.0,No
TC_2966,Female,66,1,No,No,7,Yes,Yes,Fiber optic,No,No,No,Yes,Yes,No,Month-to-month,No,Electronic check,106.53,772.91,7,44.3,Yes
TC_2967,Male,72,1,Yes,No,7,Yes,No,DSL,No,No,No,No,No,Yes,One year,No,Electronic check,70.53,489.35,2,57.4,No
TC_2968,Female,39,0,No,Yes,8,Yes,No,Fiber optic,No,No,No,No,No,Yes,Month-to-month,No,Electronic check,,670.37,4,121.3,Yes
TC_2969,Male,26,0,Yes,No,45,Yes,Yes,No,No internet service,No internet service,No internet service,No internet service,No internet service,No internet service,Two year,Yes,Credit card,20.0,857.8,6,0.0,No
TC_2970,Male,56,0,Yes,Yes,64,Yes,No,DSL,No,Yes,No,No,No,Yes,Two year,No,Electronic check,71.95,4226.97,4,94.1,No
TC_2971,Female,30,0,No,No,,Yes,No,Fiber optic,Yes,No,Yes,No,Yes,Yes,One year,No,Credit card,114.88,7352.33,6,110.3,No
TC_2972,Male,41,0,Yes,No,38,Yes,No,DSL,No,No,No,No,No,No,One year,No,Credit card,66.71,,0,136.7,No
TC_2973,Female,33,0,Yes,Yes,6,Yes,No,Fiber optic,No,No,Yes,Yes,Yes,No,Month-to-month,Yes,Bank transfer,102.71,651.89,8,112.5,Yes
TC_2974,Male,63,0,No,No,21,Yes,No,Fiber optic,No,No,No,No,No,No,Month-to-month,Yes,Electronic check,68.56,1547.62,6,215.7,No
TC_2975,Female,42,0,No,No,29,Yes,No,Fiber optic,Yes,No,Yes,No,No,Yes,Two year,No,Bank transfer,114.9,3145.22,10,344.5,No
TC_2976,Male,71,1,Yes,No,55,Yes,Yes,Fiber optic,No,No,Yes,No,No,No,Month-to-month,No,Electronic check,77.32,4137.34,10,297.8,No
TC_2977,Male,28,0,No,Yes,6,Yes,Yes,No,No internet service,No internet service,No internet service,No internet service,No internet service,No internet service,Month-to-month,No,Credit card,20.0,118.16,0,0.0,No
TC_2978,Female,43,0,No,No,70,Yes,No,DSL,No,No,Yes,Yes,Yes,Yes,One year,Yes,Electronic check,105.66,7991.42,2,132.2,No
TC_2979,Male,55,0,No,No,12,Yes,No,Fiber optic,Yes,Yes,No,No,Yes,No,One year,Yes,Credit card,102.52,1234.87,3,448.9,Yes
TC_2980,Male,39,0,No,No,45,Yes,No,No,No internet service,No internet service,No internet service,No internet service,No internet service,No internet service,Two year,Yes,Bank transfer,20.0,986.86,3,0.0,No
TC_2981,Male,61,0,Yes,No,48,Yes,No,No,No internet service,No internet service,No internet service,No internet service,No internet service,No internet service,Month-to-month,Yes,Electronic check,20.0,960.22,1,0.0,Yes
TC_2982,Male,46,0,No,No,3,Yes,Yes,Fiber optic,Yes,No,No,No,Yes,No,Month-to-month,Yes,Bank transfer,110.43,340.81,4,58.3,No
TC_2983,Male,41,0,Yes,No,6,Yes,No,Fiber optic,Yes,No,No,No,Yes,Yes,Month-to-month,No,Electronic check,107.6,703.71,4,212.1,No
TC_2984,Male,58,0,No,No,14,Yes,No,No,No internet service,No internet service,No internet service,No internet service,No internet service,No internet service,One year,Yes,Mailed check,20.0,300.64,0,0.0,No
TC_2985,Male,61,0,No,No,33,No,No phone service,Fiber optic,Yes,No,No,No,Yes,Yes,Month-to-month,No,Bank transfer,91.42,2925.64,4,322.6,Yes
TC_2986,Female,53,0,Yes,No,48,Yes,No,Fiber optic,Yes,No,No,Yes,No,No,One year,No,Credit card,84.3,3704.88,3,139.6,No
TC_2987,Female,47,0,Yes,Yes,37,Yes,No,Fiber optic,No,Yes,Yes,No,Yes,Yes,One year,Yes,Credit card,118.67,4594.73,7,113.2,No
TC_2988,Male,40,0,Yes,No,8,Yes,No,No,No internet service,No internet service,No internet service,No internet service,No internet service,No internet service,One year,Yes,Bank transfer,20.0,172.01,0,0.0,Yes
TC_2989,Female,34,0,No,No,1,Yes,Yes,DSL,No,No,No,Yes,No,No,Month-to-month,Yes,Electronic check,64.5,62.85,3,153.8,Yes
TC_2990,Male,63,0,No,No,7,Yes,Yes,Fiber optic,No,No,Yes,No,No,No,Month-to-month,No,Credit card,96.48,735.49,2,118.7,Yes
TC_2991,Female,75,1,Yes,No,1,Yes,No,DSL,Yes,No,Yes,No,No,No,Month-to-month,Yes,Credit card,78.21,75.75,6,78.4,No
TC_2992,Male,47,0,Yes,No,69,Yes,Yes,No,No internet service,No internet service,No internet service,No internet service,No internet service,No internet service,One year,Yes,Mailed check,20.0,1250.93,2,0.0,No
TC_2993,Female,32,0,No,No,3,Yes,No,Fiber optic,Yes,No,Yes,No,No,No,Month-to-month,Yes,Electronic check,,286.47,10,100.8,Yes
TC_2994,Male,73,1,Yes,No,66,Yes,No,No,No internet service,No internet service,No internet service,No internet service,No internet service,No internet service,Two year,No,Credit card,20.0,1192.89,1,0.0,No
TC_2995,Male,42,0,No,No,69,Yes,No,DSL,No,No,Yes,No,No,No,Month-to-month,No,Electronic check,68.69,4902.21,2,58.3,No
TC_2996,Male,37,0,No,No,39,Yes,Yes,DSL,Yes,No,Yes,Yes,No,Yes,Two year,No,Credit card,91.78,3531.76,3,138.5,No
TC_2997,Female,55,0,Yes,Yes,1,No,No phone service,No,No internet service,No internet service,No internet service,No internet service,No internet service,No internet service,Month-to-month,Yes,Bank transfer,20.41,19.03,14,0.0,Yes
TC_2998,Male,63,0,Yes,No,9,Yes,No,DSL,No,No,Yes,No,No,Yes,Month-to-month,No,Mailed check,72.34,655.63,6,44.8,Yes
TC_2999,Female,43,0,No,No,11,Yes,Yes,Fiber optic,No,No,Yes,Yes,No,No,Two year,No,Electronic check,104.83,1153.13,7,242.7,No
TC_3000,Female,53,0,Yes,No,8,Yes,Yes,DSL,No,No,No,No,No,No,Month-to-month,Yes,Electronic check,60.63,506.31,0,84.5,No
TC_3001,Female,25,0,No,No,51,Yes,No,No,No internet service,No internet service,No internet service,No internet service,No internet service,No internet service,One year,Yes,Bank transfer,20.0,961.34,4,0.0,No
TC_3002,Male,44,0,No,No,56,Yes,Yes,Fiber optic,No,No,Yes,Yes,Yes,Yes,Two year,Yes,Bank transfer,109.03,6663.34,6,100.0,No
TC_3003,Male,46,0,Yes,Yes,25,Yes,No,Fiber optic,Yes,No,Yes,No,No,No,Two year,Yes,Bank transfer,,2739.52,15,254.4,No
TC_3004,Male,27,0,Yes,Yes,,Yes,Yes,Fiber optic,No,No,No,No,No,No,Two year,Yes,Mailed check,66.75,,5,244.1,No
TC_3005,Male,57,0,No,No,1,Yes,No,No,No internet service,No internet service,No internet service,No internet service,No internet service,No internet service,One year,Yes,Credit card,20.0,18.75,9,0.0,Yes
TC_3006,Male,76,1,Yes,Yes,27,Yes,No,Fiber optic,No,Yes,No,Yes,Yes,Yes,Month-to-month,No,Bank transfer,100.94,2863.59,,160.7,No
TC_3007,Male,32,0,Yes,No,39,Yes,Yes,Fiber optic,No,No,Yes,No,No,Yes,One year,Yes,Mailed check,99.04,4228.38,5,155.2,No
TC_3008,Male,38,0,Yes,No,51,Yes,No,Fiber optic,No,Yes,Yes,No,No,No,Two year,Yes,Bank transfer,101.63,5602.23,15,96.2,No
TC_3009,Male,45,0,No,No,41,Yes,Yes,DSL,Yes,Yes,No,No,No,No,One year,Yes,Mailed check,93.85,3972.85,1,102.7,No
TC_3010,Male,50,0,Yes,Yes,5,No,No phone service,No,No internet service,No internet service,No internet service,No internet service,No internet service,No internet service,Two year,Yes,Bank transfer,22.66,119.16,2,0.0,No
TC_3011,Male,42,0,No,No,67,Yes,Yes,DSL,No,Yes,No,No,Yes,No,Two year,Yes,Bank transfer,90.65,5833.91,0,36.7,No
TC_3012,Female,32,0,No,No,11,No,No phone service,Fiber optic,No,Yes,Yes,Yes,Yes,Yes,One year,Yes,Credit card,106.39,1144.2,0,183.2,No
TC_3013,Female,53,0,Yes,Yes,2,Yes,No,Fiber optic,No,Yes,No,Yes,No,Yes,Month-to-month,Yes,Electronic check,111.55,239.25,1,134.3,No
TC_3014,Male,30,0,Yes,Yes,7,Yes,Yes,DSL,No,No,No,Yes,Yes,Yes,Month-to-month,Yes,Electronic check,87.82,594.78,0,128.7,No
TC_3015,Male,49,0,No,No,67,Yes,No,DSL,No,Yes,No,No,Yes,Yes,Month-to-month,No,Electronic check,93.33,6516.74,0,82.6,No
TC_3016,Male,40,0,No,No,47,Yes,Yes,Fiber optic,No,Yes,No,Yes,No,Yes,One year,Yes,Bank transfer,101.69,4439.73,7,116.9,Yes
TC_3017,Female,38,0,No,No,3,Yes,No,No,No internet service,No internet service,No internet service,No internet service,No internet service,No internet service,Month-to-month,No,Electronic check,20.0,60.05,5,0.0,Yes
TC_3018,Male,26,0,Yes,No,6,Yes,No,DSL,No,No,Yes,Yes,No,No,Month-to-month,Yes,Credit card,77.76,502.4,0,27.2,No
TC_3019,Male,42,0,No,No,33,Yes,No,Fiber optic,Yes,No,Yes,No,No,No,One year,No,Bank transfer,88.44,2881.0,13,163.5,Yes
TC_3020,Male,55,0,Yes,Yes,20,Yes,No,DSL,No,No,No,No,Yes,Yes,Month-to-month,No,Electronic check,80.46,1701.44,6,25.0,Yes
TC_3021,Female,46,0,No,No,54,Yes,No,Fiber optic,Yes,Yes,No,No,No,No,Two year,Yes,Credit card,108.7,5634.15,,159.2,No
TC_3022,Male,46,0,No,No,3,Yes,Yes,DSL,No,No,Yes,Yes,No,Yes,Month-to-month,No,Credit card,88.11,238.32,1,103.4,Yes
TC_3023,Male,39,0,No,No,5,Yes,No,No,No internet service,No internet service,No internet service,No internet service,No internet service,No internet service,One year,Yes,Bank transfer,20.0,93.44,0,0.0,No
TC_3024,Female,57,0,Yes,No,3,Yes,No,Fiber optic,Yes,Yes,No,Yes,No,No,Month-to-month,No,Electronic check,103.44,329.18,1,185.2,No
TC_3025,Female,37,0,No,Yes,30,No,No phone service,DSL,No,No,No,No,No,No,Two year,Yes,Credit card,49.22,1351.23,9,120.3,No
TC_3026,Male,32,0,Yes,No,3,Yes,Yes,Fiber optic,No,Yes,No,No,No,No,Month-to-month,Yes,Electronic check,83.48,260.56,11,183.7,Yes
TC_3027,Male,32,0,No,Yes,6,Yes,No,Fiber optic,Yes,No,Yes,No,Yes,No,Month-to-month,Yes,Bank transfer,105.17,610.54,7,269.3,Yes
TC_3028,Male,45,0,Yes,Yes,1,Yes,Yes,No,No internet service,No internet service,No internet service,No internet service,No internet service,No internet service,Month-to-month,Yes,Bank transfer,20.0,18.29,1,0.0,No
TC_3029,Female,45,0,No,No,4,Yes,Yes,Fiber optic,Yes,No,No,Yes,No,No,Month-to-month,Yes,Mailed check,87.98,385.49,4,387.0,Yes
TC_3030,Female,30,0,Yes,No,7,No,No phone service,Fiber optic,Yes,Yes,Yes,No,No,Yes,Two year,Yes,Credit card,108.61,692.23,1,153.7,No
TC_3031,Male,51,0,Yes,Yes,8,Yes,No,Fiber optic,No,No,No,No,No,Yes,One year,Yes,Bank transfer,92.77,720.4,4,70.3,Yes
TC_3032,Female,57,0,No,No,66,Yes,No,No,No internet service,No internet service,No internet service,No internet service,No internet service,No internet service,Two year,No,Credit card,20.0,1406.89,0,0.0,No
TC_3033,Female,41,0,Yes,No,7,Yes,Yes,DSL,Yes,No,No,Yes,No,No,Two year,No,Mailed check,68.55,433.95,4,89.1,No
TC_3034,Male,34,0,Yes,Yes,54,Yes,No,No,No internet service,No internet service,No internet service,No internet service,No internet service,No internet service,Two year,Yes,Bank transfer,20.0,997.54,0,0.0,No
TC_3035,Female,53,0,No,No,54,Yes,Yes,Fiber optic,Yes,Yes,Yes,Yes,No,Yes,Two year,No,Mailed check,120.0,6755.94,10,176.0,No
TC_3036,Male,64,0,No,No,59,Yes,No,DSL,Yes,No,No,No,No,Yes,One year,No,Bank transfer,86.41,5589.96,3,49.5,Yes
TC_3037,Female,30,0,Yes,No,1,Yes,Yes,Fiber optic,No,No,No,Yes,No,Yes,Two year,No,Bank transfer,96.06,105.2,6,194.2,No
TC_3038,Female,36,0,Yes,No,3,Yes,No,DSL,Yes,No,Yes,No,Yes,Yes,Month-to-month,No,Credit card,101.0,306.72,8,109.8,Yes
TC_3039,Female,66,1,Yes,No,8,Yes,No,Fiber optic,No,No,No,No,Yes,No,Month-to-month,No,Bank transfer,98.91,752.34,2,345.9,Yes
TC_3040,Female,29,0,No,No,53,No,No phone service,No,No internet service,No internet service,No internet service,No internet service,No internet service,No internet service,Two year,Yes,Electronic check,24.38,1230.06,3,0.0,No
TC_3041,Female,33,0,Yes,Yes,4,Yes,No,Fiber optic,No,No,No,Yes,No,No,Month-to-month,Yes,Electronic check,97.42,404.99,0,136.2,No
TC_3042,Male,62,0,Yes,No,61,Yes,No,No,No internet service,No internet service,No internet service,No internet service,No internet service,No internet service,Two year,No,Bank transfer,20.0,1187.04,5,0.0,No
TC_3043,Female,38,0,No,No,41,Yes,No,DSL,Yes,No,No,No,Yes,No,One year,Yes,Electronic check,65.94,2725.33,5,22.0,No
TC_3044,Female,76,1,Yes,No,65,Yes,No,No,No internet service,No internet service,No internet service,No internet service,No internet service,No internet service,Month-to-month,No,Mailed check,20.0,,1,0.0,No
TC_3045,Male,52,0,No,Yes,54,Yes,No,Fiber optic,Yes,No,No,No,Yes,Yes,One year,Yes,Bank transfer,105.3,15.05,3,155.1,No
TC_3046,Male,33,0,No,Yes,32,Yes,Yes,DSL,No,No,No,No,Yes,Yes,Two year,Yes,Electronic check,78.41,2290.57,1,78.9,No
TC_3047,Male,42,0,No,Yes,9,Yes,Yes,No,No internet service,No internet service,No internet service,No internet service,No internet service,No internet service,Month-to-month,No,Electronic check,20.0,193.22,1,0.0,Yes
TC_3048,Female,53,0,Yes,No,39,Yes,Yes,No,No internet service,No internet service,No internet service,No internet service,No internet service,No internet service,Two year,No,Electronic check,20.0,702.08,5,0.0,No
TC_3049,Female,64,0,Yes,No,3,Yes,Yes,Fiber optic,No,No,No,No,Yes,No,Month-to-month,No,Credit card,76.94,226.19,5,295.0,Yes
TC_3050,Male,31,0,No,No,6,Yes,No,DSL,No,Yes,Yes,No,No,No,Month-to-month,Yes,Electronic check,74.92,472.38,6,131.9,Yes
TC_3051,Male,31,0,No,No,1,Yes,No,No,No internet service,No internet service,No internet service,No internet service,No internet service,No internet service,Month-to-month,No,Mailed check,20.0,18.31,13,0.0,Yes
TC_3052,Male,44,0,Yes,No,1,Yes,No,Fiber optic,No,Yes,No,Yes,No,No,Month-to-month,No,Electronic check,87.02,90.86,9,225.7,No
TC_3053,Female,43,0,No,No,,Yes,Yes,Fiber optic,Yes,No,Yes,No,Yes,Yes,Month-to-month,No,Credit card,115.44,698.91,2,187.6,No
TC_3054,Female,46,0,Yes,No,41,Yes,No,DSL,No,Yes,No,Yes,Yes,Yes,Two year,No,Bank transfer,94.5,4144.12,1,124.5,No
TC_3055,Female,30,0,Yes,No,48,No,No phone service,Fiber optic,No,Yes,No,No,Yes,Yes,One year,Yes,Mailed check,84.33,4416.29,7,182.6,No
TC_3056,Male,63,0,Yes,Yes,67,Yes,No,Fiber optic,No,No,No,Yes,No,Yes,Two year,No,Electronic check,87.6,5823.52,4,161.1,No
TC_3057,Male,53,0,Yes,Yes,58,Yes,No,Fiber optic,No,No,No,No,Yes,No,Month-to-month,Yes,Electronic check,80.44,5097.83,7,225.4,Yes
TC_3058,Female,40,0,Yes,No,2,Yes,No,Fiber optic,Yes,Yes,No,Yes,No,Yes,Month-to-month,Yes,Mailed check,120.0,261.14,4,141.1,No
TC_3059,Male,62,0,Yes,Yes,69,Yes,Yes,DSL,Yes,Yes,Yes,No,No,No,Month-to-month,No,Mailed check,87.45,6293.08,0,88.0,No
TC_3060,Male,65,1,Yes,No,62,Yes,Yes,DSL,Yes,No,No,No,Yes,No,One year,Yes,Electronic check,73.24,4515.7,9,51.6,Yes
TC_3061,Male,57,0,Yes,Yes,58,Yes,No,Fiber optic,No,Yes,Yes,Yes,No,No,Month-to-month,Yes,Bank transfer,107.95,6418.28,2,396.9,No
TC_3062,Female,36,0,No,No,43,No,No phone service,Fiber optic,Yes,Yes,No,Yes,No,No,Two year,Yes,Bank transfer,100.65,4329.94,1,188.9,No
TC_3063,Female,19,0,No,No,13,Yes,Yes,DSL,Yes,No,Yes,Yes,Yes,No,Two year,Yes,Credit card,94.0,1240.77,2,37.7,No
TC_3064,Male,61,0,Yes,No,63,Yes,No,No,No internet service,No internet service,No internet service,No internet service,No internet service,No internet service,One year,No,Bank transfer,20.0,1334.0,2,0.0,No
TC_3065,Male,38,0,Yes,No,50,Yes,Yes,DSL,No,Yes,No,No,Yes,No,One year,No,Bank transfer,67.01,3069.62,1,109.4,No
TC_3066,Female,51,0,No,No,56,Yes,Yes,No,No internet service,No internet service,No internet service,No internet service,No internet service,No internet service,Two year,Yes,Bank transfer,20.0,1150.71,0,0.0,No
TC_3067,Male,55,0,Yes,No,48,Yes,No,Fiber optic,No,Yes,No,Yes,No,Yes,Month-to-month,No,Electronic check,94.71,4870.4,1,173.8,Yes
TC_3068,Female,39,0,No,No,51,Yes,No,Fiber optic,No,No,No,No,No,Yes,Two year,Yes,Credit card,85.75,4796.29,0,402.0,No
TC_3069,Female,26,0,No,Yes,48,Yes,No,DSL,Yes,No,No,No,No,Yes,Two year,No,Bank transfer,77.45,3350.99,0,62.9,No
TC_3070,Female,40,0,No,No,45,No,No phone service,Fiber optic,Yes,No,No,No,No,Yes,Two year,No,Bank transfer,62.96,2941.66,4,235.5,No
TC_3071,Female,29,0,Yes,No,68,Yes,No,DSL,No,Yes,No,No,No,No,Month-to-month,Yes,Bank transfer,70.59,5069.59,3,59.8,Yes
TC_3072,Female,34,0,No,No,28,Yes,No,No,No internet service,No internet service,No internet service,No internet service,No internet service,No internet service,Two year,Yes,Electronic check,20.0,514.76,0,0.0,No
TC_3073,Female,52,0,Yes,No,2,Yes,Yes,Fiber optic,Yes,No,Yes,Yes,Yes,No,Month-to-month,Yes,Electronic check,120.0,225.74,,285.8,Yes
TC_3074,Female,26,0,Yes,Yes,24,Yes,No,No,No internet service,No internet service,No internet service,No internet service,No internet service,No internet service,Two year,Yes,Credit card,20.0,515.21,8,0.0,No
TC_3075,Female,68,1,No,No,21,No,No phone service,DSL,No,No,Yes,Yes,Yes,No,Month-to-month,Yes,Bank transfer,69.84,1541.5,0,48.6,No
TC_3076,Male,26,0,Yes,No,43,Yes,Yes,Fiber optic,Yes,Yes,No,No,Yes,No,One year,Yes,Bank transfer,106.2,4217.84,5,95.5,No
TC_3077,Male,53,0,Yes,No,6,Yes,No,No,No internet service,No internet service,No internet service,No internet service,No internet service,No internet service,Month-to-month,No,Electronic check,20.0,,0,0.0,Yes
TC_3078,Female,68,1,Yes,No,36,Yes,Yes,Fiber optic,No,No,Yes,Yes,No,No,One year,Yes,Mailed check,98.61,3835.84,1,288.3,Yes
TC_3079,Male,24,0,Yes,No,,Yes,No,DSL,No,No,No,Yes,No,No,One year,Yes,Bank transfer,75.31,1923.24,13,90.9,No
TC_3080,Male,37,0,No,No,53,Yes,Yes,No,No internet service,No internet service,No internet service,No internet service,No internet service,No internet service,One year,No,Bank transfer,20.0,1086.59,10,0.0,No
TC_3081,Female,72,1,No,No,4,Yes,Yes,DSL,No,Yes,No,No,No,No,One year,Yes,Credit card,71.77,267.39,5,20.2,Yes
TC_3082,Male,41,0,No,No,3,Yes,Yes,Fiber optic,Yes,No,Yes,No,Yes,No,Month-to-month,Yes,Mailed check,115.28,362.61,2,329.8,Yes
TC_3083,Female,64,0,No,No,5,Yes,Yes,Fiber optic,No,Yes,Yes,No,Yes,No,One year,No,Credit card,108.05,550.87,1,286.6,No
TC_3084,Male,44,0,No,Yes,41,No,No phone service,DSL,No,Yes,No,No,No,No,Month-to-month,Yes,Electronic check,63.77,2839.36,12,125.3,Yes
TC_3085,Male,61,0,No,Yes,4,Yes,No,Fiber optic,No,No,No,No,Yes,No,Month-to-month,No,Electronic check,97.98,357.02,7,129.3,Yes
TC_3086,Male,61,0,No,No,8,Yes,No,Fiber optic,No,Yes,Yes,No,Yes,No,One year,Yes,Credit card,117.14,1018.54,7,121.5,No
TC_3087,Male,42,0,Yes,No,3,Yes,Yes,DSL,No,No,No,Yes,No,No,Month-to-month,No,Bank transfer,74.52,215.11,2,74.3,Yes
TC_3088,Female,33,0,Yes,No,34,Yes,No,DSL,No,No,No,No,No,No,Two year,Yes,Mailed check,60.09,2151.86,1,39.0,No
TC_3089,Male,62,0,Yes,No,42,No,No phone service,No,No internet service,No internet service,No internet service,No internet service,No internet service,No internet service,Two year,No,Electronic check,19.0,750.25,2,0.0,No
TC_3090,Female,35,0,No,No,1,Yes,Yes,DSL,Yes,Yes,No,No,Yes,No,Month-to-month,No,Electronic check,,90.57,0,41.9,Yes
TC_3091,Male,53,0,No,No,60,Yes,No,No,No internet service,No internet service,No internet service,No internet service,No internet service,No internet service,Two year,No,Credit card,20.0,1197.87,3,0.0,No
TC_3092,Male,33,0,Yes,Yes,37,Yes,Yes,Fiber optic,No,No,Yes,Yes,Yes,Yes,One year,Yes,Credit card,113.12,4241.68,1,67.4,No
TC_3093,Male,62,0,Yes,No,51,Yes,No,No,No internet service,No internet service,No internet service,No internet service,No internet service,No internet service,Two year,No,Bank transfer,20.0,1019.92,4,0.0,No
TC_3094,Female,54,0,Yes,Yes,3,Yes,No,No,No internet service,No internet service,No internet service,No internet service,No internet service,No internet service,Two year,Yes,Credit card,20.0,61.95,7,0.0,No
TC_3095,Female,34,0,No,No,38,Yes,Yes,DSL,No,Yes,Yes,No,No,No,Two year,No,Credit card,78.54,2720.87,0,140.2,Yes
TC_3096,Female,45,0,No,No,4,No,No phone service,Fiber optic,No,No,No,Yes,No,Yes,Month-to-month,No,Electronic check,67.65,260.79,3,124.5,Yes
TC_3097,Female,58,0,No,No,36,Yes,No,Fiber optic,Yes,No,No,Yes,No,No,Two year,No,Bank transfer,110.24,3671.81,5,181.6,No
TC_3098,Male,49,0,No,No,42,Yes,No,No,No internet service,No internet service,No internet service,No internet service,No internet service,No internet service,Two year,Yes,Bank transfer,20.0,910.79,3,0.0,No
TC_3099,Male,26,0,Yes,No,8,Yes,No,Fiber optic,No,No,Yes,Yes,Yes,Yes,Month-to-month,Yes,Bank transfer,120.0,1047.39,1,234.4,Yes
TC_3100,Male,39,0,No,No,6,No,No phone service,Fiber optic,No,Yes,No,Yes,No,Yes,One year,Yes,Credit card,76.07,414.67,2,341.6,Yes
TC_3101,Male,36,0,Yes,No,63,Yes,Yes,Fiber optic,No,Yes,Yes,Yes,No,No,Month-to-month,Yes,Mailed check,117.37,7848.31,9,305.0,Yes
TC_3102,Male,48,0,Yes,No,7,Yes,Yes,Fiber optic,Yes,Yes,No,No,No,Yes,Month-to-month,No,Electronic check,99.64,731.34,4,219.3,Yes
TC_3103,Male,64,0,Yes,No,1,Yes,No,No,No internet service,No internet service,No internet service,No internet service,No internet service,No internet service,Two year,Yes,Bank transfer,20.0,19.04,12,0.0,No
TC_3104,Female,43,0,Yes,Yes,43,No,No phone service,No,No internet service,No internet service,No internet service,No internet service,No internet service,No internet service,Two year,Yes,Credit card,19.24,834.09,0,0.0,No
TC_3105,Male,69,1,Yes,Yes,7,Yes,No,No,No internet service,No internet service,No internet service,No internet service,No internet service,No internet service,Two year,Yes,Mailed check,20.0,148.06,4,0.0,No
TC_3106,Female,38,0,Yes,No,7,Yes,Yes,DSL,No,No,No,Yes,No,No,Month-to-month,No,Mailed check,70.76,510.7,3,127.9,Yes
TC_3107,Female,57,0,No,No,44,No,No phone service,No,No internet service,No internet service,No internet service,No internet service,No internet service,No internet service,Two year,Yes,Credit card,24.74,1120.71,2,0.0,No
TC_3108,Male,49,0,No,Yes,50,Yes,No,DSL,No,No,Yes,Yes,No,No,One year,No,Credit card,72.2,3426.84,1,143.6,No
TC_3109,Female,70,1,Yes,No,,Yes,Yes,Fiber optic,No,No,No,No,No,No,One year,No,Credit card,75.61,851.27,11,151.7,Yes
TC_3110,Male,50,0,No,No,63,Yes,Yes,DSL,No,No,Yes,Yes,No,Yes,Two year,No,Credit card,89.83,6125.68,5,130.2,No
TC_3111,Female,54,0,Yes,No,54,Yes,Yes,No,No internet service,No internet service,No internet service,No internet service,No internet service,No internet service,Two year,No,Bank transfer,20.0,1097.96,6,0.0,No
TC_3112,Female,64,0,Yes,No,54,Yes,Yes,Fiber optic,No,No,No,No,Yes,No,Month-to-month,Yes,Electronic check,94.33,5061.22,10,213.5,No
TC_3113,Male,71,1,Yes,No,49,No,No phone service,Fiber optic,No,No,No,No,No,Yes,One year,No,Mailed check,70.16,3684.41,11,92.9,No
TC_3114,Male,55,0,No,No,3,Yes,Yes,DSL,Yes,No,Yes,No,Yes,No,Month-to-month,Yes,Electronic check,92.71,284.31,5,18.9,Yes
TC_3115,Female,53,0,Yes,No,55,No,No phone service,DSL,Yes,No,No,No,No,Yes,One year,No,Credit card,,,15,184.5,No
TC_3116,Female,30,0,No,Yes,62,No,No phone service,DSL,No,No,Yes,Yes,No,Yes,Two year,Yes,Credit card,87.94,5576.34,2,73.2,No
TC_3117,Male,57,0,Yes,No,20,Yes,Yes,No,No internet service,No internet service,No internet service,No internet service,No internet service,No internet service,Month-to-month,No,Electronic check,20.0,432.84,2,0.0,No
TC_3118,Female,40,0,No,No,7,Yes,Yes,No,No internet service,No internet service,No internet service,No internet service,No internet service,No internet service,Month-to-month,No,Electronic check,20.0,144.22,3,0.0,No
TC_3119,Male,41,0,Yes,No,3,Yes,Yes,DSL,Yes,No,Yes,No,No,Yes,Month-to-month,Yes,Credit card,90.29,279.92,0,92.2,No
TC_3120,Female,41,0,No,No,30,Yes,No,DSL,Yes,Yes,Yes,Yes,No,No,Month-to-month,Yes,Credit card,110.48,3357.56,0,75.3,No
TC_3121,Female,52,0,Yes,Yes,,Yes,No,No,No internet service,No internet service,No internet service,No internet service,No internet service,No internet service,One year,No,Bank transfer,20.0,1569.91,5,0.0,No
TC_3122,Male,44,0,Yes,No,62,Yes,Yes,No,No internet service,No internet service,No internet service,No internet service,No internet service,No internet service,Two year,Yes,Mailed check,20.0,1192.48,5,0.0,No
TC_3123,Male,37,0,Yes,No,6,Yes,No,Fiber optic,Yes,Yes,Yes,No,Yes,No,Month-to-month,Yes,Electronic check,116.33,637.81,4,98.4,Yes
TC_3124,Male,36,0,No,No,17,Yes,Yes,No,No internet service,No internet service,No internet service,No internet service,No internet service,No internet service,One year,No,Bank transfer,20.0,306.98,4,0.0,No
TC_3125,Female,64,0,Yes,Yes,61,Yes,No,DSL,Yes,Yes,No,No,No,No,Month-to-month,No,Electronic check,68.37,4467.18,1,113.6,No
TC_3126,Male,62,0,Yes,No,60,Yes,No,DSL,No,No,No,Yes,No,No,Month-to-month,No,Credit card,70.33,4046.91,8,38.3,Yes
TC_3127,Female,32,0,Yes,Yes,65,Yes,No,No,No internet service,No internet service,No internet service,No internet service,No internet service,No internet service,Month-to-month,Yes,Bank transfer,20.0,1225.26,0,0.0,Yes
TC_3128,Female,45,0,Yes,Yes,45,Yes,No,DSL,Yes,No,No,No,No,No,One year,No,Mailed check,68.96,,0,86.1,No
TC_3129,Male,31,0,Yes,No,58,Yes,Yes,No,No internet service,No internet service,No internet service,No internet service,No internet service,No internet service,Two year,Yes,Electronic check,20.0,1258.1,4,0.0,No
TC_3130,Male,42,0,No,No,3,Yes,Yes,Fiber optic,Yes,No,Yes,No,No,Yes,Two year,No,Bank transfer,103.21,316.34,1,160.9,No
TC_3131,Female,56,0,Yes,No,62,Yes,Yes,No,No internet service,No internet service,No internet service,No internet service,No internet service,No internet service,Two year,No,Bank transfer,20.0,1308.25,10,0.0,No
TC_3132,Female,56,0,No,No,2,Yes,Yes,No,No internet service,No internet service,No internet service,No internet service,No internet service,No internet service,Two year,Yes,Bank transfer,20.0,42.4,8,0.0,No
TC_3133,Male,56,0,Yes,No,57,Yes,Yes,No,No internet service,No internet service,No internet service,No internet service,No internet service,No internet service,Two year,Yes,Mailed check,20.0,1065.29,2,0.0,No
TC_3134,Male,38,0,Yes,No,30,Yes,Yes,DSL,Yes,No,No,Yes,No,Yes,Month-to-month,No,Electronic check,88.79,2606.57,3,130.3,No
TC_3135,Male,34,0,No,Yes,56,No,No phone service,DSL,Yes,No,Yes,Yes,No,No,Two year,Yes,Bank transfer,66.39,3993.66,0,53.5,No
TC_3136,Male,40,0,No,No,67,Yes,No,No,No internet service,No internet service,No internet service,No internet service,No internet service,No internet service,One year,Yes,Credit card,20.0,1338.5,2,0.0,No
TC_3137,Male,39,0,No,No,,Yes,No,Fiber optic,No,No,No,No,Yes,No,Two year,Yes,Credit card,,4924.45,5,197.8,No
TC_3138,Female,67,1,Yes,No,50,Yes,Yes,DSL,No,No,Yes,No,No,No,One year,Yes,Electronic check,63.71,2951.46,0,138.7,No
TC_3139,Male,69,1,Yes,No,3,Yes,No,Fiber optic,Yes,No,Yes,No,No,No,Month-to-month,No,Mailed check,114.32,331.6,6,399.3,Yes
TC_3140,Female,53,0,No,No,7,Yes,Yes,DSL,No,No,Yes,No,No,Yes,Month-to-month,Yes,Electronic check,79.75,567.43,1,32.6,Yes
TC_3141,Male,50,0,Yes,Yes,35,Yes,No,DSL,Yes,Yes,No,No,Yes,No,Month-to-month,Yes,Mailed check,89.62,3399.74,3,85.1,Yes
TC_3142,Female,35,0,No,No,15,No,No phone service,No,No internet service,No internet service,No internet service,No internet service,No internet service,No internet service,Month-to-month,Yes,Mailed check,18.47,273.37,1,0.0,No
TC_3143,Male,22,0,No,No,16,Yes,No,Fiber optic,Yes,Yes,No,No,No,No,Month-to-month,Yes,Credit card,82.04,1407.77,2,116.2,Yes
TC_3144,Male,40,0,Yes,No,53,Yes,No,DSL,No,No,Yes,No,Yes,No,One year,No,Mailed check,87.53,4233.26,5,156.7,No
TC_3145,Female,34,0,No,No,3,Yes,No,Fiber optic,No,Yes,No,No,Yes,No,Month-to-month,No,Electronic check,107.67,338.93,10,212.2,Yes
TC_3146,Female,64,0,No,Yes,63,Yes,Yes,DSL,Yes,Yes,No,No,No,No,Two year,Yes,Bank transfer,72.48,4264.11,0,95.0,No
TC_3147,Female,43,0,No,No,62,Yes,No,Fiber optic,No,No,No,No,No,Yes,Two year,No,Mailed check,89.85,5717.0,2,286.8,No
TC_3148,Female,39,0,No,No,43,Yes,No,Fiber optic,Yes,Yes,No,Yes,No,Yes,Two year,Yes,Mailed check,118.78,5288.68,2,285.6,No
TC_3149,Female,30,0,Yes,No,70,Yes,Yes,Fiber optic,No,No,No,No,No,Yes,One year,Yes,Mailed check,94.37,6482.9,4,422.3,No
TC_3150,Female,61,0,Yes,No,26,Yes,Yes,Fiber optic,No,Yes,No,No,No,Yes,Two year,Yes,Credit card,101.28,2493.56,8,308.6,No
TC_3151,Male,43,0,Yes,Yes,,Yes,No,Fiber optic,Yes,Yes,Yes,No,Yes,No,One year,No,Credit card,120.0,1148.6,2,247.9,Yes
TC_3152,Female,69,1,No,Yes,58,Yes,Yes,Fiber optic,No,No,Yes,No,No,No,Two year,No,Mailed check,78.56,4777.64,12,53.4,No
TC_3153,Male,29,0,No,No,3,Yes,No,Fiber optic,No,No,No,No,Yes,Yes,One year,Yes,Bank transfer,96.06,284.27,10,160.0,Yes
TC_3154,Female,22,0,No,No,40,Yes,Yes,No,No internet service,No internet service,No internet service,No internet service,No internet service,No internet service,Two year,Yes,Bank transfer,20.0,736.59,,0.0,No
TC_3155,Female,52,0,No,No,44,Yes,No,Fiber optic,No,No,No,No,No,No,Two year,No,Credit card,81.32,3310.53,7,295.2,No
TC_3156,Male,50,0,Yes,No,63,Yes,No,No,No internet service,No internet service,No internet service,No internet service,No internet service,No internet service,Month-to-month,Yes,Electronic check,20.0,1205.26,0,0.0,No
TC_3157,Male,35,0,No,No,45,Yes,Yes,DSL,No,No,No,No,Yes,No,One year,No,Electronic check,64.97,3088.8,9,59.5,No
TC_3158,Female,42,0,No,No,52,No,No phone service,Fiber optic,No,Yes,No,Yes,Yes,Yes,Two year,Yes,Credit card,,4792.59,1,394.9,No
TC_3159,Female,51,0,No,No,20,Yes,No,No,No internet service,No internet service,No internet service,No internet service,No internet service,No internet service,One year,Yes,Electronic check,,401.21,5,0.0,No
TC_3160,Female,39,0,Yes,No,68,Yes,No,Fiber optic,No,No,No,Yes,Yes,Yes,Two year,Yes,Electronic check,118.35,7368.89,3,376.3,No
TC_3161,Female,23,0,No,No,2,Yes,No,Fiber optic,No,No,No,No,Yes,Yes,Month-to-month,Yes,Bank transfer,103.71,221.06,2,95.0,Yes
TC_3162,Female,71,1,Yes,No,61,Yes,Yes,No,No internet service,No internet service,No internet service,No internet service,No internet service,No internet service,Two year,No,Bank transfer,20.0,1131.8,7,0.0,No
TC_3163,Female,40,0,Yes,No,6,Yes,No,Fiber optic,Yes,Yes,Yes,Yes,Yes,Yes,Month-to-month,No,Electronic check,120.0,759.96,3,355.7,Yes
TC_3164,Male,46,0,No,Yes,8,Yes,Yes,DSL,No,No,No,Yes,No,Yes,Two year,No,Credit card,73.67,641.01,0,52.2,No
TC_3165,Female,62,0,Yes,Yes,,Yes,Yes,Fiber optic,Yes,No,No,Yes,Yes,Yes,Month-to-month,No,Mailed check,120.0,117.09,2,337.3,No
TC_3166,Male,40,0,No,No,39,Yes,No,Fiber optic,No,No,Yes,No,Yes,No,Month-to-month,No,Electronic check,85.01,3557.46,6,331.4,No
TC_3167,Female,36,0,Yes,No,11,Yes,Yes,DSL,No,No,No,No,Yes,No,One year,Yes,Electronic check,76.78,864.59,0,118.7,No
TC_3168,Female,34,0,Yes,No,68,Yes,No,Fiber optic,No,Yes,Yes,No,No,No,One year,No,Credit card,90.21,5833.09,2,405.3,No
TC_3169,Female,28,0,Yes,No,20,Yes,No,Fiber optic,No,Yes,No,Yes,Yes,No,One year,Yes,Credit card,111.19,2336.97,1,174.3,No
TC_3170,Female,31,0,No,No,2,Yes,No,DSL,Yes,No,No,No,Yes,Yes,Month-to-month,Yes,Electronic check,77.65,142.22,0,38.0,No
TC_3171,Female,59,0,No,No,2,Yes,No,DSL,No,No,No,No,Yes,No,Two year,Yes,Electronic check,75.16,164.46,1,105.9,No
TC_3172,Male,35,0,No,No,0,Yes,Yes,DSL,Yes,Yes,No,No,Yes,Yes,Month-to-month,No,Credit card,93.82,,12,61.4,Yes
TC_3173,Female,64,0,Yes,Yes,17,Yes,No,DSL,No,Yes,Yes,Yes,No,Yes,Month-to-month,Yes,Electronic check,103.75,1658.82,3,63.5,Yes
TC_3174,Male,56,0,Yes,No,37,Yes,No,Fiber optic,Yes,No,No,Yes,Yes,No,Month-to-month,Yes,Electronic check,115.35,3874.54,0,297.2,No
TC_3175,Female,45,0,Yes,Yes,5,Yes,No,DSL,Yes,Yes,No,No,No,No,One year,No,Credit card,83.33,404.14,0,83.2,No
TC_3176,Female,67,1,No,Yes,41,Yes,Yes,Fiber optic,No,Yes,No,Yes,Yes,No,One year,No,Bank transfer,102.01,3769.51,6,321.2,No
TC_3177,Male,61,0,No,No,65,Yes,No,No,No internet service,No internet service,No internet service,No internet service,No internet service,No internet service,Month-to-month,No,Credit card,20.0,1314.9,3,0.0,No
TC_3178,Male,42,0,Yes,No,6,No,No phone service,No,No internet service,No internet service,No internet service,No internet service,No internet service,No internet service,Month-to-month,No,Electronic check,23.23,153.29,2,0.0,No
TC_3179,Male,32,0,No,No,71,Yes,Yes,No,No internet service,No internet service,No internet service,No internet service,No internet service,No internet service,Month-to-month,No,Mailed check,20.0,1361.47,4,0.0,No
TC_3180,Female,46,0,Yes,Yes,35,Yes,No,No,No internet service,No internet service,No internet service,No internet service,No internet service,No internet service,Two year,No,Credit card,20.0,748.82,13,0.0,No
TC_3181,Male,30,0,Yes,Yes,55,Yes,No,Fiber optic,No,Yes,Yes,Yes,Yes,Yes,Month-to-month,No,Electronic check,120.0,7144.45,2,178.6,No
TC_3182,Male,36,0,No,No,5,Yes,Yes,DSL,Yes,No,No,No,No,No,Two year,Yes,Bank transfer,58.76,277.71,8,92.1,No
TC_3183,Female,64,0,No,No,3,No,No phone service,Fiber optic,No,Yes,No,No,No,Yes,Month-to-month,No,Electronic check,68.52,216.49,5,131.0,Yes
TC_3184,Female,48,0,No,No,19,No,No phone service,DSL,No,No,No,Yes,Yes,No,Month-to-month,Yes,Mailed check,54.16,1126.04,6,79.1,Yes
TC_3185,Female,33,0,No,No,37,Yes,No,DSL,No,No,No,No,Yes,Yes,One year,Yes,Mailed check,68.78,2355.07,7,69.1,Yes
TC_3186,Female,69,1,Yes,No,1,Yes,No,DSL,No,No,No,Yes,No,No,Month-to-month,Yes,Bank transfer,64.03,62.52,2,168.8,Yes
TC_3187,Male,34,0,Yes,No,55,Yes,No,DSL,No,No,No,No,Yes,Yes,One year,No,Electronic check,66.31,3748.06,6,18.3,No
TC_3188,Male,29,0,Yes,No,67,Yes,No,DSL,Yes,No,No,No,Yes,No,Two year,Yes,Mailed check,76.16,4814.03,0,66.8,No
TC_3189,Female,48,0,No,No,5,Yes,No,Fiber optic,No,No,No,No,No,Yes,Month-to-month,No,Mailed check,89.6,485.63,4,376.2,Yes
TC_3190,Male,43,0,No,No,54,Yes,No,DSL,Yes,Yes,No,No,No,Yes,Two year,No,Bank transfer,92.64,4896.45,7,28.4,No
TC_3191,Female,58,0,Yes,No,70,Yes,Yes,Fiber optic,No,Yes,No,No,No,Yes,One year,No,Electronic check,103.06,6550.01,3,225.1,No
TC_3192,Female,56,0,Yes,No,4,Yes,Yes,Fiber optic,No,Yes,No,No,Yes,Yes,Month-to-month,No,Mailed check,112.79,425.17,,451.8,Yes
TC_3193,Female,52,0,No,No,7,Yes,Yes,Fiber optic,Yes,No,Yes,Yes,Yes,No,Month-to-month,Yes,Bank transfer,112.28,714.78,10,388.6,Yes
TC_3194,Male,52,0,Yes,Yes,40,Yes,Yes,No,No internet service,No internet service,No internet service,No internet service,No internet service,No internet service,Month-to-month,Yes,Credit card,20.0,847.71,7,0.0,Yes
TC_3195,Male,38,0,No,No,64,Yes,No,DSL,No,Yes,Yes,No,Yes,Yes,Two year,Yes,Electronic check,93.64,6205.71,15,121.1,No
TC_3196,Male,52,0,No,No,12,Yes,No,No,No internet service,No internet service,No internet service,No internet service,No internet service,No internet service,Two year,No,Mailed check,20.0,239.88,6,0.0,Yes
TC_3197,Male,36,0,No,No,55,Yes,Yes,Fiber optic,No,No,Yes,Yes,No,Yes,Two year,Yes,Credit card,90.73,4974.13,2,351.8,No
TC_3198,Male,73,1,No,No,3,Yes,Yes,No,No internet service,No internet service,No internet service,No internet service,No internet service,No internet service,Month-to-month,Yes,Bank transfer,20.0,57.96,1,0.0,Yes
TC_3199,Male,39,0,Yes,No,1,Yes,Yes,Fiber optic,No,No,No,Yes,No,Yes,Month-to-month,No,Electronic check,97.36,87.68,4,85.3,No
TC_3200,Female,50,0,No,No,51,No,No phone service,Fiber optic,No,Yes,No,No,No,No,Month-to-month,No,Electronic check,83.25,4414.82,1,333.9,Yes
TC_3201,Male,53,0,No,No,63,Yes,No,DSL,No,No,No,No,No,Yes,Month-to-month,Yes,Credit card,59.45,4013.91,10,41.5,No
TC_3202,Male,68,1,No,No,3,Yes,No,Fiber optic,No,Yes,Yes,No,Yes,No,Month-to-month,Yes,Bank transfer,120.0,381.93,15,142.1,Yes
TC_3203,Male,35,0,Yes,No,60,Yes,No,Fiber optic,Yes,No,Yes,Yes,No,Yes,Two year,Yes,Mailed check,120.0,7013.41,12,159.7,No
TC_3204,Male,51,0,No,No,1,No,No phone service,Fiber optic,No,No,Yes,Yes,Yes,No,One year,No,Mailed check,101.78,111.94,1,218.5,Yes
TC_3205,Female,41,0,No,No,2,Yes,No,No,No internet service,No internet service,No internet service,No internet service,No internet service,No internet service,Two year,No,Credit card,20.0,41.46,3,0.0,No
TC_3206,Female,29,0,Yes,Yes,14,Yes,No,Fiber optic,Yes,Yes,No,Yes,Yes,No,One year,No,Electronic check,120.0,1620.01,1,282.3,Yes
TC_3207,Male,35,0,No,No,35,Yes,Yes,Fiber optic,Yes,Yes,Yes,No,No,No,Month-to-month,Yes,Bank transfer,93.95,3231.31,3,271.2,No
TC_3208,Male,44,0,No,No,49,Yes,Yes,Fiber optic,No,No,No,No,Yes,No,One year,No,Mailed check,87.27,,10,370.0,No
TC_3209,Female,73,1,No,No,58,Yes,No,No,No internet service,No internet service,No internet service,No internet service,No internet service,No internet service,Month-to-month,No,Mailed check,20.0,1250.25,1,0.0,No
TC_3210,Female,50,0,No,No,68,Yes,No,Fiber optic,No,Yes,No,Yes,Yes,No,One year,No,Mailed check,120.0,8214.4,13,341.7,No
TC_3211,Female,22,0,Yes,Yes,14,Yes,No,DSL,No,No,No,No,No,Yes,Two year,No,Mailed check,73.78,1112.19,10,55.4,No
TC_3212,Male,63,0,No,No,67,Yes,Yes,Fiber optic,Yes,No,No,No,Yes,No,Two year,Yes,Credit card,88.44,5334.77,3,208.5,Yes
TC_3213,Female,49,0,Yes,No,5,Yes,No,No,No internet service,No internet service,No internet service,No internet service,No internet service,No internet service,One year,Yes,Credit card,20.0,107.42,,0.0,No
TC_3214,Female,35,0,Yes,Yes,13,Yes,No,Fiber optic,No,Yes,No,No,No,No,One year,Yes,Mailed check,90.36,1187.51,2,143.2,Yes
TC_3215,Female,64,0,No,No,69,Yes,No,Fiber optic,No,Yes,Yes,No,Yes,Yes,Two year,No,Mailed check,120.0,,3,298.6,No
TC_3216,Female,40,0,Yes,No,51,Yes,No,Fiber optic,No,No,No,Yes,Yes,No,Two year,Yes,Bank transfer,85.84,4188.07,2,203.7,No
TC_3217,Male,42,0,Yes,Yes,8,Yes,No,No,No internet service,No internet service,No internet service,No internet service,No internet service,No internet service,One year,Yes,Credit card,20.0,157.32,1,0.0,Yes
TC_3218,Male,70,1,No,Yes,43,Yes,Yes,No,No internet service,No internet service,No internet service,No internet service,No internet service,No internet service,Two year,No,Credit card,20.0,869.88,4,0.0,Yes
TC_3219,Female,49,0,Yes,No,3,Yes,No,No,No internet service,No internet service,No internet service,No internet service,No internet service,No internet service,Month-to-month,No,Bank transfer,20.0,61.04,14,0.0,No
TC_3220,Male,38,0,No,No,35,Yes,No,No,No internet service,No internet service,No internet service,No internet service,No internet service,No internet service,Two year,No,Mailed check,20.0,699.71,2,0.0,No
TC_3221,Female,20,0,No,No,4,Yes,Yes,No,No internet service,No internet service,No internet service,No internet service,No internet service,No internet service,Month-to-month,Yes,Credit card,20.0,81.18,9,0.0,Yes
TC_3222,Male,34,0,Yes,No,33,Yes,Yes,No,No internet service,No internet service,No internet service,No internet service,No internet service,No internet service,Month-to-month,Yes,Mailed check,20.0,608.36,3,0.0,Yes
TC_3223,Female,35,0,Yes,No,39,Yes,No,DSL,No,No,No,No,Yes,Yes,Two year,Yes,Credit card,,2786.61,11,101.0,No
TC_3224,Female,38,0,No,No,4,Yes,No,DSL,Yes,No,No,No,No,No,Month-to-month,No,Electronic check,71.52,,3,57.7,No
TC_3225,Female,62,0,No,No,53,Yes,No,No,No internet service,No internet service,No internet service,No internet service,No internet service,No internet service,One year,Yes,Bank transfer,20.0,1057.94,5,0.0,No
TC_3226,Female,57,0,Yes,No,23,Yes,Yes,DSL,No,No,Yes,Yes,No,No,One year,Yes,Bank transfer,69.84,1467.46,4,115.5,Yes
TC_3227,Female,49,0,Yes,No,65,Yes,Yes,Fiber optic,No,No,Yes,No,No,No,One year,No,Bank transfer,98.22,6092.61,1,227.1,Yes
TC_3228,Female,31,0,No,No,7,Yes,Yes,Fiber optic,Yes,No,No,No,No,No,Month-to-month,No,Electronic check,,691.94,3,126.9,Yes
TC_3229,Female,29,0,No,No,7,Yes,No,Fiber optic,Yes,Yes,Yes,No,No,Yes,One year,Yes,Credit card,113.8,797.53,1,364.1,Yes
TC_3230,Male,63,0,Yes,No,10,Yes,Yes,Fiber optic,No,Yes,Yes,Yes,Yes,No,One year,No,Mailed check,120.0,1216.96,1,182.1,No
TC_3231,Male,32,0,No,Yes,3,Yes,Yes,Fiber optic,Yes,No,No,Yes,Yes,Yes,Month-to-month,No,Bank transfer,120.0,333.84,4,126.4,Yes
TC_3232,Female,32,0,No,No,3,Yes,Yes,DSL,Yes,No,No,No,Yes,No,Month-to-month,No,Mailed check,76.59,226.51,8,89.7,Yes
TC_3233,Male,52,0,No,No,60,Yes,No,DSL,No,No,No,No,No,Yes,Month-to-month,Yes,Electronic check,70.23,4505.91,0,149.7,No
TC_3234,Female,38,0,Yes,No,9,Yes,No,DSL,No,Yes,Yes,No,Yes,Yes,One year,Yes,Bank transfer,104.19,955.16,4,76.2,No
TC_3235,Female,39,0,No,Yes,45,Yes,Yes,DSL,Yes,Yes,No,No,Yes,Yes,Month-to-month,No,Mailed check,102.69,5016.97,5,51.3,No
TC_3236,Female,42,0,Yes,Yes,54,Yes,No,Fiber optic,Yes,No,No,No,No,No,Two year,Yes,Mailed check,82.43,4033.78,1,372.7,No
TC_3237,Female,57,0,Yes,No,42,Yes,No,Fiber optic,Yes,Yes,No,No,No,No,Month-to-month,Yes,Credit card,88.18,,12,166.0,No
TC_3238,Female,45,0,Yes,No,11,Yes,Yes,Fiber optic,Yes,No,Yes,No,No,No,One year,No,Credit card,98.24,1000.95,4,263.5,No
TC_3239,Female,75,1,Yes,Yes,7,Yes,Yes,DSL,Yes,Yes,No,No,No,No,One year,No,Electronic check,87.78,585.6,1,37.9,Yes
TC_3240,Male,65,1,Yes,No,4,No,No phone service,No,No internet service,No internet service,No internet service,No internet service,No internet service,No internet service,Month-to-month,Yes,Electronic check,18.03,74.79,0,0.0,No
TC_3241,Female,45,0,Yes,No,40,Yes,No,Fiber optic,Yes,No,No,No,Yes,Yes,Month-to-month,Yes,Bank transfer,102.06,4259.59,8,226.1,Yes
TC_3242,Female,54,0,Yes,Yes,59,Yes,No,Fiber optic,Yes,No,No,No,No,No,Two year,Yes,Bank transfer,81.02,4763.41,2,52.8,No
TC_3243,Male,44,0,Yes,No,7,Yes,Yes,DSL,No,Yes,No,No,Yes,No,Month-to-month,Yes,Electronic check,76.43,525.65,0,78.3,No
TC_3244,Male,35,0,No,No,8,Yes,No,Fiber optic,Yes,Yes,No,No,Yes,Yes,One year,Yes,Electronic check,120.0,965.18,8,300.8,Yes
TC_3245,Female,35,0,Yes,Yes,2,Yes,No,Fiber optic,No,No,No,No,Yes,Yes,Two year,Yes,Mailed check,98.5,177.86,2,209.0,No
TC_3246,Female,71,1,Yes,No,60,Yes,No,Fiber optic,Yes,Yes,No,Yes,No,No,Month-to-month,No,Credit card,106.14,5927.47,6,105.9,No
TC_3247,Male,44,0,No,No,4,Yes,No,Fiber optic,Yes,No,No,No,Yes,No,Month-to-month,No,Bank transfer,100.98,371.12,3,206.8,No
TC_3248,Female,29,0,No,No,20,Yes,No,Fiber optic,No,Yes,Yes,Yes,Yes,No,Month-to-month,Yes,Bank transfer,113.88,2142.07,15,336.7,Yes
TC_3249,Male,35,0,No,No,66,Yes,Yes,No,No internet service,No internet service,No internet service,No internet service,No internet service,No internet service,Month-to-month,Yes,Mailed check,20.0,1423.62,14,0.0,Yes
TC_3250,Male,43,0,Yes,Yes,47,Yes,Yes,Fiber optic,Yes,No,No,Yes,No,Yes,Month-to-month,No,Credit card,112.73,,4,183.0,No
TC_3251,Male,50,0,Yes,Yes,60,Yes,No,No,No internet service,No internet service,No internet service,No internet service,No internet service,No internet service,Two year,Yes,Bank transfer,20.0,1100.66,0,0.0,No
TC_3252,Male,25,0,No,No,32,Yes,No,No,No internet service,No internet service,No internet service,No internet service,No internet service,No internet service,Month-to-month,Yes,Bank transfer,20.0,613.22,1,0.0,No
TC_3253,Female,50,0,Yes,Yes,5,Yes,Yes,DSL,No,No,Yes,No,No,Yes,Month-to-month,No,Mailed check,78.44,404.38,1,49.9,No
TC_3254,Female,31,0,No,No,7,No,No phone service,Fiber optic,No,No,No,No,Yes,Yes,One year,Yes,Bank transfer,69.22,,3,89.9,No
TC_3255,Female,32,0,Yes,No,4,Yes,Yes,Fiber optic,No,No,Yes,Yes,Yes,Yes,Month-to-month,Yes,Credit card,115.11,501.2,12,237.0,No
TC_3256,Male,49,0,Yes,No,67,Yes,No,DSL,No,No,Yes,No,Yes,Yes,Month-to-month,Yes,Credit card,80.74,5528.08,7,13.8,No
TC_3257,Female,26,0,No,No,2,Yes,Yes,No,No internet service,No internet service,No internet service,No internet service,No internet service,No internet service,Month-to-month,Yes,Electronic check,20.0,36.43,0,0.0,No
TC_3258,Male,43,0,No,No,15,Yes,No,DSL,Yes,Yes,No,No,No,No,One year,Yes,Bank transfer,86.54,1396.97,6,136.0,Yes
TC_3259,Male,53,0,No,No,62,Yes,Yes,DSL,No,No,Yes,No,No,Yes,One year,No,Bank transfer,76.91,4883.43,2,106.1,No
TC_3260,Male,71,1,Yes,No,47,Yes,No,No,No internet service,No internet service,No internet service,No internet service,No internet service,No internet service,Month-to-month,Yes,Credit card,20.0,858.79,4,0.0,Yes
TC_3261,Male,41,0,No,No,7,No,No phone service,Fiber optic,No,No,Yes,No,Yes,Yes,Month-to-month,Yes,Electronic check,80.38,534.76,2,318.1,Yes
TC_3262,Female,57,0,No,Yes,54,Yes,Yes,Fiber optic,No,No,No,Yes,Yes,No,Two year,Yes,Bank transfer,93.82,5045.27,2,412.6,No
TC_3263,Female,58,0,No,No,2,Yes,Yes,Fiber optic,No,Yes,No,No,No,Yes,Month-to-month,Yes,Bank transfer,97.93,186.08,2,181.4,Yes
TC_3264,Male,49,0,Yes,No,68,Yes,No,Fiber optic,No,No,Yes,No,Yes,Yes,Month-to-month,No,Electronic check,95.34,,6,78.3,No
TC_3265,Female,50,0,Yes,No,9,Yes,Yes,No,No internet service,No internet service,No internet service,No internet service,No internet service,No internet service,Month-to-month,No,Mailed check,20.0,187.77,1,0.0,Yes
TC_3266,Male,32,0,No,No,8,Yes,No,DSL,Yes,No,No,No,No,Yes,One year,Yes,Bank transfer,90.71,692.16,0,96.4,No
TC_3267,Male,45,0,Yes,No,37,Yes,No,Fiber optic,No,Yes,No,No,Yes,No,One year,No,Mailed check,86.61,3266.22,6,292.1,No
TC_3268,Male,21,0,No,No,54,Yes,No,Fiber optic,No,No,Yes,No,Yes,No,Month-to-month,Yes,Electronic check,87.84,5166.23,1,408.0,No
TC_3269,Female,26,0,No,No,62,No,No phone service,Fiber optic,Yes,No,Yes,No,No,No,Two year,Yes,Bank transfer,82.23,4914.76,1,181.5,No
TC_3270,Female,42,0,No,No,30,Yes,No,DSL,Yes,Yes,Yes,Yes,No,Yes,Two year,Yes,Credit card,110.24,3154.68,0,77.2,No
TC_3271,Female,50,0,No,No,3,Yes,Yes,Fiber optic,Yes,Yes,No,Yes,Yes,Yes,Month-to-month,No,Electronic check,120.0,328.63,,199.4,Yes
TC_3272,Male,60,0,Yes,Yes,54,Yes,No,Fiber optic,No,Yes,No,Yes,No,No,One year,No,Mailed check,85.32,4195.79,1,441.1,No
TC_3273,Female,54,0,No,No,23,Yes,No,No,No internet service,No internet service,No internet service,No internet service,No internet service,No internet service,Month-to-month,No,Bank transfer,20.0,454.17,0,0.0,No
TC_3274,Male,48,0,Yes,No,36,Yes,No,No,No internet service,No internet service,No internet service,No internet service,No internet service,No internet service,Month-to-month,Yes,Mailed check,20.0,712.96,6,0.0,Yes
TC_3275,Male,37,0,Yes,Yes,2,Yes,No,No,No internet service,No internet service,No internet service,No internet service,No internet service,No internet service,One year,Yes,Credit card,20.0,36.36,0,0.0,No
TC_3276,Male,33,0,Yes,No,26,Yes,No,DSL,No,Yes,Yes,No,Yes,No,One year,No,Bank transfer,96.59,2348.84,12,53.6,No
TC_3277,Female,29,0,No,No,53,Yes,No,Fiber optic,No,No,No,No,No,No,Two year,No,Electronic check,71.47,4089.35,3,229.1,No
TC_3278,Male,50,0,No,No,22,Yes,No,DSL,Yes,No,No,No,No,Yes,Month-to-month,No,Bank transfer,82.53,1689.16,0,51.3,Yes
TC_3279,Male,37,0,No,No,44,Yes,No,DSL,No,No,No,No,No,Yes,Two year,Yes,Credit card,77.6,3134.64,3,111.2,No
TC_3280,Female,51,0,Yes,No,,Yes,No,No,No internet service,No internet service,No internet service,No internet service,No internet service,No internet service,One year,No,Mailed check,20.0,1178.76,4,0.0,No
TC_3281,Male,45,0,Yes,No,56,Yes,No,Fiber optic,Yes,No,Yes,No,No,No,Month-to-month,Yes,Mailed check,84.48,4908.49,2,306.0,No
TC_3282,Female,59,0,Yes,No,14,Yes,Yes,DSL,No,No,No,No,No,No,Two year,Yes,Bank transfer,67.7,897.81,0,185.8,No
TC_3283,Female,48,0,Yes,No,40,Yes,Yes,No,No internet service,No internet service,No internet service,No internet service,No internet service,No internet service,Month-to-month,Yes,Electronic check,20.0,807.13,15,0.0,No
TC_3284,Female,44,0,Yes,No,55,No,No phone service,DSL,No,Yes,No,No,Yes,Yes,One year,No,Bank transfer,55.85,3218.45,0,102.9,No
TC_3285,Female,47,0,No,No,46,Yes,No,Fiber optic,No,No,No,Yes,No,Yes,One year,No,Bank transfer,96.73,4616.93,6,175.8,Yes
TC_3286,Male,40,0,No,No,2,Yes,Yes,Fiber optic,No,Yes,No,No,No,Yes,Month-to-month,No,Electronic check,99.92,219.57,2,299.7,Yes
TC_3287,Male,50,0,No,No,3,Yes,No,Fiber optic,No,No,Yes,No,No,No,Month-to-month,No,Credit card,,257.87,4,154.8,Yes
TC_3288,Male,37,0,No,No,7,Yes,Yes,DSL,No,No,No,No,No,Yes,One year,Yes,Electronic check,68.78,433.98,3,81.8,No
TC_3289,Male,69,1,Yes,No,3,Yes,Yes,No,No internet service,No internet service,No internet service,No internet service,No internet service,No internet service,Month-to-month,No,Electronic check,20.0,58.44,1,0.0,Yes
TC_3290,Male,32,0,No,No,2,Yes,Yes,Fiber optic,Yes,No,No,No,Yes,No,Month-to-month,Yes,Electronic check,101.83,190.59,0,308.9,No
TC_3291,Male,48,0,Yes,No,59,Yes,No,No,No internet service,No internet service,No internet service,No internet service,No internet service,No internet service,One year,No,Credit card,20.0,1153.82,1,0.0,No
TC_3292,Male,39,0,No,No,10,Yes,No,DSL,Yes,No,No,No,No,No,Two year,Yes,Credit card,69.33,643.63,2,96.5,No
TC_3293,Female,37,0,No,No,47,Yes,Yes,DSL,No,Yes,No,No,No,No,Two year,No,Credit card,73.27,3180.69,5,58.3,No
TC_3294,Female,42,0,Yes,No,7,Yes,Yes,DSL,No,Yes,No,No,No,No,Month-to-month,No,Mailed check,66.13,488.7,9,171.1,Yes
TC_3295,Male,37,0,No,No,4,Yes,Yes,Fiber optic,No,No,No,Yes,No,Yes,Month-to-month,Yes,Credit card,100.64,427.91,4,165.4,No
TC_3296,Female,36,0,No,No,55,Yes,Yes,Fiber optic,No,No,Yes,No,Yes,Yes,Month-to-month,Yes,Bank transfer,113.45,5784.64,8,331.7,Yes
TC_3297,Male,39,0,Yes,No,46,Yes,Yes,Fiber optic,Yes,Yes,Yes,Yes,No,No,Month-to-month,No,Electronic check,116.96,5505.0,2,255.7,No
TC_3298,Male,58,0,Yes,Yes,49,Yes,No,Fiber optic,No,No,No,Yes,No,No,Two year,No,Mailed check,93.28,4237.3,2,167.8,No
TC_3299,Male,71,1,Yes,No,8,Yes,Yes,DSL,No,No,No,No,Yes,No,Month-to-month,No,Bank transfer,71.72,552.37,4,92.7,Yes
TC_3300,Male,42,0,Yes,No,15,Yes,No,No,No internet service,No internet service,No internet service,No internet service,No internet service,No internet service,Two year,No,Credit card,20.0,309.95,5,0.0,No
TC_3301,Female,40,0,Yes,No,48,Yes,Yes,Fiber optic,No,No,No,No,Yes,No,Two year,No,Credit card,85.12,3823.29,6,157.5,No
TC_3302,Male,36,0,Yes,No,,No,No phone service,No,No internet service,No internet service,No internet service,No internet service,No internet service,No internet service,Month-to-month,Yes,Bank transfer,19.87,95.66,5,0.0,Yes
TC_3303,Male,40,0,Yes,Yes,21,Yes,No,Fiber optic,Yes,No,Yes,No,Yes,Yes,Two year,Yes,Bank transfer,120.0,2462.84,6,45.0,No
TC_3304,Female,77,1,Yes,No,50,Yes,No,Fiber optic,No,Yes,Yes,No,Yes,No,Two year,Yes,Bank transfer,118.4,6079.21,6,240.2,No
TC_3305,Male,51,0,No,No,52,Yes,No,DSL,No,Yes,No,Yes,No,No,Two year,No,Mailed check,74.67,3899.19,10,60.0,No
TC_3306,Female,49,0,No,No,3,Yes,No,Fiber optic,No,Yes,Yes,No,No,Yes,One year,No,Mailed check,92.86,298.76,5,441.1,No
TC_3307,Male,34,0,No,Yes,8,Yes,No,No,No internet service,No internet service,No internet service,No internet service,No internet service,No internet service,One year,Yes,Electronic check,20.0,,3,0.0,No
TC_3308,Male,68,1,No,No,26,Yes,Yes,DSL,No,No,No,No,No,Yes,One year,No,Electronic check,70.74,1807.25,3,50.6,No
TC_3309,Female,43,0,No,Yes,3,Yes,Yes,Fiber optic,No,No,No,Yes,Yes,Yes,Month-to-month,No,Electronic check,109.25,345.06,6,189.2,Yes
TC_3310,Male,64,0,Yes,No,0,Yes,Yes,Fiber optic,No,Yes,No,Yes,No,Yes,One year,Yes,Mailed check,120.0,,2,272.7,No
TC_3311,Male,69,1,Yes,No,15,No,No phone service,No,No internet service,No internet service,No internet service,No internet service,No internet service,No internet service,Two year,No,Mailed check,18.05,271.96,12,0.0,No
TC_3312,Female,23,0,Yes,Yes,33,Yes,Yes,DSL,Yes,No,Yes,No,No,No,One year,Yes,Credit card,86.14,3116.0,6,50.3,No
TC_3313,Female,28,0,Yes,No,37,Yes,No,Fiber optic,Yes,No,No,No,Yes,No,Month-to-month,Yes,Mailed check,85.37,2889.51,3,69.3,No
TC_3314,Male,36,0,No,No,57,Yes,No,Fiber optic,No,No,No,No,No,Yes,One year,Yes,Electronic check,72.4,4090.69,2,185.9,No
TC_3315,Female,43,0,No,No,65,Yes,No,Fiber optic,No,No,No,No,Yes,No,Month-to-month,No,Credit card,90.41,6373.97,5,119.7,No
TC_3316,Male,53,0,Yes,No,31,No,No phone service,Fiber optic,No,No,No,Yes,Yes,No,One year,No,Mailed check,79.62,2514.62,2,258.2,No
TC_3317,Male,68,1,Yes,Yes,35,Yes,No,Fiber optic,Yes,Yes,Yes,No,No,Yes,One year,No,Electronic check,120.0,3900.28,9,315.6,No
TC_3318,Female,29,0,No,No,3,Yes,No,Fiber optic,Yes,No,Yes,Yes,Yes,Yes,Month-to-month,Yes,Mailed check,120.0,393.47,1,130.2,Yes
TC_3319,Female,52,0,No,No,4,Yes,Yes,Fiber optic,Yes,No,No,No,No,Yes,Month-to-month,Yes,Electronic check,97.18,426.81,5,220.1,Yes
TC_3320,Female,44,0,Yes,No,60,Yes,No,DSL,No,No,Yes,No,Yes,No,Two year,No,Bank transfer,75.57,4519.56,6,69.7,No
TC_3321,Male,48,0,Yes,No,5,Yes,No,No,No internet service,No internet service,No internet service,No internet service,No internet service,No internet service,Month-to-month,Yes,Mailed check,20.0,98.89,3,0.0,No
TC_3322,Male,65,1,Yes,No,40,Yes,No,No,No internet service,No internet service,No internet service,No internet service,No internet service,No internet service,Two year,No,Mailed check,20.0,769.4,0,0.0,No
TC_3323,Female,30,0,No,No,48,Yes,Yes,No,No internet service,No internet service,No internet service,No internet service,No internet service,No internet service,One year,Yes,Bank transfer,20.0,915.08,2,0.0,No
TC_3324,Female,25,0,No,Yes,48,Yes,No,No,No internet service,No internet service,No internet service,No internet service,No internet service,No internet service,One year,No,Mailed check,20.0,961.57,14,0.0,No
TC_3325,Female,43,0,Yes,No,15,Yes,Yes,No,No internet service,No internet service,No internet service,No internet service,No internet service,No internet service,One year,No,Mailed check,20.0,291.63,2,0.0,No
TC_3326,Female,30,0,Yes,No,9,Yes,No,Fiber optic,Yes,No,No,No,Yes,No,One year,Yes,Credit card,105.02,951.37,4,170.6,No
TC_3327,Female,40,0,Yes,No,8,Yes,No,Fiber optic,Yes,No,No,Yes,No,Yes,Two year,Yes,Credit card,114.75,1007.24,5,32.8,No
TC_3328,Male,61,0,No,No,3,Yes,No,No,No internet service,No internet service,No internet service,No internet service,No internet service,No internet service,Month-to-month,No,Electronic check,20.0,55.9,12,0.0,No
TC_3329,Female,30,0,Yes,No,36,Yes,Yes,DSL,No,No,No,No,Yes,No,One year,No,Bank transfer,60.89,2205.83,0,14.9,No
TC_3330,Female,52,0,Yes,Yes,58,Yes,No,No,No internet service,No internet service,No internet service,No internet service,No internet service,No internet service,Month-to-month,Yes,Electronic check,20.0,1146.49,1,0.0,No
TC_3331,Male,26,0,No,Yes,59,Yes,No,Fiber optic,No,No,No,Yes,Yes,Yes,One year,Yes,Credit card,94.71,6063.98,2,172.1,No
TC_3332,Female,53,0,No,No,58,No,No phone service,DSL,No,Yes,Yes,No,No,Yes,One year,Yes,Mailed check,50.06,2845.17,2,56.5,No
TC_3333,Male,55,0,Yes,Yes,6,Yes,No,No,No internet service,No internet service,No internet service,No internet service,No internet service,No internet service,Month-to-month,Yes,Mailed check,20.0,129.08,0,0.0,No
TC_3334,Male,26,0,Yes,No,54,No,No phone service,Fiber optic,Yes,Yes,Yes,Yes,No,No,Month-to-month,Yes,Electronic check,85.09,5009.06,5,163.7,Yes
TC_3335,Female,40,0,Yes,No,6,Yes,No,DSL,No,No,No,No,No,Yes,Month-to-month,Yes,Mailed check,,,0,112.1,No
TC_3336,Female,36,0,No,Yes,66,Yes,Yes,No,No internet service,No internet service,No internet service,No internet service,No internet service,No internet service,One year,Yes,Bank transfer,20.0,1360.22,1,0.0,No
TC_3337,Male,46,0,No,Yes,1,Yes,Yes,DSL,No,No,No,Yes,No,No,Month-to-month,Yes,Mailed check,64.41,58.59,1,16.8,Yes
TC_3338,Female,49,0,No,No,70,No,No phone service,Fiber optic,No,No,No,Yes,Yes,Yes,Month-to-month,No,Electronic check,79.96,5042.59,0,295.4,No
TC_3339,Female,31,0,No,No,49,Yes,Yes,DSL,No,No,Yes,No,No,Yes,One year,No,Mailed check,89.68,4145.59,2,156.3,Yes
TC_3340,Male,44,0,Yes,No,,Yes,Yes,DSL,No,No,Yes,Yes,No,No,One year,No,Bank transfer,83.35,239.41,0,99.0,No
TC_3341,Female,35,0,No,No,1,Yes,Yes,No,No internet service,No internet service,No internet service,No internet service,No internet service,No internet service,Month-to-month,Yes,Mailed check,20.0,20.6,2,0.0,No
TC_3342,Female,69,1,Yes,Yes,4,Yes,No,No,No internet service,No internet service,No internet service,No internet service,No internet service,No internet service,Month-to-month,Yes,Electronic check,20.0,85.53,2,0.0,Yes
TC_3343,Female,38,0,No,No,,No,No phone service,Fiber optic,No,No,No,No,Yes,Yes,Month-to-month,No,Credit card,74.62,135.99,9,439.0,Yes
TC_3344,Male,68,1,Yes,No,13,Yes,No,Fiber optic,No,No,Yes,Yes,No,Yes,One year,No,Credit card,92.68,1252.65,6,35.9,No
TC_3345,Female,61,0,No,No,37,Yes,No,Fiber optic,Yes,No,No,No,No,Yes,Two year,No,Credit card,100.54,3349.74,8,450.1,No
TC_3346,Female,48,0,Yes,No,,Yes,No,No,No internet service,No internet service,No internet service,No internet service,No internet service,No internet service,Month-to-month,No,Mailed check,20.0,789.93,11,0.0,Yes
TC_3347,Male,44,0,Yes,No,59,Yes,Yes,Fiber optic,No,No,Yes,Yes,Yes,Yes,Two year,No,Bank transfer,114.48,6800.79,2,392.1,No
TC_3348,Male,55,0,No,No,64,Yes,No,DSL,No,Yes,No,Yes,Yes,No,Month-to-month,Yes,Electronic check,88.34,5462.6,0,92.1,Yes
TC_3349,Female,35,0,Yes,Yes,9,Yes,No,Fiber optic,No,No,Yes,No,Yes,Yes,Month-to-month,No,Electronic check,104.1,1030.44,0,89.0,No
TC_3350,Female,28,0,No,No,48,No,No phone service,Fiber optic,Yes,Yes,No,No,Yes,No,One year,No,Electronic check,102.13,5197.25,8,53.9,Yes
TC_3351,Male,31,0,No,No,51,Yes,No,DSL,No,Yes,No,No,Yes,Yes,One year,Yes,Electronic check,76.25,3946.08,2,32.5,No
TC_3352,Female,33,0,Yes,No,28,Yes,No,DSL,Yes,No,No,Yes,No,Yes,Two year,No,Credit card,87.69,2402.62,3,130.0,No
TC_3353,Female,37,0,No,No,67,Yes,No,DSL,No,No,Yes,No,No,Yes,Two year,Yes,Credit card,84.17,5545.38,0,84.8,No
TC_3354,Female,39,0,No,No,15,Yes,No,Fiber optic,No,Yes,No,No,Yes,Yes,One year,Yes,Mailed check,104.96,1481.71,9,212.5,No
TC_3355,Female,58,0,No,No,57,Yes,Yes,Fiber optic,Yes,Yes,Yes,No,Yes,Yes,Month-to-month,Yes,Electronic check,117.38,6063.59,1,241.8,Yes
TC_3356,Female,46,0,Yes,No,7,Yes,No,Fiber optic,No,Yes,Yes,Yes,Yes,No,One year,Yes,Electronic check,120.0,922.55,0,397.6,Yes
TC_3357,Male,29,0,No,No,,Yes,No,DSL,No,Yes,No,No,Yes,No,One year,Yes,Credit card,74.91,352.38,1,77.6,No
TC_3358,Male,38,0,Yes,No,2,Yes,No,Fiber optic,Yes,No,No,Yes,No,No,One year,Yes,Credit card,109.4,201.02,7,149.8,No
TC_3359,Female,56,0,Yes,Yes,7,No,No phone service,Fiber optic,No,Yes,No,Yes,Yes,No,Month-to-month,No,Electronic check,79.98,561.17,12,108.1,Yes
TC_3360,Male,72,1,Yes,No,64,Yes,No,Fiber optic,No,No,No,Yes,No,No,Two year,No,Credit card,74.52,5000.03,11,92.4,No
TC_3361,Female,43,0,Yes,No,56,Yes,No,Fiber optic,Yes,Yes,Yes,No,Yes,No,Month-to-month,No,Electronic check,120.0,6769.3,3,80.5,Yes
TC_3362,Female,47,0,Yes,Yes,70,Yes,No,DSL,No,No,No,No,No,Yes,One year,Yes,Electronic check,68.94,5143.08,1,118.7,No
TC_3363,Female,50,0,Yes,Yes,22,Yes,Yes,DSL,Yes,Yes,Yes,Yes,Yes,No,Month-to-month,Yes,Electronic check,113.24,2566.68,1,71.7,No
TC_3364,Female,38,0,Yes,Yes,7,Yes,No,DSL,Yes,No,Yes,No,No,No,One year,Yes,Credit card,69.61,526.95,1,165.4,No
TC_3365,Female,50,0,No,Yes,50,Yes,Yes,DSL,No,No,No,Yes,No,No,One year,No,Electronic check,55.4,2771.61,0,33.0,No
TC_3366,Female,61,0,No,No,6,Yes,Yes,No,No internet service,No internet service,No internet service,No internet service,No internet service,No internet service,Month-to-month,No,Electronic check,20.0,130.14,15,0.0,Yes
TC_3367,Female,53,0,No,No,6,Yes,Yes,No,No internet service,No internet service,No internet service,No internet service,No internet service,No internet service,Month-to-month,No,Bank transfer,20.0,,1,0.0,No
TC_3368,Male,41,0,Yes,Yes,4,No,No phone service,No,No internet service,No internet service,No internet service,No internet service,No internet service,No internet service,Month-to-month,No,Electronic check,19.78,86.34,0,0.0,Yes
TC_3369,Female,53,0,No,No,0,Yes,No,DSL,Yes,Yes,Yes,Yes,No,Yes,Two year,Yes,Credit card,119.44,,1,19.1,No
TC_3370,Male,41,0,No,No,23,Yes,Yes,DSL,Yes,No,No,No,No,Yes,One year,Yes,Credit card,77.49,1697.18,12,114.3,No
TC_3371,Female,41,0,Yes,No,38,Yes,No,DSL,No,No,No,No,Yes,No,One year,No,Electronic check,59.24,,1,72.5,Yes
TC_3372,Male,45,0,Yes,No,0,Yes,No,Fiber optic,Yes,No,No,No,Yes,Yes,Month-to-month,Yes,Bank transfer,,,3,179.5,Yes
TC_3373,Male,68,1,Yes,No,33,Yes,No,Fiber optic,No,No,No,Yes,No,No,One year,Yes,Mailed check,93.59,3380.96,5,292.9,No
TC_3374,Female,55,0,Yes,Yes,34,Yes,Yes,No,No internet service,No internet service,No internet service,No internet service,No internet service,No internet service,One year,Yes,Bank transfer,20.0,674.54,1,0.0,Yes
TC_3375,Female,43,0,No,No,66,Yes,No,DSL,No,Yes,No,No,No,Yes,Two year,Yes,Credit card,74.19,5036.11,2,65.6,No
TC_3376,Male,34,0,No,No,16,Yes,No,DSL,No,Yes,No,No,No,No,Month-to-month,Yes,Credit card,67.74,1044.93,9,39.1,Yes
TC_3377,Female,37,0,No,No,4,Yes,No,DSL,No,No,No,No,No,No,Month-to-month,Yes,Bank transfer,66.02,286.6,5,98.5,No
TC_3378,Male,25,0,Yes,Yes,7,Yes,Yes,DSL,No,Yes,No,No,Yes,No,Month-to-month,Yes,Bank transfer,75.9,564.42,0,91.6,No
TC_3379,Male,60,0,Yes,No,5,No,No phone service,No,No internet service,No internet service,No internet service,No internet service,No internet service,No internet service,Month-to-month,Yes,Electronic check,18.1,94.6,1,0.0,Yes
TC_3380,Male,31,0,No,No,2,Yes,No,DSL,Yes,No,No,No,No,Yes,Month-to-month,Yes,Mailed check,82.69,163.1,,132.4,Yes
TC_3381,Male,36,0,Yes,No,57,Yes,Yes,DSL,No,Yes,No,No,Yes,Yes,One year,Yes,Credit card,73.34,4299.78,5,28.4,No
TC_3382,Female,48,0,Yes,Yes,66,Yes,Yes,No,No internet service,No internet service,No internet service,No internet service,No internet service,No internet service,Month-to-month,Yes,Bank transfer,20.0,1371.66,5,0.0,No
TC_3383,Male,49,0,Yes,No,19,Yes,Yes,DSL,Yes,Yes,Yes,No,No,No,One year,Yes,Electronic check,80.12,1473.93,2,83.3,No
TC_3384,Male,41,0,No,No,68,Yes,Yes,Fiber optic,No,No,Yes,Yes,Yes,No,Month-to-month,No,Credit card,113.75,7325.53,1,172.0,No
TC_3385,Male,70,1,Yes,No,54,Yes,Yes,No,No internet service,No internet service,No internet service,No internet service,No internet service,No internet service,One year,No,Credit card,20.0,1013.81,1,0.0,No
TC_3386,Male,56,0,Yes,No,57,No,No phone service,Fiber optic,No,No,No,Yes,Yes,Yes,Month-to-month,No,Electronic check,94.73,5116.56,15,92.6,No
TC_3387,Male,56,0,Yes,No,38,Yes,No,Fiber optic,No,No,No,No,Yes,Yes,Two year,No,Bank transfer,92.15,3537.76,13,120.0,No
TC_3388,Male,32,0,No,No,6,Yes,Yes,Fiber optic,No,No,Yes,Yes,Yes,No,Month-to-month,Yes,Bank transfer,118.73,671.67,12,250.3,Yes
TC_3389,Female,50,0,No,No,4,Yes,Yes,DSL,No,Yes,No,No,Yes,No,Two year,Yes,Credit card,79.12,300.22,3,58.6,No
TC_3390,Female,71,1,No,No,54,Yes,Yes,DSL,No,No,Yes,No,Yes,Yes,Two year,Yes,Mailed check,82.01,4443.42,1,84.3,No
TC_3391,Female,39,0,No,No,51,Yes,No,DSL,Yes,No,Yes,No,Yes,No,Month-to-month,No,Bank transfer,90.5,4247.2,1,43.6,No
TC_3392,Male,36,0,Yes,Yes,11,Yes,No,DSL,No,Yes,Yes,No,Yes,No,One year,Yes,Credit card,99.58,994.37,0,124.7,No
TC_3393,Male,39,0,Yes,No,2,Yes,Yes,No,No internet service,No internet service,No internet service,No internet service,No internet service,No internet service,Month-to-month,Yes,Bank transfer,20.0,43.23,0,0.0,No
TC_3394,Female,41,0,Yes,Yes,33,Yes,No,DSL,No,No,No,No,No,Yes,Two year,No,Bank transfer,,2031.06,2,113.1,No
TC_3395,Female,62,0,Yes,No,65,Yes,No,Fiber optic,No,No,No,Yes,No,Yes,Two year,Yes,Credit card,87.17,6079.24,1,200.1,No
TC_3396,Female,54,0,Yes,No,46,Yes,No,No,No internet service,No internet service,No internet service,No internet service,No internet service,No internet service,Month-to-month,No,Credit card,20.0,867.33,4,0.0,Yes
TC_3397,Male,35,0,No,Yes,44,Yes,No,DSL,No,No,Yes,No,Yes,Yes,Two year,No,Credit card,83.11,3845.85,2,141.3,No
TC_3398,Male,61,0,Yes,No,41,No,No phone service,No,No internet service,No internet service,No internet service,No internet service,No internet service,No internet service,Month-to-month,No,Credit card,22.2,957.83,2,0.0,No
TC_3399,Male,61,0,Yes,Yes,9,Yes,No,Fiber optic,No,No,No,Yes,Yes,No,One year,No,Credit card,84.23,682.43,5,241.2,No
TC_3400,Female,25,0,Yes,No,,Yes,No,Fiber optic,Yes,No,Yes,No internet service,No,No,Two year,Yes,Credit card,94.57,4879.31,6,262.5,No
TC_3401,Female,69,1,Yes,No,35,Yes,No,DSL,No,Yes,No,No,No,No,Month-to-month,No,Credit card,75.84,2695.14,2,159.6,No
TC_3402,Female,31,0,Yes,No,58,Yes,Yes,DSL,No,No,Yes,No,No,No,Month-to-month,Yes,Mailed check,80.52,4742.81,3,87.7,No
TC_3403,Male,44,0,Yes,No,24,Yes,Yes,DSL,No,Yes,No,Yes,Yes,Yes,One year,Yes,Bank transfer,100.42,2394.3,10,81.2,No
TC_3404,Male,50,0,No,Yes,6,Yes,Yes,DSL,Yes,No,No,Yes,No,Yes,Month-to-month,Yes,Mailed check,82.86,478.18,1,107.2,No
TC_3405,Female,31,0,Yes,No,14,No,No phone service,Fiber optic,No,No,Yes,Yes,No,Yes,Two year,No,Mailed check,89.33,1346.11,7,342.2,No
TC_3406,Male,24,0,Yes,No,53,Yes,Yes,DSL,Yes,No,No,No,Yes,No,Month-to-month,No,Bank transfer,71.3,3503.21,10,109.0,Yes
TC_3407,Female,42,0,No,No,13,No,No phone service,DSL,No,No,Yes,No,Yes,No,One year,Yes,Electronic check,70.07,995.09,5,43.3,No
TC_3408,Male,37,0,Yes,No,57,Yes,No,No,No internet service,No internet service,No internet service,No internet service,No internet service,No internet service,Month-to-month,Yes,Bank transfer,20.0,1067.24,5,0.0,No
TC_3409,Male,49,0,Yes,Yes,6,Yes,No,DSL,No,No,Yes,No,Yes,Yes,Month-to-month,Yes,Bank transfer,95.94,610.62,0,60.5,Yes
TC_3410,Male,51,0,No,No,4,Yes,Yes,DSL,Yes,Yes,Yes,Yes,Yes,No,Month-to-month,Yes,Bank transfer,117.02,471.21,2,38.0,No
TC_3411,Male,38,0,No,No,2,Yes,Yes,DSL,No,No,No,No,Yes,Yes,Month-to-month,Yes,Mailed check,74.8,149.61,5,147.9,Yes
TC_3412,Male,45,0,No,No,29,Yes,Yes,Fiber optic,No,Yes,No,Yes,No,Yes,One year,Yes,Electronic check,,3539.0,4,150.0,No
TC_3413,Male,38,0,Yes,No,58,Yes,Yes,Fiber optic,Yes,No,Yes,No,No,No,One year,No,Mailed check,,5980.35,3,377.8,No
TC_3414,Female,24,0,No,No,2,Yes,Yes,Fiber optic,Yes,No,No,No,No,No,Month-to-month,No,Bank transfer,77.26,163.52,2,136.9,Yes
TC_3415,Female,60,0,Yes,No,17,Yes,Yes,DSL,No,No,No,No,No,Yes,Two year,Yes,Mailed check,76.4,1405.03,4,11.8,No
TC_3416,Female,38,0,Yes,No,0,No,No phone service,Fiber optic,No,No,Yes,Yes,Yes,No,Month-to-month,Yes,Electronic check,95.11,,1,212.5,No
TC_3417,Male,47,0,No,Yes,29,Yes,No,DSL,No,No,No,Yes,Yes,Yes,One year,No,Bank transfer,90.27,2640.17,0,97.3,No
TC_3418,Male,32,0,No,No,48,No,No phone service,DSL,No,No,No,Yes,Yes,Yes,One year,Yes,Bank transfer,62.54,3008.89,8,145.8,No
TC_3419,Male,59,0,Yes,No,43,Yes,Yes,Fiber optic,No,Yes,No,Yes,No,No,Month-to-month,No,Mailed check,,4654.52,0,145.4,No
TC_3420,Male,57,0,No,No,67,Yes,No,Fiber optic,No,No,Yes,Yes,No,Yes,Two year,Yes,Bank transfer,105.64,7479.76,2,368.7,No
TC_3421,Male,40,0,No,No,64,Yes,Yes,No,No internet service,No internet service,No internet service,No internet service,No internet service,No internet service,Two year,Yes,Bank transfer,20.0,1276.62,3,0.0,No
TC_3422,Male,48,0,Yes,Yes,35,Yes,No,Fiber optic,No,Yes,Yes,No,No,Yes,Two year,No,Mailed check,94.37,3013.99,,66.5,No
TC_3423,Female,45,0,Yes,No,36,Yes,Yes,No,No internet service,No internet service,No internet service,No internet service,No internet service,No internet service,One year,Yes,Bank transfer,20.0,708.9,5,0.0,Yes
TC_3424,Male,77,1,Yes,No,4,Yes,Yes,DSL,No,No,Yes,No,No,No,Month-to-month,No,Electronic check,57.55,252.89,1,110.6,Yes
TC_3425,Female,54,0,Yes,No,41,Yes,Yes,DSL,Yes,Yes,Yes,Yes,Yes,No,Two year,No,Mailed check,104.73,4213.98,10,53.0,No
TC_3426,Female,53,0,Yes,No,,Yes,No,Fiber optic,No,Yes,No,Yes,Yes,Yes,Two year,Yes,Credit card,120.0,2898.77,5,143.2,No
TC_3427,Male,33,0,Yes,Yes,27,Yes,Yes,No,No internet service,No internet service,No internet service,No internet service,No internet service,No internet service,Month-to-month,No,Bank transfer,20.0,537.22,0,0.0,No
TC_3428,Male,46,0,No,No,39,Yes,No,DSL,Yes,No,No,Yes,Yes,No,One year,No,Credit card,84.48,3205.72,1,93.6,No
TC_3429,Male,30,0,Yes,No,53,Yes,No,Fiber optic,Yes,No,No,Yes,Yes,Yes,One year,Yes,Credit card,120.0,5906.91,1,238.8,No
TC_3430,Male,30,0,No,No,33,Yes,No,DSL,Yes,No,No,No,Yes,No,Month-to-month,Yes,Mailed check,75.81,2375.66,5,106.4,Yes
TC_3431,Female,48,0,Yes,No,58,Yes,Yes,Fiber optic,Yes,Yes,Yes,No,No,No,Two year,No,Electronic check,96.31,5348.87,8,250.7,No
TC_3432,Male,28,0,Yes,No,64,No,No phone service,Fiber optic,No,No,Yes,Yes,Yes,Yes,One year,Yes,Credit card,109.38,7421.55,12,430.5,No
TC_3433,Male,36,0,Yes,No,9,Yes,No,Fiber optic,Yes,No,No,No,Yes,No,One year,Yes,Mailed check,92.52,830.89,4,143.1,No
TC_3434,Female,61,0,No,No,7,Yes,No,DSL,No,No,Yes,No,Yes,No,Month-to-month,No,Credit card,82.57,618.18,9,179.7,Yes
TC_3435,Female,39,0,No,No,26,Yes,No,Fiber optic,No,No,Yes,Yes,Yes,No,One year,Yes,Bank transfer,102.0,2513.04,1,316.7,Yes
TC_3436,Female,30,0,Yes,Yes,4,Yes,No,No,No internet service,No internet service,No internet service,No internet service,No internet service,No internet service,Month-to-month,Yes,Bank transfer,20.0,73.31,2,0.0,Yes
TC_3437,Male,34,0,Yes,No,51,Yes,No,No,No internet service,No internet service,No internet service,No internet service,No internet service,No internet service,Month-to-month,Yes,Credit card,20.0,947.64,7,0.0,No
TC_3438,Male,40,0,No,No,0,Yes,Yes,DSL,No,Yes,No,Yes,No,No,Month-to-month,No,Electronic check,,,3,36.4,Yes
TC_3439,Female,39,0,No,No,69,Yes,No,Fiber optic,No,No,No,No,No,No,One year,Yes,Bank transfer,72.13,5413.48,4,426.5,No
TC_3440,Female,33,0,No,No,1,Yes,No,DSL,Yes,No,No,No,No,Yes,One year,Yes,Electronic check,76.59,79.1,1,68.1,No
TC_3441,Female,47,0,Yes,Yes,3,No,No phone service,DSL,Yes,No,No,No,No,Yes,Month-to-month,No,Bank transfer,51.08,144.16,6,43.8,Yes
TC_3442,Male,51,0,No,No,,Yes,No,Fiber optic,No,No,Yes,No,No,Yes,Month-to-month,Yes,Credit card,94.9,729.17,0,226.0,Yes
TC_3443,Male,40,0,Yes,No,42,No,No phone service,DSL,No,No,No,Yes,No,Yes,One year,Yes,Electronic check,60.44,2626.0,3,151.1,Yes
TC_3444,Male,56,0,Yes,No,58,No,No phone service,No,No internet service,No internet service,No internet service,No internet service,No internet service,No internet service,Month-to-month,No,Electronic check,19.88,1086.23,3,0.0,No
TC_3445,Female,53,0,No,No,4,Yes,No,DSL,No,No,Yes,No,No,Yes,Month-to-month,Yes,Electronic check,86.07,312.45,0,67.6,Yes
TC_3446,Female,35,0,Yes,No,3,Yes,No,Fiber optic,No,Yes,No,No,No,No,Month-to-month,Yes,Mailed check,89.82,278.58,4,298.1,Yes
TC_3447,Female,27,0,Yes,No,53,Yes,Yes,Fiber optic,No,No,Yes,No,No,Yes,Two year,Yes,Credit card,88.36,4879.59,0,369.1,No
TC_3448,Female,41,0,Yes,No,2,Yes,Yes,Fiber optic,No,Yes,No,Yes,No,Yes,Two year,Yes,Electronic check,113.88,225.49,7,209.3,No
TC_3449,Female,37,0,No,No,36,Yes,No,DSL,Yes,No,Yes,No,Yes,No,Two year,Yes,Electronic check,79.15,3124.98,12,59.0,No
TC_3450,Male,36,0,Yes,Yes,5,Yes,No,DSL,No,No,No,Yes,No,No,Month-to-month,Yes,Bank transfer,61.85,305.98,1,61.9,Yes
TC_3451,Male,44,0,No,No,53,Yes,No,No,No internet service,No internet service,No internet service,No internet service,No internet service,No internet service,Two year,Yes,Credit card,20.0,1123.3,0,0.0,No
TC_3452,Female,41,0,Yes,Yes,36,No,No phone service,Fiber optic,Yes,Yes,No,No,No,No,Two year,Yes,Bank transfer,88.4,3178.25,9,209.9,No
TC_3453,Male,38,0,Yes,No,3,No,No phone service,DSL,No,No,No,No,No,No,Month-to-month,Yes,Credit card,45.04,142.63,,104.5,Yes
TC_3454,Male,29,0,No,No,27,Yes,No,No,No internet service,No internet service,No internet service,No internet service,No internet service,No internet service,Two year,Yes,Credit card,20.0,576.39,10,0.0,Yes
TC_3455,Female,32,0,No,No,1,Yes,No,Fiber optic,No,Yes,Yes,Yes,No,Yes,Month-to-month,No,Credit card,,126.27,10,315.6,Yes
TC_3456,Female,35,0,Yes,No,58,Yes,Yes,Fiber optic,No,No,No,Yes,No,No,Two year,Yes,Credit card,98.92,5960.89,4,149.3,No
TC_3457,Male,45,0,Yes,Yes,10,Yes,Yes,Fiber optic,No,No,No,No,No,No,One year,No,Credit card,79.96,,3,230.0,Yes
TC_3458,Male,36,0,No,No,7,Yes,Yes,Fiber optic,No,No,No,Yes,Yes,Yes,Month-to-month,Yes,Electronic check,116.66,795.35,6,121.0,Yes
TC_3459,Female,37,0,No,No,2,Yes,Yes,DSL,Yes,Yes,Yes,Yes,No,No,Month-to-month,Yes,Credit card,108.64,237.87,3,79.7,No
TC_3460,Female,33,0,Yes,No,26,Yes,No,Fiber optic,Yes,No,No,Yes,No,No,Two year,Yes,Credit card,100.81,2610.1,3,114.4,No
TC_3461,Male,51,0,Yes,Yes,34,Yes,Yes,Fiber optic,Yes,Yes,Yes,Yes,Yes,No,Two year,Yes,Bank transfer,120.0,4401.18,10,199.5,No
TC_3462,Male,38,0,Yes,No,48,Yes,Yes,No,No internet service,No internet service,No internet service,No internet service,No internet service,No internet service,Two year,Yes,Credit card,20.0,952.06,0,0.0,No
TC_3463,Female,29,0,Yes,Yes,45,Yes,Yes,DSL,No,Yes,No,Yes,Yes,Yes,Two year,Yes,Credit card,108.38,,7,69.0,No
TC_3464,Female,42,0,No,No,,Yes,No,DSL,No,Yes,No,No,No,No,Month-to-month,No,Credit card,73.86,75.18,6,170.0,Yes
TC_3465,Female,37,0,No,No,62,Yes,No,Fiber optic,Yes,Yes,No,No,No,No,Two year,Yes,Electronic check,91.97,,4,270.4,No
TC_3466,Male,34,0,No,No,65,Yes,No,Fiber optic,Yes,Yes,No,Yes,No,Yes,Two year,No,Credit card,118.36,6928.27,7,282.6,No
TC_3467,Female,38,0,No,No,67,Yes,No,Fiber optic,No,No,No,No,Yes,Yes,Month-to-month,Yes,Bank transfer,,,3,447.3,No
TC_3468,Female,64,0,Yes,No,1,No,No phone service,Fiber optic,Yes,Yes,No,No,No,Yes,Month-to-month,No,Electronic check,81.84,78.54,2,152.5,Yes
TC_3469,Female,37,0,Yes,No,6,No,No phone service,DSL,No,Yes,No,No,No,Yes,Month-to-month,Yes,Electronic check,72.41,,2,53.8,No
TC_3470,Male,25,0,No,No,7,Yes,No,Fiber optic,No,No,No,No,Yes,No,One year,Yes,Mailed check,86.12,604.26,3,481.0,No
TC_3471,Male,32,0,No,No,57,No,No phone service,No,No internet service,No internet service,No internet service,No internet service,No internet service,No internet service,One year,Yes,Credit card,20.49,1110.53,0,0.0,No
TC_3472,Female,38,0,Yes,Yes,5,Yes,No,No,No internet service,No internet service,No internet service,No internet service,No internet service,No internet service,Month-to-month,Yes,Electronic check,20.0,94.94,1,0.0,Yes
TC_3473,Male,47,0,No,Yes,66,Yes,No,Fiber optic,No,Yes,No,Yes,Yes,No,One year,No,Electronic check,117.05,7754.55,14,376.4,No
TC_3474,Female,30,0,Yes,No,62,Yes,No,DSL,No,Yes,No,No,Yes,No,Two year,Yes,Credit card,74.19,4252.27,10,55.2,No
TC_3475,Male,35,0,No,No,47,Yes,Yes,No,No internet service,No internet service,No internet service,No internet service,No internet service,No internet service,Two year,No,Credit card,20.0,972.36,1,0.0,No
TC_3476,Female,44,0,Yes,No,43,Yes,No,DSL,Yes,No,No,No,No,No,One year,No,Credit card,76.81,3272.74,3,138.4,No
TC_3477,Female,66,1,No,No,39,Yes,No,DSL,No,No,Yes,Yes,Yes,No,One year,Yes,Electronic check,94.46,3667.86,6,59.2,No
TC_3478,Male,47,0,Yes,No,4,Yes,No,No,No internet service,No internet service,No internet service,No internet service,No internet service,No internet service,Month-to-month,Yes,Credit card,20.0,74.63,0,0.0,No
TC_3479,Male,58,0,Yes,Yes,69,Yes,No,Fiber optic,Yes,Yes,No,No,Yes,No,One year,Yes,Bank transfer,92.46,5977.32,,413.1,No
TC_3480,Female,39,0,No,No,55,Yes,No,No,No internet service,No internet service,No internet service,No internet service,No internet service,No internet service,Two year,No,Bank transfer,20.0,1205.09,8,0.0,No
TC_3481,Female,43,0,Yes,Yes,71,Yes,Yes,Fiber optic,Yes,Yes,No,Yes,No,No,Month-to-month,No,Electronic check,91.2,6041.78,6,371.2,Yes
TC_3482,Female,33,0,Yes,No,4,Yes,No,No,No internet service,No internet service,No internet service,No internet service,No internet service,No internet service,Month-to-month,Yes,Bank transfer,20.0,73.96,3,0.0,No
TC_3483,Male,43,0,Yes,No,4,Yes,Yes,DSL,Yes,Yes,No,No,No,Yes,Month-to-month,Yes,Mailed check,94.48,362.05,,61.2,Yes
TC_3484,Female,63,0,Yes,No,67,Yes,No,Fiber optic,No,Yes,No,Yes,No,No,One year,Yes,Credit card,109.11,7136.08,3,248.1,No
TC_3485,Female,72,1,Yes,No,1,No,No phone service,No,No internet service,No internet service,No internet service,No internet service,No internet service,No internet service,Month-to-month,No,Electronic check,19.95,19.33,5,0.0,No
TC_3486,Male,48,0,Yes,Yes,26,Yes,No,DSL,Yes,Yes,No,No,No,Yes,Two year,No,Credit card,72.34,1854.68,10,138.3,No
TC_3487,Male,38,0,No,No,4,Yes,No,DSL,No,No,No,Yes,No,Yes,Month-to-month,Yes,Bank transfer,67.12,,0,116.9,Yes
TC_3488,Female,50,0,Yes,No,3,Yes,Yes,Fiber optic,No,No,Yes,Yes,Yes,Yes,Month-to-month,No,Mailed check,,331.46,7,297.7,Yes
TC_3489,Female,62,0,Yes,No,44,Yes,No,DSL,No,No,No,No,No,No,One year,No,Mailed check,56.07,2650.3,1,90.0,No
TC_3490,Male,27,0,Yes,No,2,Yes,No,No,No internet service,No internet service,No internet service,No internet service,No internet service,No internet service,One year,Yes,Credit card,20.0,38.04,1,0.0,No
TC_3491,Male,49,0,Yes,No,,Yes,No,Fiber optic,Yes,Yes,No,Yes,No,No,One year,No,Credit card,102.78,6485.65,0,196.2,No
TC_3492,Female,38,0,No,No,8,Yes,No,DSL,Yes,No,No,No,No,Yes,One year,Yes,Electronic check,78.94,625.08,3,97.5,No
TC_3493,Female,33,0,No,No,51,Yes,No,Fiber optic,Yes,Yes,No,No,No,Yes,Month-to-month,Yes,Electronic check,111.49,5123.66,12,149.3,Yes
TC_3494,Male,60,0,Yes,Yes,0,Yes,No,No,No internet service,No internet service,No internet service,No internet service,No internet service,No internet service,Month-to-month,No,Mailed check,20.0,,2,0.0,No
TC_3495,Female,46,0,No,No,1,Yes,No,DSL,No,No,No,Yes,Yes,No,Month-to-month,Yes,Mailed check,69.44,,3,53.7,Yes
TC_3496,Male,66,1,Yes,No,4,Yes,Yes,Fiber optic,Yes,No,Yes,Yes,No,No,Month-to-month,Yes,Mailed check,86.76,322.37,7,175.2,Yes
TC_3497,Female,45,0,Yes,Yes,52,No,No phone service,DSL,Yes,No,Yes,No,No,Yes,Two year,Yes,Credit card,63.77,3350.21,2,48.1,No
TC_3498,Male,46,0,Yes,No,3,Yes,Yes,Fiber optic,Yes,Yes,Yes,No,No,Yes,One year,No,Bank transfer,111.99,311.48,8,122.2,No
TC_3499,Female,37,0,No,No,8,Yes,No,DSL,No,No,Yes,No,No,No,Month-to-month,Yes,Electronic check,65.23,552.12,0,119.9,No
TC_3500,Female,37,0,Yes,Yes,59,Yes,No,DSL,No,No,Yes,Yes,No,No,Month-to-month,No,Electronic check,79.06,4564.69,0,114.5,No
TC_3501,Female,36,0,Yes,No,28,Yes,No,Fiber optic,No,Yes,No,No,Yes,No,One year,Yes,Credit card,98.93,2907.25,15,222.6,No
TC_3502,Female,55,0,Yes,No,54,No,No phone service,Fiber optic,Yes,No,No,Yes,Yes,Yes,One year,No,Mailed check,95.41,,3,191.4,No
TC_3503,Male,41,0,No,No,17,Yes,No,DSL,No,No,Yes,No,Yes,Yes,Month-to-month,Yes,Electronic check,100.35,1652.07,1,50.1,No
TC_3504,Male,64,0,Yes,No,2,No,No phone service,Fiber optic,No,No,No,Yes,No,Yes,One year,Yes,Credit card,82.0,151.63,4,281.8,No
TC_3505,Male,58,0,Yes,No,8,Yes,Yes,Fiber optic,No,Yes,Yes,Yes,Yes,Yes,Month-to-month,Yes,Electronic check,109.37,893.95,5,159.3,Yes
TC_3506,Male,38,0,Yes,No,5,Yes,Yes,DSL,No,Yes,Yes,No,No,No,One year,Yes,Credit card,77.19,,0,76.8,No
TC_3507,Female,47,0,No,No,7,Yes,No,Fiber optic,No,No,Yes,Yes,No,No,Two year,No,Bank transfer,92.56,687.03,1,94.6,No
TC_3508,Male,39,0,Yes,No,2,Yes,Yes,Fiber optic,Yes,Yes,No,No,Yes,Yes,Month-to-month,No,Electronic check,120.0,218.9,1,137.4,No
TC_3509,Male,58,0,No,No,26,Yes,No,DSL,Yes,Yes,No,No,Yes,Yes,One year,Yes,Electronic check,94.85,2326.7,1,21.7,No
TC_3510,Male,71,1,No,No,68,Yes,Yes,Fiber optic,No,Yes,No,Yes,No,No,One year,No,Mailed check,99.88,6847.05,4,107.0,No
TC_3511,Female,54,0,No,No,44,Yes,No,DSL,No,No,Yes,No,Yes,No,Month-to-month,No,Bank transfer,78.71,3700.9,6,152.0,No
TC_3512,Female,34,0,No,No,61,Yes,No,Fiber optic,No,Yes,No,Yes,Yes,No,Two year,Yes,Bank transfer,107.98,6208.85,10,352.9,No
TC_3513,Female,68,1,No,No,30,Yes,No,Fiber optic,Yes,No,No,Yes,Yes,Yes,One year,No,Bank transfer,120.0,3649.27,5,345.3,No
TC_3514,Male,51,0,Yes,No,4,Yes,No,No,No internet service,No internet service,No internet service,No internet service,No internet service,No internet service,Month-to-month,Yes,Mailed check,20.0,87.4,12,0.0,Yes
TC_3515,Male,46,0,Yes,Yes,51,Yes,No,DSL,No,No,No,No,No,No,Two year,No,Credit card,69.58,3701.48,0,67.2,No
TC_3516,Female,57,0,Yes,No,24,Yes,Yes,No,No internet service,No internet service,No internet service,No internet service,No internet service,No internet service,Two year,No,Mailed check,20.0,442.86,6,0.0,No
TC_3517,Female,58,0,Yes,No,2,Yes,No,No,No internet service,No internet service,No internet service,No internet service,No internet service,No internet service,Month-to-month,Yes,Bank transfer,20.0,,2,0.0,No
TC_3518,Female,51,0,Yes,Yes,40,Yes,No,DSL,Yes,Yes,Yes,No,No,Yes,Two year,Yes,Credit card,112.17,4711.84,7,59.7,No
TC_3519,Male,40,0,No,No,14,No,No phone service,Fiber optic,No,Yes,Yes,No,Yes,No,Two year,No,Bank transfer,81.3,1189.21,0,279.2,No
TC_3520,Female,65,1,No,No,70,Yes,Yes,Fiber optic,Yes,No,No,Yes,Yes,Yes,One year,No,Electronic check,120.0,8732.03,13,96.8,No
TC_3521,Male,18,0,No,No,54,Yes,No,DSL,No,No,No,Yes,Yes,No,One year,No,Electronic check,80.34,4353.52,5,93.5,No
TC_3522,Female,54,0,No,No,,Yes,Yes,No,No internet service,No internet service,No internet service,No internet service,No internet service,No internet service,Month-to-month,No,Electronic check,20.0,54.63,3,0.0,Yes
TC_3523,Male,39,0,No,No,7,Yes,No,Fiber optic,No,Yes,No,No,Yes,Yes,Month-to-month,Yes,Mailed check,108.03,737.99,7,121.7,No
TC_3524,Male,55,0,Yes,Yes,9,Yes,No,Fiber optic,No,Yes,No,No,Yes,Yes,Two year,No,Bank transfer,105.73,970.64,3,336.7,No
TC_3525,Female,52,0,No,No,58,Yes,Yes,Fiber optic,No,No,Yes,No,No,No,One year,No,Mailed check,90.26,5206.26,1,212.2,No
TC_3526,Female,69,1,No,No,4,No,No phone service,DSL,No,No,No,No,No,No,Month-to-month,No,Mailed check,48.64,,0,96.5,Yes
TC_3527,Male,64,0,No,Yes,2,Yes,No,DSL,No,No,Yes,No,Yes,No,Month-to-month,Yes,Electronic check,83.46,172.63,4,36.4,No
TC_3528,Female,36,0,Yes,No,62,Yes,No,No,No internet service,No internet service,No internet service,No internet service,No internet service,No internet service,One year,No,Credit card,,1254.42,2,0.0,No
TC_3529,Male,34,0,Yes,No,61,Yes,No,No,No internet service,No internet service,No internet service,No internet service,No internet service,No internet service,Two year,Yes,Mailed check,20.0,1227.45,0,0.0,No
TC_3530,Male,64,0,No,No,49,Yes,No,Fiber optic,Yes,No,No,No,Yes,No,One year,Yes,Bank transfer,85.6,4218.92,,238.8,Yes
TC_3531,Female,42,0,No,No,6,Yes,No,DSL,No,Yes,Yes,No,No,No,Month-to-month,Yes,Electronic check,77.56,454.37,0,134.6,Yes
TC_3532,Female,51,0,No,No,63,Yes,Yes,DSL,Yes,No,No,No,No,Yes,Two year,No,Electronic check,90.04,6068.44,0,99.6,No
TC_3533,Female,37,0,No,No,46,Yes,Yes,DSL,Yes,Yes,No,Yes,No,Yes,One year,Yes,Electronic check,93.4,4342.43,5,61.0,No
TC_3534,Male,54,0,Yes,No,4,Yes,No,No,No internet service,No internet service,No internet service,No internet service,No internet service,No internet service,One year,Yes,Bank transfer,20.0,,0,0.0,Yes
TC_3535,Female,42,0,No,Yes,,Yes,No,Fiber optic,No,No,Yes,No,Yes,No,Month-to-month,Yes,Mailed check,92.64,,,252.6,No
TC_3536,Male,58,0,Yes,No,44,Yes,Yes,DSL,No,No,No,No,No,Yes,Month-to-month,No,Credit card,57.6,2657.58,15,68.4,Yes
TC_3537,Male,43,0,No,No,4,Yes,Yes,DSL,No,Yes,No,No,No,No,Month-to-month,Yes,Credit card,74.79,288.05,0,63.1,No
TC_3538,Female,39,0,Yes,Yes,47,Yes,No,DSL,Yes,Yes,No,No,Yes,No,Month-to-month,Yes,Electronic check,86.87,4053.64,2,156.7,No
TC_3539,Male,57,0,Yes,No,2,Yes,Yes,DSL,Yes,No,Yes,Yes,No,Yes,Month-to-month,Yes,Mailed check,88.05,185.31,8,161.4,No
TC_3540,Female,48,0,Yes,No,6,Yes,Yes,Fiber optic,Yes,No,No,Yes,Yes,Yes,Month-to-month,Yes,Bank transfer,120.0,681.13,5,154.3,No
TC_3541,Female,70,1,Yes,No,43,Yes,No,Fiber optic,No,Yes,Yes,Yes,No,Yes,One year,No,Mailed check,111.56,4341.06,10,204.1,No
TC_3542,Male,29,0,Yes,No,47,Yes,Yes,Fiber optic,No,No,No,No,Yes,No,One year,No,Electronic check,99.34,4320.53,6,160.9,No
TC_3543,Female,49,0,Yes,Yes,3,Yes,No,No,No internet service,No internet service,No internet service,No internet service,No internet service,No internet service,Month-to-month,No,Bank transfer,20.0,60.09,3,0.0,No
TC_3544,Male,73,1,No,No,4,No,No phone service,DSL,No,No,No,No,No,Yes,Month-to-month,No,Bank transfer,57.54,208.78,0,69.0,Yes
TC_3545,Female,46,0,No,No,10,Yes,Yes,Fiber optic,No,No,No,Yes,No,No,Two year,No,Electronic check,80.24,851.69,2,450.1,No
TC_3546,Male,36,0,No,No,11,Yes,Yes,Fiber optic,No,No,No,No,No,Yes,One year,Yes,Mailed check,89.75,1043.8,3,285.2,No
TC_3547,Male,26,0,Yes,No,17,No,No phone service,Fiber optic,No,No,Yes,Yes,No,Yes,Two year,No,Bank transfer,88.65,1418.91,5,156.6,No
TC_3548,Male,32,0,No,No,7,Yes,Yes,DSL,Yes,Yes,No,No,No,No,Month-to-month,Yes,Bank transfer,,587.97,0,79.0,No
TC_3549,Male,32,0,Yes,No,59,Yes,No,Fiber optic,Yes,Yes,Yes,No,No,Yes,Month-to-month,Yes,Mailed check,117.49,6368.65,7,169.4,Yes
TC_3550,Female,33,0,Yes,No,,Yes,No,DSL,Yes,No,Yes,Yes,Yes,No,One year,Yes,Mailed check,108.85,589.4,10,47.3,No
TC_3551,Male,39,0,Yes,No,57,Yes,No,Fiber optic,No,No,No,Yes,Yes,No,One year,No,Credit card,91.93,4829.77,7,276.2,No
TC_3552,Male,40,0,No,No,30,Yes,No,DSL,No,No,Yes,No,No,Yes,One year,Yes,Mailed check,84.97,2687.92,2,50.7,No
TC_3553,Female,38,0,Yes,No,6,Yes,No,No,No internet service,No internet service,No internet service,No internet service,No internet service,No internet service,Month-to-month,Yes,Electronic check,20.0,,3,0.0,No
TC_3554,Female,50,0,Yes,No,22,Yes,Yes,DSL,Yes,No,Yes,No,No,No,Two year,No,Bank transfer,85.65,1975.59,1,81.8,No
TC_3555,Male,48,0,Yes,No,5,Yes,Yes,Fiber optic,Yes,Yes,No,No,No,No,Month-to-month,Yes,Electronic check,91.5,,5,480.0,No
TC_3556,Female,53,0,No,No,63,Yes,Yes,Fiber optic,Yes,No,No,No,Yes,No,Two year,No,Electronic check,108.08,6219.49,10,400.6,No
TC_3557,Male,38,0,Yes,Yes,40,Yes,No,Fiber optic,Yes,Yes,No,No,No,No,Two year,Yes,Bank transfer,107.85,4163.4,4,44.2,No
TC_3558,Female,35,0,Yes,Yes,3,Yes,Yes,Fiber optic,No,No,No,No,Yes,No,Month-to-month,Yes,Bank transfer,91.38,260.99,4,354.9,No
TC_3559,Male,49,0,Yes,No,3,Yes,No,Fiber optic,No,Yes,No,No,No,No,Month-to-month,Yes,Electronic check,84.3,266.62,4,378.5,Yes
TC_3560,Female,54,0,Yes,No,65,Yes,Yes,Fiber optic,No,No,Yes,Yes,Yes,No,Month-to-month,No,Credit card,111.95,6558.78,2,121.6,No
TC_3561,Female,40,0,No,No,51,Yes,Yes,No,No internet service,No internet service,No internet service,No internet service,No internet service,No internet service,Two year,No,Bank transfer,20.0,973.31,3,0.0,No
TC_3562,Female,41,0,Yes,No,65,Yes,No,DSL,No,No,No,No,Yes,No,Month-to-month,No,Mailed check,79.46,5226.07,3,97.1,No
TC_3563,Female,38,0,No,No,4,Yes,No,No,No internet service,No internet service,No internet service,No internet service,No internet service,No internet service,Month-to-month,Yes,Electronic check,20.0,78.48,7,0.0,No
TC_3564,Male,33,0,No,No,3,Yes,Yes,Fiber optic,No,No,Yes,No,No,No,Month-to-month,Yes,Electronic check,100.07,289.34,2,253.2,Yes
TC_3565,Female,46,0,Yes,No,48,Yes,No,Fiber optic,Yes,No,No,No,Yes,No,Two year,No,Credit card,101.05,5252.07,3,93.9,No
TC_3566,Female,41,0,Yes,No,68,Yes,No,No,No internet service,No internet service,No internet service,No internet service,No internet service,No internet service,One year,No,Credit card,20.0,1405.26,7,0.0,No
TC_3567,Male,25,0,Yes,No,31,Yes,Yes,DSL,No,No,No,Yes,No,No,One year,Yes,Electronic check,69.21,2133.15,7,75.7,No
TC_3568,Female,24,0,Yes,No,52,Yes,No,Fiber optic,Yes,Yes,No,No,Yes,Yes,Two year,Yes,Electronic check,119.97,6445.66,1,160.3,No
TC_3569,Male,70,1,Yes,No,61,Yes,Yes,No,No internet service,No internet service,No internet service,No internet service,No internet service,No internet service,Month-to-month,No,Electronic check,20.0,1139.44,3,0.0,No
TC_3570,Female,62,0,Yes,No,22,Yes,No,Fiber optic,Yes,Yes,No,No,No,Yes,Month-to-month,No,Electronic check,99.16,,7,304.9,No
TC_3571,Female,63,0,No,No,54,Yes,No,Fiber optic,No,No,No,No,Yes,Yes,One year,No,Credit card,87.53,4712.35,7,198.7,Yes
TC_3572,Female,41,0,No,No,52,No,No phone service,Fiber optic,No,Yes,Yes,Yes,No,No,Two year,No,Mailed check,80.31,4272.37,4,139.4,No
TC_3573,Female,73,1,Yes,No,66,Yes,No,Fiber optic,No,No,No,No,No,No,Month-to-month,No,Mailed check,78.6,5031.93,,291.6,No
TC_3574,Female,28,0,No,No,10,No,No phone service,No,No internet service,No internet service,No internet service,No internet service,No internet service,No internet service,Month-to-month,Yes,Credit card,18.76,196.25,8,0.0,Yes
TC_3575,Female,46,0,Yes,No,51,Yes,Yes,Fiber optic,No,Yes,No,Yes,Yes,No,One year,Yes,Electronic check,,4555.48,0,57.4,No
TC_3576,Female,62,0,No,No,36,Yes,No,No,No internet service,No internet service,No internet service,No internet service,No internet service,No internet service,Month-to-month,No,Credit card,20.0,764.57,4,0.0,No
TC_3577,Male,52,0,Yes,Yes,69,No,No phone service,Fiber optic,Yes,Yes,Yes,No,Yes,No,Two year,Yes,Credit card,106.48,7842.0,9,368.6,Yes
TC_3578,Female,48,0,No,No,25,Yes,No,No,No internet service,No internet service,No internet service,No internet service,No internet service,No internet service,One year,Yes,Credit card,20.0,485.41,4,0.0,No
TC_3579,Female,44,0,Yes,Yes,29,Yes,Yes,DSL,Yes,Yes,No,Yes,Yes,Yes,Month-to-month,Yes,Credit card,107.66,3275.65,0,66.6,Yes
TC_3580,Male,45,0,No,No,1,No,No phone service,Fiber optic,No,Yes,No,No,Yes,No,Month-to-month,No,Mailed check,,82.64,14,153.4,Yes
TC_3581,Female,57,0,Yes,No,30,Yes,Yes,DSL,Yes,Yes,Yes,No,Yes,Yes,Month-to-month,No,Credit card,117.81,3731.38,1,129.7,Yes
TC_3582,Male,63,0,No,No,58,Yes,No,No,No internet service,No internet service,No internet service,No internet service,No internet service,No internet service,One year,Yes,Credit card,20.0,1161.58,1,0.0,No
TC_3583,Male,34,0,Yes,No,27,Yes,Yes,DSL,Yes,No,No,Yes,Yes,No,Month-to-month,No,Bank transfer,106.34,2646.84,,134.1,No
TC_3584,Female,50,0,Yes,Yes,69,Yes,No,Fiber optic,No,Yes,No,No,No,No,Two year,Yes,Electronic check,91.51,6567.26,2,351.6,No
TC_3585,Female,28,0,Yes,No,31,Yes,Yes,Fiber optic,No,No,No,No,No,No,Month-to-month,Yes,Electronic check,72.11,2147.33,2,318.0,Yes
TC_3586,Female,46,0,Yes,Yes,3,Yes,No,Fiber optic,No,No,No,No internet service,Yes,No,Month-to-month,Yes,Mailed check,86.58,236.04,2,205.1,No
TC_3587,Male,63,0,Yes,No,4,Yes,No,No,No internet service,No internet service,No internet service,No internet service,No internet service,No internet service,Month-to-month,No,Electronic check,,,7,0.0,Yes
TC_3588,Female,29,0,No,No,29,Yes,Yes,DSL,Yes,No,Yes,Yes,No,Yes,Two year,No,Electronic check,99.06,3063.62,7,79.3,No
TC_3589,Male,37,0,Yes,No,2,Yes,Yes,DSL,No,No,No,No,No,Yes,One year,Yes,Credit card,63.5,128.04,5,88.6,No
TC_3590,Female,51,0,No,Yes,46,Yes,Yes,Fiber optic,Yes,No,No,Yes,Yes,No,One year,Yes,Bank transfer,96.94,4364.23,3,203.8,No
TC_3591,Male,47,0,Yes,No,64,Yes,No,Fiber optic,Yes,No,No,No,Yes,No,Month-to-month,No,Electronic check,102.01,6157.59,4,400.6,No
TC_3592,Female,40,0,Yes,Yes,6,Yes,No,DSL,No,No,Yes,Yes,Yes,No,Month-to-month,No,Electronic check,103.86,582.76,0,133.5,No
TC_3593,Male,39,0,Yes,No,5,Yes,No,DSL,Yes,Yes,No,No,No,No,Month-to-month,Yes,Electronic check,71.05,363.31,0,92.2,No
TC_3594,Male,24,0,Yes,No,1,No,No phone service,Fiber optic,No,No,No,Yes,Yes,Yes,One year,Yes,Credit card,91.56,99.01,1,158.6,Yes
TC_3595,Female,55,0,Yes,No,1,Yes,Yes,DSL,Yes,No,No,No,Yes,Yes,One year,Yes,Electronic check,86.67,93.37,9,118.3,Yes
TC_3596,Female,26,0,Yes,Yes,51,Yes,No,Fiber optic,No,No,No,No,No,No,Two year,Yes,Electronic check,85.29,3984.89,4,312.3,No
TC_3597,Female,54,0,No,No,50,Yes,Yes,No,No internet service,No internet service,No internet service,No internet service,No internet service,No internet service,One year,Yes,Electronic check,20.0,1052.27,0,0.0,No
TC_3598,Female,51,0,No,Yes,63,Yes,No,Fiber optic,Yes,Yes,Yes,No,No,Yes,One year,Yes,Mailed check,120.0,7772.63,1,268.3,No
TC_3599,Male,38,0,No,No,55,Yes,Yes,DSL,Yes,Yes,No,No,No,No,One year,No,Credit card,,4949.02,7,119.6,No
TC_3600,Male,32,0,Yes,Yes,27,Yes,No,No,No internet service,No internet service,No internet service,No internet service,No internet service,No internet service,Month-to-month,Yes,Credit card,,505.75,1,0.0,No
TC_3601,Female,30,0,No,No,1,No,No phone service,Fiber optic,Yes,Yes,No,Yes,Yes,Yes,One year,Yes,Credit card,98.45,91.89,2,231.8,Yes
TC_3602,Male,26,0,No,Yes,58,No,No phone service,Fiber optic,No,No,No,No,No,Yes,Two year,No,Credit card,64.24,4018.37,14,310.3,No
TC_3603,Female,53,0,Yes,No,7,Yes,No,DSL,No,Yes,No,No,No,No,Month-to-month,Yes,Mailed check,73.48,469.88,4,125.5,Yes
TC_3604,Male,57,0,Yes,Yes,44,No,No phone service,Fiber optic,No,Yes,Yes,Yes,No,Yes,One year,No,Credit card,86.75,3953.71,6,196.7,No
TC_3605,Female,35,0,No,No,2,No,No phone service,No,No internet service,No internet service,No internet service,No internet service,No internet service,No internet service,One year,No,Bank transfer,18.12,38.8,2,0.0,No
TC_3606,Male,52,0,No,No,7,Yes,Yes,Fiber optic,No,No,No,No,No,No,Two year,No,Electronic check,76.4,527.02,,292.8,No
TC_3607,Male,69,1,Yes,No,62,Yes,No,DSL,Yes,Yes,No,No,No,No,Two year,Yes,Bank transfer,69.17,4319.57,0,45.0,No
TC_3608,Male,36,0,Yes,No,58,Yes,Yes,No,No internet service,No internet service,No internet service,No internet service,No internet service,No internet service,Month-to-month,Yes,Mailed check,20.0,1120.73,1,0.0,No
TC_3609,Male,44,0,No,No,55,Yes,No,DSL,No,No,No,No,Yes,No,Two year,No,Bank transfer,74.55,4243.06,12,161.0,No
TC_3610,Male,44,0,Yes,No,51,Yes,Yes,Fiber optic,No,No,Yes,Yes,No,No,Month-to-month,No,Electronic check,87.17,4807.78,,228.2,Yes
TC_3611,Female,60,0,Yes,Yes,2,No,No phone service,Fiber optic,No,Yes,Yes,No,Yes,Yes,Two year,Yes,Bank transfer,100.05,187.38,10,434.9,No
TC_3612,Female,78,1,Yes,No,15,Yes,No,DSL,No,Yes,No,No,No,No,One year,No,Bank transfer,61.28,962.08,,132.4,No
TC_3613,Female,37,0,Yes,Yes,2,Yes,No,Fiber optic,Yes,No,Yes,No,No,Yes,Month-to-month,Yes,Credit card,91.07,193.36,3,172.4,Yes
TC_3614,Male,36,0,No,No,2,Yes,No,Fiber optic,No,Yes,No,No,No,No,Month-to-month,Yes,Bank transfer,79.56,159.67,4,50.3,Yes
TC_3615,Male,61,0,No,No,10,Yes,Yes,Fiber optic,No,No,No,No,Yes,No,Two year,Yes,Electronic check,76.44,786.66,0,162.6,No
TC_3616,Female,55,0,Yes,Yes,44,Yes,Yes,Fiber optic,No,No,No,Yes,No,Yes,Month-to-month,No,Electronic check,117.3,5434.06,4,103.4,No
TC_3617,Male,41,0,No,Yes,54,No,No phone service,Fiber optic,No,No,No,Yes,Yes,No,One year,No,Electronic check,82.92,4266.16,5,311.5,No
TC_3618,Female,25,0,Yes,No,4,Yes,No,Fiber optic,No,No,No,Yes,No,Yes,One year,No,Mailed check,91.17,394.52,12,199.8,No
TC_3619,Male,59,0,Yes,No,3,Yes,No,Fiber optic,No,No,No,No,No,No,Two year,No,Bank transfer,77.42,226.9,4,269.0,No
TC_3620,Female,65,1,Yes,No,6,Yes,No,Fiber optic,Yes,No,No,No,Yes,Yes,Month-to-month,Yes,Electronic check,103.22,612.3,,136.0,Yes
TC_3621,Female,51,0,No,No,37,Yes,Yes,DSL,No,No,No,No,Yes,Yes,Two year,No,Electronic check,80.32,2840.82,2,70.4,No
TC_3622,Male,50,0,No,No,32,Yes,No,DSL,No,No,No,No,Yes,No,Month-to-month,Yes,Mailed check,68.95,2343.57,0,81.6,No
TC_3623,Male,53,0,Yes,No,31,Yes,No,Fiber optic,Yes,No,Yes,No,Yes,No,Two year,No,Bank transfer,116.01,3761.18,3,229.3,No
TC_3624,Female,30,0,Yes,Yes,56,Yes,No,Fiber optic,Yes,No,Yes,No,No,Yes,Two year,Yes,Mailed check,95.05,5300.54,6,153.2,No
TC_3625,Female,56,0,Yes,Yes,0,Yes,No,Fiber optic,No,No,No,No,No,Yes,Month-to-month,No,Credit card,,,2,387.6,No
TC_3626,Male,31,0,No,No,50,Yes,No,DSL,No,No,No,No,Yes,No,Two year,Yes,Electronic check,65.78,3127.79,6,180.1,No
TC_3627,Male,24,0,No,No,61,Yes,No,DSL,No,Yes,Yes,No,Yes,No,Two year,Yes,Mailed check,,5625.02,4,183.9,No
TC_3628,Female,63,0,Yes,No,5,Yes,No,No,No internet service,No internet service,No internet service,No internet service,No internet service,No internet service,Month-to-month,No,Mailed check,20.0,94.85,4,0.0,Yes
TC_3629,Male,26,0,No,Yes,1,No,No phone service,DSL,No,Yes,No,No,No,No,Month-to-month,No,Electronic check,50.21,54.47,5,44.3,Yes
TC_3630,Male,40,0,Yes,No,72,Yes,Yes,DSL,Yes,Yes,Yes,No,No,No,One year,Yes,Credit card,88.8,6678.33,11,111.1,No
TC_3631,Male,63,0,Yes,No,72,Yes,Yes,DSL,Yes,No,No,No,Yes,Yes,Month-to-month,Yes,Mailed check,101.03,7090.76,4,135.4,No
TC_3632,Female,63,0,No,No,5,Yes,Yes,Fiber optic,No,No,Yes,No,No,No,Month-to-month,No,Electronic check,80.34,,2,243.1,Yes
TC_3633,Female,54,0,Yes,No,35,Yes,Yes,DSL,No,No,Yes,No,No,No,Two year,No,Credit card,81.84,2922.87,0,105.8,No
TC_3634,Female,47,0,No,No,62,Yes,No,Fiber optic,No,No,Yes,Yes,No,Yes,One year,No,Credit card,104.46,6144.78,1,406.3,No
TC_3635,Female,22,0,No,No,1,Yes,Yes,DSL,No,No,No,No,No,No,Month-to-month,No,Mailed check,67.61,64.27,7,138.9,No
TC_3636,Male,46,0,Yes,Yes,53,No,No phone service,Fiber optic,Yes,No,No,No,No,No,One year,No,Electronic check,63.97,3166.15,14,89.1,No
TC_3637,Male,59,0,Yes,No,57,Yes,Yes,Fiber optic,Yes,No,No,No,No,Yes,Two year,Yes,Bank transfer,109.67,,13,276.9,No
TC_3638,Male,36,0,No,No,6,Yes,Yes,No,No internet service,No internet service,No internet service,No internet service,No internet service,No internet service,Two year,Yes,Mailed check,20.0,110.58,5,0.0,Yes
TC_3639,Male,38,0,No,Yes,45,Yes,No,DSL,Yes,No,No,No,Yes,No,Two year,Yes,Credit card,91.69,3886.05,7,167.9,No
TC_3640,Female,37,0,Yes,No,8,Yes,Yes,No,No internet service,No internet service,No internet service,No internet service,No internet service,No internet service,Two year,No,Bank transfer,20.0,146.91,,0.0,No
TC_3641,Female,49,0,No,Yes,60,Yes,No,DSL,Yes,No,No,No,Yes,Yes,One year,Yes,Bank transfer,93.3,5608.82,11,115.8,No
TC_3642,Female,33,0,No,No,31,Yes,No,Fiber optic,Yes,No,No,No,No,Yes,Month-to-month,Yes,Bank transfer,95.37,2983.59,2,150.4,No
TC_3643,Female,34,0,No,No,7,Yes,Yes,Fiber optic,Yes,Yes,Yes,Yes,No,Yes,Two year,Yes,Bank transfer,116.08,753.73,7,250.6,No
TC_3644,Female,56,0,No,No,2,Yes,Yes,No,No internet service,No internet service,No internet service,No internet service,No internet service,No internet service,Two year,No,Mailed check,20.0,37.98,1,0.0,No
TC_3645,Female,67,1,No,No,26,Yes,No,DSL,No,No,Yes,Yes,Yes,No,Month-to-month,Yes,Mailed check,101.85,2650.75,2,129.1,No
TC_3646,Male,62,0,No,No,50,Yes,Yes,DSL,Yes,No,No,Yes,Yes,Yes,One year,Yes,Credit card,112.12,5276.5,6,69.5,No
TC_3647,Female,59,0,No,No,13,Yes,No,Fiber optic,Yes,No,No,No,No,Yes,One year,No,Mailed check,101.92,1318.43,7,87.2,No
TC_3648,Male,30,0,No,No,4,Yes,No,DSL,No,Yes,No,No,No,No,Two year,Yes,Mailed check,70.06,254.13,1,70.7,No
TC_3649,Male,48,0,No,No,,No,No phone service,DSL,No,Yes,No,Yes,No,No,Month-to-month,Yes,Electronic check,63.84,64.46,5,53.1,Yes
TC_3650,Male,31,0,Yes,No,8,No,No phone service,DSL,Yes,Yes,No,No,No,Yes,Month-to-month,Yes,Electronic check,62.78,505.72,4,99.0,No
TC_3651,Female,38,0,No,No,44,Yes,No,Fiber optic,No,No,No,No,No,Yes,Two year,No,Bank transfer,87.96,4246.8,5,136.7,No
TC_3652,Male,58,0,Yes,No,47,Yes,No,Fiber optic,No,No,No,No,Yes,No,One year,Yes,Bank transfer,79.34,4042.41,2,336.7,No
TC_3653,Male,49,0,No,No,58,Yes,No,Fiber optic,Yes,Yes,Yes,No,Yes,Yes,Two year,No,Credit card,120.0,6507.23,0,154.1,No
TC_3654,Female,24,0,No,No,50,Yes,Yes,DSL,No,No,No,Yes,No,No,One year,Yes,Bank transfer,68.37,3099.64,1,118.3,Yes
TC_3655,Female,31,0,No,No,,Yes,Yes,No,No internet service,No internet service,No internet service,No internet service,No internet service,No internet service,Two year,Yes,Electronic check,20.0,189.35,0,0.0,No
TC_3656,Female,41,0,Yes,Yes,63,Yes,No,No,No internet service,No internet service,No internet service,No internet service,No internet service,No internet service,Two year,No,Mailed check,20.0,1165.89,0,0.0,No
TC_3657,Male,39,0,No,No,0,Yes,Yes,No,No internet service,No internet service,No internet service,No internet service,No internet service,No internet service,Month-to-month,Yes,Mailed check,20.0,,0,0.0,Yes
TC_3658,Male,35,0,Yes,Yes,68,Yes,No,Fiber optic,No,Yes,No,Yes,No,No,Two year,Yes,Electronic check,105.99,7095.09,2,239.5,No
TC_3659,Female,41,0,Yes,Yes,5,Yes,Yes,Fiber optic,No,Yes,No,No,Yes,No,Month-to-month,No,Bank transfer,84.35,451.11,3,203.9,No
TC_3660,Female,26,0,Yes,No,49,Yes,No,Fiber optic,No,No,No,Yes,Yes,No,One year,Yes,Mailed check,96.3,4764.93,7,214.0,No
TC_3661,Male,78,1,Yes,No,34,Yes,Yes,No,No internet service,No internet service,No internet service,No internet service,No internet service,No internet service,Month-to-month,No,Mailed check,20.0,734.81,2,0.0,No
TC_3662,Female,32,0,No,No,49,Yes,No,Fiber optic,No,No,No,Yes,No,Yes,Month-to-month,Yes,Credit card,112.55,5567.55,1,135.9,Yes
TC_3663,Male,32,0,No,No,68,Yes,Yes,No,No internet service,No internet service,No internet service,No internet service,No internet service,No internet service,Two year,Yes,Mailed check,20.0,1406.61,1,0.0,No
TC_3664,Male,50,0,No,No,3,Yes,No,DSL,Yes,Yes,No,No,No,No,Month-to-month,Yes,Credit card,85.78,245.81,1,142.5,No
TC_3665,Male,33,0,No,No,57,Yes,No,Fiber optic,Yes,Yes,No,No,Yes,Yes,Month-to-month,No,Bank transfer,120.0,6554.41,4,271.5,No
TC_3666,Female,29,0,No,No,64,Yes,No,Fiber optic,Yes,No,Yes,No,Yes,Yes,Two year,No,Mailed check,120.0,8248.08,8,172.1,No
TC_3667,Female,48,0,Yes,No,60,No,No phone service,Fiber optic,Yes,Yes,No,Yes,Yes,No,Month-to-month,Yes,Credit card,85.2,5414.66,2,138.8,No
TC_3668,Male,33,0,Yes,No,50,Yes,Yes,DSL,No,No,No,Yes,No,Yes,Two year,Yes,Credit card,89.87,4130.0,11,64.9,No
TC_3669,Female,56,0,Yes,Yes,39,Yes,No,Fiber optic,Yes,No,No,No,No,No,Two year,No,Credit card,77.44,2737.29,5,441.7,No
TC_3670,Male,25,0,No,No,48,No,No phone service,No,No internet service,No internet service,No internet service,No internet service,No internet service,No internet service,Month-to-month,Yes,Bank transfer,23.1,1030.19,0,0.0,No
TC_3671,Male,37,0,No,No,-2,Yes,No,DSL,Yes,Yes,No,No,Yes,No,One year,Yes,Bank transfer,80.89,5464.7,1,46.0,No
TC_3672,Female,54,0,No,No,8,No,No phone service,DSL,Yes,No,Yes,No,No,Yes,Two year,No,Bank transfer,79.73,579.19,1,64.6,No
TC_3673,Male,41,0,No,No,23,Yes,Yes,DSL,Yes,No,No,No,No,No,One year,Yes,Electronic check,71.18,1638.69,3,95.0,No
TC_3674,Female,57,0,No,No,2,Yes,Yes,DSL,Yes,No,No,No,Yes,Yes,Month-to-month,No,Electronic check,86.4,170.28,4,152.1,Yes
TC_3675,Male,50,0,Yes,No,66,Yes,No,No,No internet service,No internet service,No internet service,No internet service,No internet service,No internet service,Two year,Yes,Credit card,20.0,1411.72,12,0.0,No
TC_3676,Female,54,0,No,No,9,Yes,No,Fiber optic,Yes,Yes,No,No,No,Yes,Month-to-month,No,Credit card,109.0,965.55,4,160.3,Yes
TC_3677,Male,57,0,Yes,No,64,No,No phone service,Fiber optic,Yes,No,No,No,Yes,Yes,Month-to-month,Yes,Bank transfer,68.94,4145.22,10,170.1,Yes
TC_3678,Male,46,0,No,No,62,Yes,Yes,Fiber optic,Yes,No,Yes,No,Yes,No,One year,Yes,Credit card,,6144.05,3,489.6,No
TC_3679,Male,28,0,No,Yes,56,Yes,No,No,No internet service,No internet service,No internet service,No internet service,No internet service,No internet service,One year,Yes,Credit card,20.0,1048.06,15,0.0,No
TC_3680,Male,61,0,Yes,No,8,Yes,No,Fiber optic,No,No,No,No,No,Yes,Month-to-month,No,Electronic check,89.17,692.1,3,185.4,Yes
TC_3681,Male,47,0,No,No,31,Yes,No,DSL,No,No,Yes,No,No,No,One year,Yes,Electronic check,65.47,2050.01,6,87.1,No
TC_3682,Female,51,0,Yes,No,60,Yes,Yes,No,No internet service,No internet service,No internet service,No internet service,No internet service,No internet service,Two year,Yes,Electronic check,20.0,1132.36,4,0.0,No
TC_3683,Female,69,1,Yes,Yes,32,Yes,No,No,No internet service,No internet service,No internet service,No internet service,No internet service,No internet service,Month-to-month,No,Electronic check,20.0,685.51,10,0.0,No
TC_3684,Female,44,0,Yes,No,28,Yes,Yes,Fiber optic,Yes,No,No,No,Yes,No,Month-to-month,No,Electronic check,87.11,2457.48,4,231.3,Yes
TC_3685,Male,45,0,No,No,8,Yes,No,DSL,No,No,No,No,No,No,One year,No,Credit card,67.86,553.66,4,120.1,No
TC_3686,Male,34,0,Yes,Yes,51,Yes,No,No,No internet service,No internet service,No internet service,No internet service,No internet service,No internet service,One year,Yes,Credit card,20.0,951.78,0,0.0,No
TC_3687,Male,35,0,No,No,72,Yes,No,DSL,No,Yes,No,Yes,No,Yes,Month-to-month,No,Credit card,80.29,5866.5,4,39.7,Yes
TC_3688,Female,36,0,Yes,Yes,2,No,No phone service,Fiber optic,No,No,No,Yes,No,No,One year,No,Electronic check,65.08,129.55,4,277.0,Yes
TC_3689,Female,49,0,Yes,No,20,Yes,No,Fiber optic,No,No,No,Yes,No,No,Month-to-month,Yes,Electronic check,95.12,1964.24,3,233.3,Yes
TC_3690,Male,27,0,No,No,29,Yes,Yes,DSL,Yes,No,No,Yes,Yes,Yes,One year,Yes,Credit card,99.03,2734.9,1,110.8,No
TC_3691,Male,30,0,Yes,No,2,No,No phone service,No,No internet service,No internet service,No internet service,No internet service,No internet service,No internet service,Month-to-month,Yes,Mailed check,18.63,37.63,2,0.0,Yes
TC_3692,Female,45,0,No,No,50,Yes,No,DSL,Yes,No,Yes,No,No,Yes,Two year,Yes,Mailed check,110.07,5124.2,4,157.6,No
TC_3693,Male,29,0,Yes,No,65,No,No phone service,DSL,Yes,Yes,Yes,Yes,No,No,Two year,No,Electronic check,77.05,4514.1,0,50.7,No
TC_3694,Female,43,0,Yes,Yes,1,Yes,Yes,Fiber optic,No,No,No,No,Yes,Yes,Month-to-month,No,Credit card,96.78,,5,178.5,Yes
TC_3695,Female,50,0,No,No,44,Yes,No,Fiber optic,No,No,Yes,No,Yes,No,One year,No,Mailed check,115.49,4719.05,3,158.8,No
TC_3696,Female,72,1,No,No,49,Yes,No,DSL,Yes,No,Yes,No,No,No,Month-to-month,Yes,Mailed check,77.65,3520.78,3,89.2,No
TC_3697,Female,29,0,Yes,Yes,67,Yes,No,No,No internet service,No internet service,No internet service,No internet service,No internet service,No internet service,One year,Yes,Credit card,20.0,,8,0.0,No
TC_3698,Female,61,0,No,No,2,Yes,Yes,DSL,No,No,No,No,Yes,Yes,Month-to-month,Yes,Electronic check,,161.82,5,63.6,Yes
TC_3699,Male,49,0,No,No,54,No,No phone service,Fiber optic,Yes,No,No,No,No,Yes,Two year,Yes,Credit card,70.92,4207.5,3,151.7,No
TC_3700,Female,41,0,No,No,9,Yes,No,DSL,No,No,Yes,No,Yes,Yes,Two year,No,Credit card,90.54,748.6,8,72.7,No
TC_3701,Male,51,0,Yes,No,2,Yes,No,Fiber optic,No,No,No,Yes,Yes,Yes,Month-to-month,No,Electronic check,101.15,,14,221.7,Yes
TC_3702,Female,24,0,No,No,35,Yes,Yes,Fiber optic,No,No,No,No,No,No,Two year,Yes,Bank transfer,84.0,2858.87,1,41.3,No
TC_3703,Male,46,0,Yes,No,69,No,No phone service,No,No internet service,No internet service,No internet service,No internet service,No internet service,No internet service,One year,Yes,Electronic check,19.84,1309.49,4,0.0,No
TC_3704,Female,32,0,Yes,Yes,,Yes,No,No,No internet service,No internet service,No internet service,No internet service,No internet service,No internet service,Month-to-month,Yes,Mailed check,20.0,21.43,1,0.0,Yes
TC_3705,Female,33,0,No,No,,No,No phone service,DSL,No,No,No,No,No,Yes,Month-to-month,Yes,Bank transfer,48.14,3704.14,12,171.3,No
TC_3706,Female,51,0,No,No,52,Yes,No,No,No internet service,No internet service,No internet service,No internet service,No internet service,No internet service,One year,No,Bank transfer,20.0,1051.74,1,0.0,No
TC_3707,Male,55,0,Yes,No,26,No,No phone service,Fiber optic,No,Yes,No,No,No,No,One year,Yes,Credit card,75.96,2086.06,7,269.3,No
TC_3708,Male,64,0,No,No,70,Yes,No,No,No internet service,No internet service,No internet service,No internet service,No internet service,No internet service,One year,No,Credit card,20.0,1261.76,6,0.0,No
TC_3709,Male,66,1,Yes,No,37,Yes,No,Fiber optic,No,Yes,Yes,No,No,No,Month-to-month,Yes,Mailed check,97.39,,1,314.7,No
TC_3710,Female,34,0,No,No,41,Yes,No,Fiber optic,No,Yes,No,No,No,No,One year,No,Credit card,76.65,3074.11,1,102.1,No
TC_3711,Male,76,1,No,No,54,No,No phone service,DSL,No,No,No,No,No,Yes,Two year,No,Credit card,61.19,3026.4,0,43.5,No
TC_3712,Male,74,1,No,No,3,Yes,No,Fiber optic,No,Yes,Yes,No,Yes,No,Month-to-month,No,Mailed check,113.85,333.37,4,343.4,No
TC_3713,Male,77,1,No,No,,Yes,No,Fiber optic,No,No,Yes,No,Yes,No,Month-to-month,No,Credit card,95.14,1772.34,10,148.8,No
TC_3714,Male,54,0,Yes,No,47,Yes,No,No,No internet service,No internet service,No internet service,No internet service,No internet service,No internet service,Month-to-month,Yes,Bank transfer,20.0,871.47,0,0.0,No
TC_3715,Male,33,0,No,No,39,Yes,No,No,No internet service,No internet service,No internet service,No internet service,No internet service,No internet service,One year,No,Credit card,20.0,815.98,4,0.0,No
TC_3716,Female,35,0,No,Yes,30,Yes,No,No,No internet service,No internet service,No internet service,No internet service,No internet service,No internet service,Month-to-month,Yes,Mailed check,20.0,544.43,2,0.0,Yes
TC_3717,Female,65,1,Yes,Yes,16,Yes,No,DSL,No,No,No,No,No,Yes,Two year,No,Bank transfer,71.39,1151.03,10,107.9,Yes
TC_3718,Male,25,0,No,No,64,Yes,Yes,No,No internet service,No internet service,No internet service,No internet service,No internet service,No internet service,Two year,No,Mailed check,20.0,1168.31,4,0.0,No
TC_3719,Female,63,0,Yes,No,26,Yes,No,Fiber optic,No,No,Yes,No,No,Yes,Two year,Yes,Bank transfer,92.29,2245.23,2,166.2,No
TC_3720,Male,55,0,Yes,No,5,Yes,Yes,No,No internet service,No internet service,No internet service,No internet service,No internet service,No internet service,One year,No,Credit card,20.0,103.35,2,0.0,No
TC_3721,Female,68,1,No,No,1,No,No phone service,No,No internet service,No internet service,No internet service,No internet service,No internet service,No internet service,Month-to-month,No,Mailed check,19.87,21.6,6,0.0,Yes
TC_3722,Male,30,0,No,No,68,Yes,No,No,No internet service,No internet service,No internet service,No internet service,No internet service,No internet service,Month-to-month,Yes,Credit card,20.0,1369.34,4,0.0,No
TC_3723,Male,34,0,No,No,2,Yes,No,Fiber optic,No,Yes,No,No,Yes,Yes,Month-to-month,Yes,Mailed check,120.0,263.25,12,435.6,Yes
TC_3724,Male,59,0,Yes,No,52,Yes,Yes,Fiber optic,Yes,Yes,Yes,No,Yes,Yes,One year,Yes,Bank transfer,120.0,5831.41,0,436.8,No
TC_3725,Male,28,0,No,No,60,Yes,Yes,DSL,No,No,Yes,No,No,Yes,Two year,No,Mailed check,84.45,4709.81,10,88.4,No
TC_3726,Male,26,0,No,No,10,Yes,No,Fiber optic,Yes,No,No,No,No,No,One year,Yes,Credit card,93.15,852.89,14,154.1,No
TC_3727,Female,26,0,No,No,61,Yes,No,Fiber optic,No,Yes,Yes,Yes,Yes,No,Two year,Yes,Electronic check,120.0,7719.64,10,261.1,No
TC_3728,Male,70,1,No,No,39,Yes,Yes,No,No internet service,No internet service,No internet service,No internet service,No internet service,No internet service,Month-to-month,Yes,Credit card,20.0,819.57,0,0.0,No
TC_3729,Male,57,0,Yes,Yes,67,Yes,No,No,No internet service,No internet service,No internet service,No internet service,No internet service,No internet service,Two year,Yes,Bank transfer,20.0,1367.15,0,0.0,No
TC_3730,Male,56,0,Yes,Yes,45,Yes,Yes,No,No internet service,No internet service,No internet service,No internet service,No internet service,No internet service,One year,No,Credit card,20.0,896.43,6,0.0,No
TC_3731,Female,51,0,Yes,Yes,3,Yes,Yes,DSL,No,Yes,No,Yes,Yes,Yes,Month-to-month,Yes,Bank transfer,86.4,,4,134.5,Yes
TC_3732,Female,33,0,Yes,No,1,Yes,No,DSL,No,Yes,No,No,No,No,Month-to-month,No,Mailed check,75.8,71.35,,165.6,Yes
TC_3733,Female,38,0,No,No,5,Yes,No,Fiber optic,No,No,Yes,Yes,Yes,Yes,Month-to-month,Yes,Electronic check,120.0,641.4,8,139.8,Yes
TC_3734,Male,43,0,No,No,48,Yes,No,Fiber optic,Yes,No,Yes,No,Yes,No,One year,No,Mailed check,106.74,4706.39,6,440.1,No
TC_3735,Female,29,0,Yes,Yes,,Yes,Yes,No,No internet service,No internet service,No internet service,No internet service,No internet service,No internet service,One year,No,Credit card,20.0,170.89,3,0.0,No
TC_3736,Female,51,0,No,No,52,Yes,No,Fiber optic,Yes,Yes,No,Yes,No,Yes,Two year,Yes,Electronic check,120.0,,3,180.8,No
TC_3737,Male,33,0,No,No,12,Yes,No,DSL,No,Yes,Yes,No,Yes,No,Month-to-month,No,Mailed check,92.27,1096.63,5,42.3,Yes
TC_3738,Female,36,0,Yes,No,2,Yes,No,Fiber optic,Yes,Yes,No,No,Yes,Yes,One year,Yes,Bank transfer,116.05,227.53,2,134.6,No
TC_3739,Female,63,0,No,No,0,Yes,No,No,No internet service,No internet service,No internet service,No internet service,No internet service,No internet service,Month-to-month,No,Mailed check,20.0,,3,0.0,Yes
TC_3740,Male,43,0,Yes,Yes,5,Yes,No,DSL,No,No,Yes,No,No,No,Month-to-month,No,Electronic check,68.43,316.76,0,81.5,Yes
TC_3741,Male,50,0,No,Yes,62,Yes,No,DSL,No,No,Yes,No,Yes,Yes,One year,No,Bank transfer,97.84,5637.49,4,102.9,No
TC_3742,Male,39,0,Yes,No,8,Yes,Yes,DSL,Yes,Yes,No,No,Yes,No,One year,Yes,Credit card,89.82,750.13,0,25.7,No
TC_3743,Male,45,0,Yes,No,14,Yes,No,DSL,No,No,No,No,No,No,Month-to-month,Yes,Electronic check,62.19,899.79,5,84.5,No
TC_3744,Male,29,0,No,No,4,Yes,No,Fiber optic,Yes,Yes,No,Yes,Yes,Yes,Month-to-month,Yes,Mailed check,120.0,493.72,8,111.2,No
TC_3745,Male,38,0,No,No,35,Yes,Yes,Fiber optic,No,No,Yes,No,No,No,Two year,Yes,Bank transfer,101.15,3293.15,2,164.8,No
TC_3746,Male,49,0,No,No,45,Yes,No,Fiber optic,No,Yes,Yes,No,No,No,One year,No,Bank transfer,92.34,4035.54,7,141.5,No
TC_3747,Female,43,0,No,No,14,Yes,No,Fiber optic,Yes,No,No,No,Yes,Yes,One year,Yes,Credit card,107.76,1408.62,1,256.6,Yes
TC_3748,Female,49,0,Yes,No,5,Yes,Yes,DSL,No,No,No,Yes,No,Yes,Month-to-month,No,Electronic check,79.12,362.71,0,92.9,Yes
TC_3749,Female,40,0,No,No,52,Yes,No,DSL,Yes,No,No,No,No,Yes,Two year,Yes,Mailed check,85.65,4371.04,3,63.2,No
TC_3750,Male,32,0,Yes,No,59,Yes,No,No,No internet service,No internet service,No internet service,No internet service,No internet service,No internet service,Two year,Yes,Credit card,20.0,1186.7,11,0.0,No
TC_3751,Female,46,0,Yes,No,3,Yes,Yes,DSL,No,No,Yes,No,Yes,No,Two year,Yes,Electronic check,68.63,220.78,0,71.5,No
TC_3752,Female,37,0,No,No,,Yes,No,DSL,No,Yes,No,Yes,No,No,One year,No,Bank transfer,71.5,5267.71,8,135.0,No
TC_3753,Male,54,0,Yes,No,,No,No phone service,No,No internet service,No internet service,No internet service,No internet service,No internet service,No internet service,Month-to-month,No,Credit card,18.59,17.61,5,0.0,Yes
TC_3754,Female,28,0,No,No,7,Yes,Yes,DSL,No,No,Yes,Yes,Yes,Yes,One year,Yes,Mailed check,114.43,728.3,5,133.0,No
TC_3755,Female,48,0,No,No,60,Yes,Yes,Fiber optic,Yes,No,No,Yes,No,Yes,Two year,Yes,Bank transfer,97.36,6243.19,10,206.6,No
TC_3756,Female,53,0,No,No,48,No,No phone service,Fiber optic,No,No,Yes,No,Yes,Yes,Two year,Yes,Bank transfer,101.42,4661.32,2,253.0,No
TC_3757,Male,47,0,No,No,,Yes,No,Fiber optic,No,No,No,No,No,Yes,One year,Yes,Bank transfer,95.78,5592.66,3,346.8,No
TC_3758,Male,35,0,Yes,No,41,Yes,No,Fiber optic,No,Yes,Yes,No,Yes,Yes,Two year,No,Bank transfer,109.56,4459.33,1,210.5,No
TC_3759,Male,44,0,Yes,No,5,Yes,Yes,Fiber optic,Yes,Yes,No,No,Yes,No,Month-to-month,No,Credit card,107.51,497.63,2,337.2,Yes
TC_3760,Female,63,0,No,No,54,Yes,Yes,Fiber optic,No,Yes,No,Yes,No,No,Two year,Yes,Mailed check,105.22,6165.77,3,179.1,No
TC_3761,Male,26,0,No,No,51,Yes,No,Fiber optic,No,Yes,No,Yes,No,Yes,One year,No,Credit card,92.97,4373.04,1,127.0,No
TC_3762,Female,24,0,Yes,No,54,Yes,Yes,Fiber optic,No,No,Yes,No,Yes,Yes,One year,No,Credit card,113.46,6164.82,1,317.4,Yes
TC_3763,Male,56,0,Yes,No,2,Yes,Yes,DSL,No,No,Yes,Yes,No,No,Month-to-month,Yes,Bank transfer,69.47,137.16,4,26.8,Yes
TC_3764,Male,60,0,Yes,No,59,Yes,Yes,DSL,No,No,Yes,No,No,Yes,Two year,Yes,Bank transfer,83.89,5250.55,0,41.0,No
TC_3765,Male,38,0,Yes,No,23,Yes,Yes,Fiber optic,No,No,No,No,No,No,One year,Yes,Bank transfer,80.44,2022.64,2,92.3,No
TC_3766,Male,36,0,Yes,No,67,Yes,No,DSL,No,No,Yes,No,No,Yes,Month-to-month,No,Credit card,79.92,5091.95,4,71.3,No
TC_3767,Male,39,0,Yes,No,28,Yes,No,No,No internet service,No internet service,No internet service,No internet service,No internet service,No internet service,Two year,No,Bank transfer,20.0,512.36,6,0.0,No
TC_3768,Female,66,1,Yes,No,61,Yes,No,DSL,No,Yes,Yes,No,Yes,No,Two year,No,Electronic check,79.11,5069.33,4,115.7,No
TC_3769,Male,54,0,No,No,38,Yes,No,No,No internet service,No internet service,No internet service,No internet service,No internet service,No internet service,One year,No,Credit card,20.0,739.2,,0.0,No
TC_3770,Male,42,0,No,No,7,Yes,No,Fiber optic,No,No,Yes,No,No,No,One year,No,Electronic check,84.84,591.92,2,273.2,No
TC_3771,Male,31,0,No,No,64,Yes,Yes,Fiber optic,Yes,No,No,Yes,Yes,Yes,One year,Yes,Credit card,112.42,7409.91,5,201.9,No
TC_3772,Male,46,0,No,No,3,Yes,No,DSL,No,Yes,Yes,No,Yes,No,Month-to-month,No,Mailed check,81.77,239.02,9,56.5,No
TC_3773,Male,40,0,Yes,Yes,65,Yes,Yes,Fiber optic,Yes,No,Yes,No,No,Yes,Two year,Yes,Bank transfer,107.83,7484.14,8,267.9,No
TC_3774,Male,33,0,No,No,9,Yes,Yes,No,No internet service,No internet service,No internet service,No internet service,No internet service,No internet service,Month-to-month,No,Electronic check,20.0,187.19,1,0.0,Yes
TC_3775,Female,38,0,Yes,No,35,Yes,No,Fiber optic,No,Yes,No,No,No,Yes,Two year,No,Mailed check,107.77,3690.58,4,185.5,No
TC_3776,Male,63,0,Yes,No,59,Yes,No,Fiber optic,No,No,Yes,Yes,Yes,Yes,Two year,Yes,Mailed check,120.0,6677.51,9,183.3,No
TC_3777,Female,63,0,No,No,30,No,No phone service,Fiber optic,No,Yes,Yes,Yes,Yes,Yes,One year,No,Credit card,119.11,3329.72,3,305.1,No
TC_3778,Female,26,0,Yes,No,3,Yes,No,Fiber optic,No,No,Yes,No,Yes,No,Month-to-month,No,Electronic check,102.86,,7,266.6,Yes
TC_3779,Male,62,0,No,No,39,No,No phone service,No,No internet service,No internet service,No internet service,No internet service,No internet service,No internet service,One year,No,Bank transfer,23.79,1006.82,1,0.0,No
TC_3780,Female,38,0,No,No,7,Yes,Yes,DSL,No,No,Yes,Yes,No,No,Month-to-month,No,Mailed check,74.88,553.66,2,57.4,Yes
TC_3781,Male,35,0,No,Yes,66,Yes,No,DSL,No,No,No,No,No,No,Month-to-month,No,Mailed check,64.17,4074.0,1,56.3,No
TC_3782,Male,50,0,Yes,No,29,Yes,No,Fiber optic,No,Yes,Yes,No,No,Yes,Two year,No,Electronic check,,3299.1,7,167.7,Yes
TC_3783,Male,56,0,Yes,No,1,Yes,Yes,Fiber optic,No,No,No,No,Yes,No,Month-to-month,No,Credit card,,99.95,6,102.8,No
TC_3784,Female,28,0,No,No,61,Yes,No,No,No internet service,No internet service,No internet service,No internet service,No internet service,No internet service,Two year,Yes,Bank transfer,20.0,1213.02,1,0.0,No
TC_3785,Female,35,0,Yes,Yes,32,Yes,No,Fiber optic,Yes,No,Yes,No,Yes,No,Two year,No,Mailed check,116.04,3453.49,0,384.0,No
TC_3786,Female,30,0,Yes,No,4,Yes,No,No,No internet service,No internet service,No internet service,No internet service,No internet service,No internet service,Two year,Yes,Credit card,20.0,86.82,5,0.0,No
TC_3787,Female,55,0,Yes,Yes,2,Yes,No,DSL,Yes,No,Yes,No,Yes,Yes,Month-to-month,Yes,Mailed check,97.99,177.16,1,81.4,Yes
TC_3788,Female,21,0,Yes,Yes,7,Yes,Yes,Fiber optic,No,Yes,No,Yes,No,No,Month-to-month,Yes,Bank transfer,75.94,,4,205.6,No
TC_3789,Female,60,0,No,No,64,Yes,Yes,Fiber optic,Yes,No,No,No,Yes,No,Month-to-month,Yes,Credit card,89.99,5948.98,2,274.6,Yes
TC_3790,Female,32,0,Yes,No,48,Yes,Yes,No,No internet service,No internet service,No internet service,No internet service,No internet service,No internet service,Two year,Yes,Credit card,20.0,948.36,6,0.0,No
TC_3791,Male,56,0,Yes,No,1,Yes,Yes,DSL,No,No,Yes,Yes,Yes,Yes,One year,Yes,Mailed check,97.97,97.99,4,29.3,No
TC_3792,Male,38,0,No,No,2,Yes,Yes,Fiber optic,Yes,Yes,No,No,No,No,Month-to-month,No,Electronic check,88.45,193.33,4,236.8,Yes
TC_3793,Male,55,0,Yes,No,64,Yes,Yes,No,No internet service,No internet service,No internet service,No internet service,No internet service,No internet service,One year,Yes,Bank transfer,20.0,1187.83,1,0.0,No
TC_3794,Male,50,0,Yes,No,34,Yes,No,Fiber optic,Yes,Yes,No,No,No,Yes,One year,No,Bank transfer,116.68,4010.57,15,341.2,No
TC_3795,Female,37,0,No,No,7,Yes,Yes,Fiber optic,No,Yes,Yes,Yes,No,No,Month-to-month,Yes,Mailed check,113.68,766.31,7,100.4,No
TC_3796,Female,54,0,Yes,No,2,Yes,No,No,No internet service,No internet service,No internet service,No internet service,No internet service,No internet service,Month-to-month,Yes,Credit card,20.0,38.24,7,0.0,Yes
TC_3797,Male,43,0,Yes,No,62,Yes,Yes,DSL,No,No,No,Yes,No,No,Month-to-month,Yes,Mailed check,62.69,3605.05,4,137.7,No
TC_3798,Male,32,0,Yes,No,37,Yes,No,DSL,No,No,No,Yes,Yes,No,One year,Yes,Electronic check,77.55,2815.95,15,170.9,No
TC_3799,Male,44,0,Yes,No,59,Yes,No,DSL,Yes,Yes,No,Yes,Yes,Yes,Two year,No,Credit card,120.0,7710.5,7,49.1,No
TC_3800,Male,49,0,No,No,66,Yes,Yes,Fiber optic,No,No,No,No,No,No,One year,No,Electronic check,87.59,5364.22,6,306.1,No
TC_3801,Female,32,0,No,No,30,Yes,Yes,No,No internet service,No internet service,No internet service,No internet service,No internet service,No internet service,One year,No,Credit card,20.0,620.88,7,0.0,No
TC_3802,Female,70,1,Yes,No,3,Yes,Yes,Fiber optic,No,Yes,No,No,No,No,Month-to-month,Yes,Credit card,82.17,250.09,3,161.8,Yes
TC_3803,Female,56,0,Yes,No,68,Yes,No,Fiber optic,No,No,No,No,No,No,Two year,No,Bank transfer,88.81,5576.75,1,129.8,No
TC_3804,Female,54,0,No,No,36,No,No phone service,Fiber optic,No,No,No,No,No,Yes,Two year,Yes,Bank transfer,56.16,1964.56,5,44.8,No
TC_3805,Male,33,0,Yes,No,70,Yes,Yes,DSL,No,No,No,Yes,No,Yes,One year,Yes,Bank transfer,87.83,5987.79,0,171.9,No
TC_3806,Female,50,0,Yes,No,1,Yes,No,DSL,No,No,No,No,No,No,Month-to-month,Yes,Electronic check,51.04,46.6,1,61.8,Yes
TC_3807,Female,63,0,Yes,Yes,4,Yes,No,Fiber optic,No,No,No,No,Yes,No,Two year,Yes,Bank transfer,85.0,319.98,3,205.5,No
TC_3808,Female,37,0,Yes,No,30,Yes,No,Fiber optic,No,No,No,No,No,No,One year,Yes,Bank transfer,,2092.6,0,52.3,Yes
TC_3809,Male,42,0,Yes,Yes,5,No,No phone service,No,No internet service,No internet service,No internet service,No internet service,No internet service,No internet service,Month-to-month,No,Mailed check,18.99,88.4,8,0.0,No
TC_3810,Male,50,0,No,No,42,Yes,No,Fiber optic,No,Yes,No,No,Yes,Yes,One year,Yes,Bank transfer,103.7,4778.21,7,163.8,No
TC_3811,Female,54,0,No,No,7,Yes,No,DSL,No,No,No,No,Yes,No,One year,Yes,Credit card,66.09,426.18,0,158.9,No
TC_3812,Male,22,0,No,No,44,Yes,Yes,DSL,No,No,Yes,No,No,Yes,One year,No,Bank transfer,81.15,3600.26,10,75.5,No
TC_3813,Female,51,0,Yes,No,2,Yes,No,DSL,No,No,No,No,Yes,No,Month-to-month,No,Electronic check,,123.39,8,76.7,Yes
TC_3814,Male,37,0,No,No,6,No,No phone service,No,No internet service,No internet service,No internet service,No internet service,No internet service,No internet service,One year,No,Credit card,23.72,137.15,8,0.0,No
TC_3815,Female,27,0,No,No,,Yes,Yes,Fiber optic,No,No,No,No,Yes,No,Month-to-month,No,Bank transfer,83.07,1400.22,9,440.9,No
TC_3816,Female,74,1,Yes,Yes,61,Yes,Yes,Fiber optic,Yes,Yes,No,No,No,No,One year,No,Bank transfer,111.56,6371.37,5,119.2,No
TC_3817,Male,30,0,No,No,50,Yes,No,No,No internet service,No internet service,No internet service,No internet service,No internet service,No internet service,Two year,Yes,Credit card,,921.4,14,0.0,No
TC_3818,Female,27,0,No,No,63,Yes,No,Fiber optic,Yes,Yes,No,No,No,Yes,Month-to-month,Yes,Credit card,108.82,7374.43,5,204.0,Yes
TC_3819,Male,59,0,No,No,43,Yes,No,Fiber optic,No,Yes,No,No,No,Yes,Two year,Yes,Mailed check,93.55,4095.08,12,120.9,No
TC_3820,Male,46,0,No,No,7,Yes,Yes,Fiber optic,No,No,Yes,No,No,Yes,Month-to-month,Yes,Electronic check,107.76,726.39,2,308.5,No
TC_3821,Female,46,0,No,Yes,3,Yes,Yes,Fiber optic,Yes,No,Yes,Yes,Yes,Yes,Month-to-month,No,Electronic check,120.0,358.13,0,130.0,No
TC_3822,Male,25,0,No,No,5,Yes,Yes,No,No internet service,No internet service,No internet service,No internet service,No internet service,No internet service,Month-to-month,No,Electronic check,20.0,92.13,0,0.0,No
TC_3823,Male,44,0,No,Yes,4,Yes,No,DSL,No,No,Yes,No,Yes,Yes,Two year,No,Credit card,91.54,348.03,3,87.2,No
TC_3824,Male,62,0,Yes,No,10,Yes,No,Fiber optic,Yes,No,No,No,No,Yes,Two year,No,Mailed check,93.83,960.98,3,65.1,No
TC_3825,Female,47,0,No,No,16,Yes,Yes,DSL,No,Yes,Yes,No,Yes,Yes,One year,Yes,Electronic check,97.24,1693.72,7,71.6,Yes
TC_3826,Female,57,0,No,No,47,Yes,Yes,DSL,Yes,No,No,No,No,Yes,Two year,No,Electronic check,80.56,3479.83,3,62.6,No
TC_3827,Female,69,1,Yes,No,46,Yes,No,DSL,No,No,No,No,No,No,One year,No,Mailed check,64.86,3099.99,1,104.6,Yes
TC_3828,Male,45,0,Yes,No,60,Yes,No,Fiber optic,No,No,Yes,No,No,No,Two year,No,Electronic check,91.97,6001.31,,66.0,No
TC_3829,Male,39,0,Yes,Yes,3,Yes,No,Fiber optic,Yes,Yes,No,Yes,No,No,Month-to-month,No,Mailed check,120.0,386.65,3,218.7,No
TC_3830,Female,35,0,Yes,No,35,Yes,Yes,Fiber optic,No,No,Yes,No,Yes,Yes,Month-to-month,Yes,Credit card,94.03,3188.87,4,284.2,No
TC_3831,Male,63,0,No,No,55,Yes,Yes,DSL,No,Yes,Yes,No,No,Yes,Two year,No,Credit card,94.92,4813.72,1,34.4,No
TC_3832,Female,42,0,Yes,No,4,No,No phone service,Fiber optic,Yes,Yes,No,No,No,No,One year,Yes,Bank transfer,84.87,314.53,5,56.5,No
TC_3833,Female,53,0,Yes,No,70,Yes,Yes,No,No internet service,No internet service,No internet service,No internet service,No internet service,No internet service,One year,No,Credit card,,1263.86,3,0.0,Yes
TC_3834,Female,46,0,Yes,No,3,Yes,Yes,DSL,Yes,Yes,No,Yes,No,No,Month-to-month,No,Bank transfer,95.49,312.6,5,45.1,No
TC_3835,Female,35,0,No,No,5,Yes,No,Fiber optic,No,Yes,No,Yes,No,No,One year,Yes,Bank transfer,110.18,522.32,4,283.0,Yes
TC_3836,Female,38,0,Yes,No,53,Yes,No,Fiber optic,No,No,No,No,Yes,Yes,Two year,No,Credit card,100.22,5135.29,7,99.9,Yes
TC_3837,Male,40,0,No,No,56,Yes,No,Fiber optic,Yes,No,No,No,No,No,Month-to-month,Yes,Mailed check,87.5,4535.23,1,168.3,No
TC_3838,Male,39,0,Yes,Yes,40,Yes,No,DSL,Yes,No,No,No,No,Yes,Month-to-month,Yes,Credit card,78.12,3107.6,1,105.6,No
TC_3839,Male,31,0,Yes,Yes,61,Yes,No,No,No internet service,No internet service,No internet service,No internet service,No internet service,No internet service,One year,No,Bank transfer,20.0,1207.48,1,0.0,No
TC_3840,Male,35,0,No,No,38,Yes,No,DSL,Yes,No,No,Yes,No,No,Month-to-month,Yes,Bank transfer,84.21,2882.72,4,129.0,No
TC_3841,Female,30,0,Yes,No,24,Yes,No,Fiber optic,No,No,Yes,Yes,No,No,One year,No,Credit card,99.03,,7,188.1,No
TC_3842,Female,53,0,Yes,No,57,Yes,No,Fiber optic,No,No,Yes,No,No,No,One year,Yes,Bank transfer,75.88,4119.92,4,303.8,No
TC_3843,Male,41,0,No,No,1,Yes,No,Fiber optic,No,No,Yes,No,No,No,Month-to-month,Yes,Electronic check,79.15,80.18,4,403.6,Yes
TC_3844,Male,44,0,Yes,No,28,Yes,No,No,No internet service,No internet service,No internet service,No internet service,No internet service,No internet service,One year,No,Electronic check,20.0,504.92,9,0.0,No
TC_3845,Female,54,0,Yes,Yes,47,Yes,No,Fiber optic,Yes,No,No,No,Yes,Yes,Month-to-month,Yes,Credit card,95.6,4151.22,0,141.2,Yes
TC_3846,Male,36,0,No,No,6,Yes,Yes,Fiber optic,Yes,Yes,No,Yes,Yes,No,Month-to-month,Yes,Electronic check,120.0,684.48,3,435.6,Yes
TC_3847,Female,52,0,Yes,No,2,Yes,Yes,Fiber optic,No,No,No,No,No,No,Month-to-month,No,Credit card,69.84,129.83,6,256.5,Yes
TC_3848,Female,57,0,Yes,No,9,Yes,No,Fiber optic,Yes,No,No,No,No,Yes,One year,No,Bank transfer,106.4,998.63,4,302.5,Yes
TC_3849,Male,48,0,Yes,No,38,Yes,Yes,No,No internet service,No internet service,No internet service,No internet service,No internet service,No internet service,Month-to-month,No,Electronic check,20.0,754.91,2,0.0,No
TC_3850,Male,43,0,No,No,63,Yes,No,Fiber optic,No,Yes,Yes,Yes,No,No,One year,Yes,Bank transfer,106.42,6383.82,0,124.3,No
TC_3851,Female,31,0,No,No,55,Yes,Yes,Fiber optic,Yes,Yes,Yes,Yes,No,No,Two year,Yes,Bank transfer,116.21,6581.46,1,166.4,No
TC_3852,Female,38,0,No,No,13,Yes,Yes,Fiber optic,No,Yes,No,No,Yes,No,One year,No,Credit card,92.18,1079.95,6,202.2,No
TC_3853,Female,49,0,Yes,Yes,18,Yes,No,Fiber optic,No,No,Yes,No,Yes,Yes,Month-to-month,No,Electronic check,111.92,2186.63,4,356.9,No
TC_4578,Male,40,0,Yes,Yes,45,Yes,Yes,DSL,No,No,No,Yes,Yes,Yes,Month-to-month,Yes,Electronic check,76.14,3691.75,9,38.8,Yes
TC_3855,Female,32,0,No,No,59,Yes,No,Fiber optic,Yes,No,No,No,Yes,Yes,Two year,No,Credit card,113.55,6652.3,6,218.8,No
TC_3856,Female,64,0,No,No,9,Yes,No,No,No internet service,No internet service,No internet service,No internet service,No internet service,No internet service,One year,No,Bank transfer,20.0,,4,0.0,Yes
TC_3857,Male,54,0,No,No,65,Yes,No,Fiber optic,No,No,No,No,No,Yes,Month-to-month,Yes,Credit card,80.23,5252.95,4,374.5,Yes
TC_3858,Male,30,0,Yes,Yes,5,Yes,No,Fiber optic,Yes,No,Yes,No,No,No,One year,No,Mailed check,98.03,466.82,2,198.4,No
TC_3859,Female,40,0,No,Yes,25,No,No phone service,Fiber optic,Yes,Yes,No,No,No,No,Two year,Yes,Credit card,88.66,2152.11,2,228.1,No
TC_3860,Male,34,0,No,No,48,Yes,No,Fiber optic,Yes,Yes,Yes,No,No,No,Two year,Yes,Bank transfer,116.63,,1,167.2,No
TC_3861,Male,68,1,Yes,No,56,Yes,No,Fiber optic,No,Yes,Yes,No,Yes,No,Month-to-month,Yes,Mailed check,106.34,6492.48,7,121.2,Yes
TC_3862,Male,34,0,Yes,No,10,Yes,No,Fiber optic,No,No,Yes,Yes,No,No,One year,Yes,Mailed check,87.17,901.64,,95.4,Yes
TC_3863,Female,52,0,Yes,Yes,16,Yes,No,No,No internet service,No internet service,No internet service,No internet service,No internet service,No internet service,Month-to-month,No,Electronic check,20.0,345.71,4,0.0,No
TC_3864,Male,53,0,No,No,5,Yes,Yes,Fiber optic,Yes,Yes,No,Yes,No,No,One year,No,Bank transfer,116.16,560.55,0,248.3,Yes
TC_3865,Female,38,0,No,No,,Yes,No,Fiber optic,Yes,No,No,Yes,No,Yes,One year,Yes,Bank transfer,94.74,397.91,3,180.2,No
TC_3866,Male,65,1,No,No,52,Yes,Yes,No,No internet service,No internet service,No internet service,No internet service,No internet service,No internet service,One year,Yes,Credit card,20.0,1019.44,3,0.0,No
TC_3867,Female,49,0,Yes,No,57,Yes,No,Fiber optic,No,Yes,Yes,Yes,No,No,Two year,No,Mailed check,99.66,5661.78,15,151.7,No
TC_3868,Female,69,1,Yes,No,8,Yes,No,Fiber optic,No,No,No,No,No,No,One year,No,Mailed check,77.69,672.26,3,215.2,No
TC_3869,Female,43,0,No,Yes,4,Yes,No,DSL,No,No,Yes,Yes,Yes,No,One year,No,Credit card,79.8,,9,86.3,Yes
TC_3870,Female,67,1,Yes,Yes,45,Yes,No,Fiber optic,Yes,No,Yes,Yes,Yes,Yes,Two year,No,Credit card,120.0,4940.04,8,273.0,No
TC_3871,Female,29,0,No,No,7,Yes,Yes,DSL,No,No,No,No,No,No,One year,Yes,Credit card,58.83,445.16,1,170.1,No
TC_3872,Female,47,0,Yes,Yes,4,Yes,Yes,Fiber optic,No,Yes,No,Yes,Yes,No,Month-to-month,No,Bank transfer,102.45,428.52,5,169.5,No
TC_3856,Male,33,0,No,No,21,Yes,Yes,DSL,No,Yes,Yes,Yes,Yes,No,Month-to-month,Yes,Credit card,100.87,2217.58,0,59.0,No
TC_3874,Female,40,0,Yes,No,34,Yes,Yes,DSL,No,No,Yes,Yes,Yes,No,One year,Yes,Mailed check,99.05,3171.49,4,40.9,No
TC_3875,Male,57,0,Yes,No,21,Yes,No,Fiber optic,No,Yes,No,No,No,Yes,One year,Yes,Bank transfer,101.68,1984.88,6,200.4,No
TC_3876,Male,24,0,Yes,No,25,Yes,No,DSL,No,Yes,No,No,Yes,Yes,Two year,Yes,Bank transfer,82.76,,3,38.9,No
TC_3877,Female,57,0,Yes,Yes,65,Yes,No,Fiber optic,No,No,No,No,Yes,No,Two year,Yes,Electronic check,94.38,6015.16,3,345.6,No
TC_3878,Male,32,0,No,Yes,60,Yes,No,Fiber optic,Yes,No,Yes,No,Yes,Yes,Two year,Yes,Credit card,106.17,6767.83,6,53.3,No
TC_3879,Female,48,0,No,No,55,Yes,Yes,No,No internet service,No internet service,No internet service,No internet service,No internet service,No internet service,One year,Yes,Electronic check,20.0,1056.56,7,0.0,Yes
TC_3880,Female,46,0,Yes,No,62,Yes,No,DSL,No,No,Yes,Yes,Yes,Yes,One year,No,Electronic check,108.01,,0,61.9,No
TC_3881,Female,44,0,No,No,61,Yes,Yes,DSL,No,No,Yes,No,No,No,Two year,No,Electronic check,79.39,4702.07,2,110.8,No
TC_3882,Male,32,0,No,Yes,64,Yes,Yes,No,No internet service,No internet service,No internet service,No internet service,No internet service,No internet service,Two year,Yes,Bank transfer,20.0,1293.0,2,0.0,No
TC_3883,Female,23,0,Yes,Yes,19,Yes,Yes,Fiber optic,Yes,No,No,Yes,No,No,One year,No,Mailed check,94.06,1782.61,0,124.0,No
TC_3884,Male,37,0,Yes,Yes,51,Yes,Yes,No,No internet service,No internet service,No internet service,No internet service,No internet service,No internet service,One year,Yes,Electronic check,20.0,978.76,1,0.0,No
TC_3885,Male,58,0,No,No,2,Yes,Yes,Fiber optic,Yes,No,Yes,Yes,Yes,No,Two year,No,Electronic check,120.0,256.08,12,167.0,No
TC_3886,Male,67,1,Yes,No,4,No,No phone service,Fiber optic,No,No,No,No,No,Yes,One year,No,Credit card,64.29,280.85,11,169.8,No
TC_3887,Male,24,0,No,No,3,Yes,No,No,No internet service,No internet service,No internet service,No internet service,No internet service,No internet service,Month-to-month,Yes,Mailed check,,54.47,5,0.0,Yes
TC_3888,Male,34,0,Yes,No,7,Yes,No,DSL,No,No,No,No,No,No,One year,Yes,Bank transfer,56.27,367.72,1,115.7,Yes
TC_3889,Male,35,0,No,No,7,Yes,No,DSL,Yes,Yes,No,No,Yes,No,Month-to-month,Yes,Electronic check,98.48,689.9,0,79.9,No
TC_3890,Male,53,0,Yes,No,7,Yes,No,Fiber optic,No,No,No,Yes,Yes,Yes,Month-to-month,Yes,Mailed check,99.53,737.26,10,339.5,No
TC_3891,Female,29,0,Yes,No,3,Yes,No,Fiber optic,No,Yes,No,Yes,Yes,No,Month-to-month,Yes,Bank transfer,102.0,279.64,8,82.2,Yes
TC_3892,Male,59,0,Yes,Yes,4,Yes,No,Fiber optic,Yes,Yes,No,No,Yes,Yes,Month-to-month,Yes,Credit card,114.75,474.34,2,273.1,No
TC_3893,Male,32,0,No,No,16,Yes,No,No,No internet service,No internet service,No internet service,No internet service,No internet service,No internet service,Two year,Yes,Credit card,20.0,346.86,,0.0,No
TC_3894,Female,54,0,Yes,Yes,49,Yes,No,Fiber optic,Yes,No,No,Yes,No,Yes,One year,No,Credit card,94.47,4269.46,1,137.6,No
TC_3895,Female,26,0,Yes,Yes,6,Yes,No,No,No internet service,No internet service,No internet service,No internet service,No internet service,No internet service,Month-to-month,No,Electronic check,20.0,122.6,0,0.0,No
TC_3896,Female,29,0,Yes,Yes,9,Yes,Yes,DSL,No,No,No,No,Yes,Yes,Month-to-month,Yes,Bank transfer,73.32,659.99,2,72.9,Yes
TC_3897,Female,53,0,Yes,No,60,Yes,No,Fiber optic,No,No,Yes,Yes,No,No,Month-to-month,Yes,Electronic check,105.06,6681.2,10,311.4,No
TC_3898,Female,60,0,No,No,4,Yes,Yes,Fiber optic,No,Yes,No,Yes,Yes,No,Two year,No,Electronic check,98.07,361.17,3,229.9,No
TC_3899,Female,37,0,Yes,No,2,Yes,Yes,No,No internet service,No internet service,No internet service,No internet service,No internet service,No internet service,One year,Yes,Bank transfer,20.0,,4,0.0,No
TC_3900,Male,54,0,No,No,4,Yes,No,Fiber optic,No,Yes,No,No,Yes,No,Two year,No,Bank transfer,82.36,337.21,2,282.5,No
TC_3901,Male,60,0,Yes,No,59,Yes,Yes,No,No internet service,No internet service,No internet service,No internet service,No internet service,No internet service,Month-to-month,No,Electronic check,20.0,1101.32,2,0.0,No
TC_3902,Female,40,0,No,No,45,Yes,No,Fiber optic,Yes,No,Yes,No,Yes,Yes,One year,No,Bank transfer,120.0,5817.12,4,238.3,No
TC_3903,Female,35,0,No,No,53,Yes,Yes,Fiber optic,No,No,No,No,No,No,Month-to-month,Yes,Bank transfer,65.5,3311.53,3,178.1,No
TC_3904,Female,25,0,Yes,Yes,3,No,No phone service,Fiber optic,No,No,No,Yes,No,No,Month-to-month,Yes,Bank transfer,57.63,177.22,2,54.8,Yes
TC_3905,Female,41,0,No,Yes,61,Yes,Yes,Fiber optic,No,Yes,Yes,Yes,Yes,Yes,Two year,Yes,Bank transfer,120.0,7507.94,15,277.9,No
TC_3906,Female,32,0,No,No,70,Yes,Yes,Fiber optic,Yes,No,No,Yes,Yes,No,Two year,Yes,Bank transfer,102.91,,5,328.6,No
TC_3907,Female,65,1,No,No,72,Yes,No,Fiber optic,Yes,No,No,No,Yes,Yes,One year,No,Credit card,101.52,7683.26,3,250.2,No
TC_3908,Female,52,0,Yes,No,8,Yes,Yes,Fiber optic,No,Yes,Yes,Yes,No,No,Two year,Yes,Mailed check,99.7,792.69,2,161.0,No
TC_3909,Male,57,0,Yes,Yes,,Yes,No,DSL,Yes,No,No,No,No,No,One year,Yes,Mailed check,63.09,3920.17,8,85.3,No
TC_3910,Female,56,0,Yes,Yes,52,Yes,Yes,DSL,No,No,No,No,Yes,Yes,Month-to-month,Yes,Electronic check,79.35,3894.72,0,116.2,No
TC_3911,Male,31,0,No,No,6,Yes,No,Fiber optic,No,Yes,No,No,No,Yes,Month-to-month,No,Credit card,112.68,704.74,3,305.8,Yes
TC_3912,Female,50,0,No,No,23,Yes,Yes,DSL,No,No,Yes,No,No,No,Month-to-month,Yes,Mailed check,75.5,1673.16,7,53.5,Yes
TC_3913,Female,34,0,Yes,No,8,Yes,No,Fiber optic,Yes,Yes,Yes,Yes,No,Yes,One year,Yes,Credit card,109.11,850.3,2,120.8,Yes
TC_3914,Male,47,0,Yes,No,6,Yes,Yes,DSL,No,Yes,No,No,No,Yes,Month-to-month,No,Electronic check,81.99,488.44,3,14.7,No
TC_3915,Female,68,1,Yes,Yes,48,Yes,No,DSL,Yes,Yes,Yes,Yes,Yes,No,Two year,Yes,Bank transfer,102.08,5092.98,6,53.7,No
TC_3916,Male,59,0,Yes,Yes,44,Yes,Yes,No,No internet service,No internet service,No internet service,No internet service,No internet service,No internet service,Month-to-month,Yes,Electronic check,20.0,877.28,,0.0,Yes
TC_3917,Female,50,0,No,No,56,Yes,No,Fiber optic,No,No,No,No,Yes,Yes,Month-to-month,Yes,Mailed check,107.61,6532.54,12,225.4,Yes
TC_3918,Male,26,0,No,Yes,55,No,No phone service,DSL,No,No,No,Yes,No,Yes,One year,No,Electronic check,74.73,4121.43,3,109.0,No
TC_3919,Male,55,0,Yes,No,,Yes,No,No,No internet service,No internet service,No internet service,No internet service,No internet service,No internet service,Month-to-month,No,Bank transfer,20.0,1014.19,0,0.0,Yes
TC_3920,Female,41,0,No,No,4,No,No phone service,Fiber optic,No,No,No,No,No,No,One year,No,Bank transfer,52.88,217.37,2,400.0,Yes
TC_3921,Female,51,0,Yes,Yes,42,Yes,Yes,No,No internet service,No internet service,No internet service,No internet service,No internet service,No internet service,Two year,Yes,Credit card,20.0,842.85,7,0.0,No
TC_3922,Female,59,0,Yes,No,,Yes,No,Fiber optic,No,No,No,No,Yes,Yes,One year,Yes,Mailed check,97.2,1444.97,3,149.1,Yes
TC_3923,Male,45,0,Yes,Yes,61,Yes,Yes,Fiber optic,Yes,Yes,Yes,No,No,No,Two year,No,Electronic check,,6490.42,4,241.5,No
TC_3924,Female,28,0,No,Yes,56,Yes,Yes,DSL,No,No,No,Yes,Yes,No,One year,Yes,Bank transfer,82.7,4433.58,11,13.0,No
TC_3925,Female,38,0,No,No,11,Yes,No,Fiber optic,No,No,Yes,No,Yes,No,One year,Yes,Credit card,101.74,1167.74,3,425.6,No
TC_3926,Male,49,0,No,Yes,,Yes,No,No,No internet service,No internet service,No internet service,No internet service,No internet service,No internet service,One year,No,Bank transfer,20.0,897.7,1,0.0,No
TC_3927,Female,27,0,No,No,4,Yes,Yes,DSL,No,No,Yes,Yes,No,No,Month-to-month,Yes,Electronic check,95.66,401.22,2,99.0,Yes
TC_3928,Female,63,0,Yes,No,2,Yes,No,Fiber optic,No,Yes,Yes,No,Yes,Yes,Month-to-month,Yes,Electronic check,120.0,248.14,4,252.3,Yes
TC_3929,Male,59,0,Yes,Yes,58,No,No phone service,DSL,Yes,No,Yes,Yes,No,No,Two year,Yes,Mailed check,84.57,4973.94,1,124.7,No
TC_3930,Male,43,0,No,No,2,Yes,Yes,No,No internet service,No internet service,No internet service,No internet service,No internet service,No internet service,Month-to-month,No,Bank transfer,20.0,40.44,5,0.0,No
TC_3931,Male,73,1,Yes,No,60,Yes,No,Fiber optic,No,No,No,No,No,No,Two year,No,Mailed check,,4118.94,1,239.6,No
TC_3932,Male,27,0,No,No,66,Yes,Yes,DSL,No,No,Yes,No,Yes,No,One year,No,Mailed check,77.75,5284.25,4,58.8,No
TC_3933,Female,34,0,Yes,No,0,Yes,No,DSL,Yes,No,Yes,No,Yes,No,Month-to-month,No,Bank transfer,85.23,,5,120.2,No
TC_3934,Male,53,0,No,No,43,Yes,No,No,No internet service,No internet service,No internet service,No internet service,No internet service,No internet service,Two year,Yes,Credit card,20.0,925.39,0,0.0,No
TC_3935,Male,35,0,Yes,No,7,No,No phone service,DSL,No,Yes,No,No,No,No,One year,Yes,Credit card,45.59,296.73,5,73.5,Yes
TC_3936,Male,29,0,Yes,No,5,Yes,No,DSL,No,No,No,No,Yes,No,Month-to-month,No,Electronic check,,347.26,1,93.0,Yes
TC_3937,Female,42,0,No,Yes,5,Yes,Yes,Fiber optic,No,No,Yes,No,No,Yes,Two year,Yes,Bank transfer,88.89,457.46,2,218.5,No
TC_3938,Male,69,1,Yes,No,42,Yes,No,Fiber optic,Yes,No,No,Yes,Yes,Yes,One year,Yes,Credit card,108.53,4742.19,10,187.7,No
TC_3939,Male,32,0,No,No,50,Yes,Yes,No,No internet service,No internet service,No internet service,No internet service,No internet service,No internet service,Two year,No,Bank transfer,20.0,1092.85,2,0.0,No
TC_3940,Male,28,0,No,No,33,No,No phone service,DSL,Yes,No,No,No,No,No,Month-to-month,Yes,Bank transfer,,1637.46,1,48.8,Yes
TC_3941,Female,49,0,No,No,71,Yes,Yes,DSL,Yes,Yes,No,No,Yes,Yes,Month-to-month,Yes,Bank transfer,108.05,7488.1,0,98.6,No
TC_3942,Male,46,0,Yes,No,62,Yes,No,DSL,No,Yes,No,No,Yes,No,Two year,No,Mailed check,79.06,5157.09,0,75.7,No
TC_3943,Female,73,1,Yes,No,58,Yes,No,Fiber optic,No,No,No,No,No,Yes,One year,Yes,Mailed check,90.98,5071.76,6,162.0,Yes
TC_3944,Female,55,0,No,No,67,Yes,No,DSL,No,No,Yes,No,Yes,No,Two year,Yes,Bank transfer,73.0,4429.82,,54.3,No
TC_3945,Female,42,0,No,No,6,Yes,Yes,Fiber optic,No,No,Yes,No,No,No,Month-to-month,Yes,Mailed check,78.0,489.26,2,343.6,No
TC_3946,Female,51,0,Yes,No,0,Yes,No,DSL,Yes,Yes,No,Yes,Yes,Yes,Month-to-month,No,Bank transfer,106.7,,0,51.3,Yes
TC_3947,Female,26,0,Yes,No,23,Yes,Yes,Fiber optic,Yes,No,No,Yes,No,No,Month-to-month,Yes,Mailed check,91.77,1967.28,7,160.1,Yes
TC_3948,Female,58,0,Yes,Yes,2,No,No phone service,Fiber optic,Yes,No,Yes,No,Yes,Yes,One year,No,Credit card,96.84,177.93,1,184.3,No
TC_3949,Female,44,0,Yes,No,26,Yes,Yes,DSL,No,No,Yes,No,No,No,Two year,Yes,Credit card,59.21,1403.82,2,177.0,No
TC_3950,Female,62,0,Yes,Yes,28,Yes,No,DSL,No,Yes,Yes,No,No,No,Two year,No,Mailed check,78.51,2061.45,2,144.0,No
TC_3951,Female,57,0,No,No,3,Yes,Yes,Fiber optic,No,No,No,Yes,Yes,No,Month-to-month,Yes,Electronic check,89.42,290.71,1,355.8,Yes
TC_3952,Male,30,0,No,No,15,Yes,No,Fiber optic,Yes,No,No,No,Yes,Yes,One year,Yes,Bank transfer,116.66,1890.84,3,109.9,Yes
TC_3953,Female,72,1,No,No,1,No,No phone service,Fiber optic,Yes,No,Yes,No,Yes,Yes,Two year,Yes,Credit card,114.42,122.68,7,174.6,No
TC_3954,Female,32,0,Yes,No,2,Yes,No,DSL,No,No,No,No,Yes,Yes,Two year,Yes,Bank transfer,90.29,181.38,4,45.8,No
TC_3955,Female,74,1,Yes,No,69,Yes,No,DSL,No,No,Yes,No,Yes,No,Two year,Yes,Electronic check,84.88,6409.33,1,110.7,Yes
TC_3956,Male,57,0,No,No,23,Yes,Yes,Fiber optic,Yes,No,Yes,Yes,Yes,Yes,Month-to-month,No,Credit card,107.2,2562.91,8,170.1,No
TC_3957,Male,68,1,No,No,17,Yes,No,No,No internet service,No internet service,No internet service,No internet service,No internet service,No internet service,Two year,No,Mailed check,20.0,322.38,1,0.0,No
TC_3958,Female,39,0,No,No,9,Yes,Yes,DSL,No,No,Yes,No,Yes,Yes,Month-to-month,Yes,Electronic check,94.91,797.82,1,76.2,No
TC_3959,Male,39,0,Yes,No,7,Yes,Yes,DSL,No,No,No,No,Yes,No,Month-to-month,Yes,Electronic check,62.43,460.62,7,92.5,Yes
TC_3960,Female,39,0,No,No,55,Yes,Yes,No,No internet service,No internet service,No internet service,No internet service,No internet service,No internet service,Two year,Yes,Bank transfer,20.0,,2,0.0,No
TC_3961,Female,56,0,No,No,2,No,No phone service,Fiber optic,No,No,No,No,Yes,No,One year,Yes,Electronic check,61.33,126.03,9,261.7,Yes
TC_3962,Male,30,0,Yes,Yes,7,No,No phone service,DSL,Yes,No,No,Yes,Yes,No,One year,No,Credit card,74.58,484.19,7,27.4,No
TC_3963,Male,30,0,No,Yes,53,No,No phone service,DSL,No,No,No,No,Yes,Yes,Month-to-month,Yes,Mailed check,56.56,2966.41,9,13.9,No
TC_3964,Female,69,1,No,No,72,Yes,No,DSL,No,No,No,Yes,No,Yes,Month-to-month,No,Bank transfer,79.71,5398.14,,189.9,Yes
TC_3965,Female,54,0,Yes,Yes,4,Yes,Yes,Fiber optic,No,No,No,No,No,No,Month-to-month,No,Credit card,82.69,354.85,3,103.3,No
TC_3966,Female,37,0,No,No,67,Yes,Yes,Fiber optic,No,No,No,No,Yes,No,Two year,Yes,Mailed check,95.71,6244.95,2,277.9,No
TC_3967,Female,48,0,Yes,Yes,54,Yes,No,DSL,No,No,No,No,No,No,One year,Yes,Mailed check,60.56,2979.9,2,60.6,No
TC_3968,Male,27,0,No,Yes,71,Yes,No,DSL,No,No,No,Yes,No,No,One year,No,Electronic check,77.55,5843.68,0,63.9,No
TC_3969,Female,19,0,No,Yes,11,Yes,No,Fiber optic,Yes,Yes,Yes,No,No,No,One year,No,Mailed check,106.67,1282.16,3,452.0,No
TC_3970,Male,42,0,Yes,No,42,Yes,Yes,DSL,Yes,Yes,Yes,Yes,Yes,Yes,Two year,No,Electronic check,118.96,4666.21,1,88.5,No
TC_3971,Male,40,0,Yes,No,46,Yes,No,Fiber optic,Yes,Yes,Yes,Yes,Yes,Yes,Two year,No,Credit card,120.0,5249.22,0,327.7,No
TC_3972,Female,40,0,Yes,No,62,Yes,No,Fiber optic,Yes,Yes,No,No,Yes,Yes,Two year,Yes,Credit card,120.0,6922.58,10,230.6,No
TC_3973,Male,29,0,Yes,No,41,Yes,Yes,Fiber optic,Yes,No,No,No,Yes,No,Month-to-month,Yes,Bank transfer,86.48,3296.1,2,116.0,No
TC_3974,Female,60,0,Yes,Yes,51,Yes,Yes,DSL,No,Yes,No,Yes,No,Yes,Two year,Yes,Credit card,87.32,4570.16,6,39.4,No
TC_3975,Female,39,0,Yes,Yes,61,Yes,No,No,No internet service,No internet service,No internet service,No internet service,No internet service,No internet service,Month-to-month,Yes,Bank transfer,20.0,1326.02,5,0.0,Yes
TC_3976,Female,27,0,No,Yes,4,Yes,Yes,DSL,No,No,Yes,Yes,Yes,Yes,One year,Yes,Electronic check,85.26,322.84,1,73.1,No
TC_3977,Male,38,0,No,No,2,Yes,Yes,DSL,No,No,Yes,No,Yes,No,Month-to-month,No,Electronic check,69.8,152.26,1,123.9,Yes
TC_3978,Female,49,0,No,No,46,Yes,No,DSL,No,No,No,No,Yes,No,Two year,No,Bank transfer,81.82,3431.14,,77.6,No
TC_3979,Male,54,0,Yes,No,67,Yes,Yes,No,No internet service,No internet service,No internet service,No internet service,No internet service,No internet service,Month-to-month,No,Credit card,20.0,1351.12,3,0.0,No
TC_3980,Female,28,0,Yes,Yes,26,Yes,No,DSL,Yes,No,Yes,Yes,Yes,No,Month-to-month,Yes,Bank transfer,110.51,2908.67,8,47.3,No
TC_3981,Male,33,0,No,No,,Yes,No,DSL,No,Yes,No,No,No,Yes,One year,Yes,Mailed check,86.15,686.24,15,46.5,No
TC_3982,Female,28,0,No,Yes,36,Yes,Yes,Fiber optic,No,No,No,Yes,No,No,Two year,Yes,Electronic check,77.5,2998.56,0,245.2,No
TC_3983,Male,59,0,Yes,No,7,Yes,No,DSL,No,No,Yes,No,Yes,Yes,Month-to-month,No,Mailed check,84.87,569.51,0,127.7,No
TC_3984,Female,49,0,Yes,Yes,70,Yes,Yes,Fiber optic,Yes,No,No,No,Yes,Yes,Two year,No,Credit card,98.55,6642.21,8,140.5,No
TC_3985,Male,40,0,No,No,33,Yes,No,Fiber optic,No,No,No,Yes,Yes,Yes,Two year,Yes,Electronic check,110.62,3463.82,,76.6,No
TC_3986,Female,36,0,Yes,No,8,Yes,No,DSL,No,Yes,Yes,No,No,No,One year,Yes,Credit card,64.33,496.16,6,145.5,Yes
TC_3987,Male,59,0,Yes,No,2,Yes,No,No,No internet service,No internet service,No internet service,No internet service,No internet service,No internet service,One year,No,Mailed check,20.0,36.52,4,0.0,No
TC_3988,Female,68,1,No,No,,Yes,Yes,DSL,No,Yes,No,Yes,No,Yes,Two year,No,Electronic check,85.05,,8,19.8,No
TC_3989,Female,73,1,Yes,Yes,37,Yes,Yes,DSL,No,Yes,No,No,No,Yes,Two year,No,Electronic check,87.18,2978.06,0,20.8,No
TC_3990,Male,23,0,Yes,No,5,No,No phone service,DSL,No,No,No,No,Yes,No,Two year,No,Mailed check,45.43,222.07,7,89.4,No
TC_3991,Male,28,0,No,No,29,No,No phone service,Fiber optic,Yes,No,Yes,Yes,No,No,Two year,No,Bank transfer,82.75,2303.59,1,251.0,No
TC_3992,Male,26,0,No,No,60,Yes,No,Fiber optic,No,No,No,No,Yes,No,One year,Yes,Credit card,91.76,5932.86,11,263.5,No
TC_3993,Female,28,0,Yes,Yes,64,Yes,Yes,Fiber optic,No,No,Yes,No,No,No,Two year,Yes,Mailed check,86.65,5645.8,4,162.7,No
TC_3994,Female,31,0,Yes,No,19,Yes,Yes,Fiber optic,Yes,No,No,Yes,No,Yes,Month-to-month,No,Electronic check,108.65,1996.55,0,354.1,No
TC_3995,Female,55,0,No,No,1,Yes,No,No,No internet service,No internet service,No internet service,No internet service,No internet service,No internet service,Month-to-month,Yes,Bank transfer,20.0,20.3,4,0.0,Yes
TC_3996,Female,45,0,No,No,64,No,No phone service,DSL,Yes,Yes,No,No,No,Yes,Month-to-month,No,Mailed check,82.39,5630.95,1,26.3,No
TC_3997,Male,53,0,No,Yes,68,Yes,No,DSL,Yes,No,No,No,Yes,Yes,Two year,No,Credit card,75.74,5544.54,5,58.2,No
TC_3998,Female,35,0,No,No,5,Yes,No,No,No internet service,No internet service,No internet service,No internet service,No internet service,No internet service,Month-to-month,Yes,Bank transfer,20.0,101.11,1,0.0,No
TC_3999,Female,59,0,Yes,No,45,No,No phone service,Fiber optic,Yes,No,Yes,Yes,Yes,No,One year,Yes,Mailed check,82.28,3716.38,6,196.4,No
TC_4000,Male,33,0,No,No,13,Yes,No,Fiber optic,No,Yes,No,No,No,No,Month-to-month,Yes,Electronic check,98.54,1225.35,4,273.3,Yes
TC_4001,Female,56,0,Yes,Yes,29,Yes,No,Fiber optic,No,No,No,No,Yes,No,Month-to-month,Yes,Mailed check,88.97,2831.83,9,189.1,Yes
TC_4002,Male,23,0,No,No,62,Yes,No,Fiber optic,Yes,No,No,Yes,No,No,Month-to-month,No,Mailed check,91.18,5963.41,7,122.7,Yes
TC_4003,Male,43,0,No,No,15,Yes,No,Fiber optic,No,Yes,No,Yes,No,Yes,Month-to-month,No,Electronic check,99.46,1390.91,1,203.6,Yes
TC_4004,Male,68,1,Yes,Yes,27,Yes,No,Fiber optic,Yes,No,Yes,No,Yes,No,Two year,Yes,Credit card,120.0,3185.7,3,398.3,No
TC_4005,Male,52,0,Yes,No,25,Yes,Yes,DSL,No,No,No,Yes,Yes,No,Two year,No,Credit card,81.94,1916.25,0,73.4,No
TC_4006,Male,43,0,Yes,No,56,Yes,No,Fiber optic,No,Yes,Yes,Yes,Yes,Yes,Two year,No,Bank transfer,115.8,,4,375.0,No
TC_4007,Male,28,0,No,No,58,Yes,No,No,No internet service,No internet service,No internet service,No internet service,No internet service,No internet service,One year,Yes,Bank transfer,20.0,1266.57,3,0.0,No
TC_4008,Male,19,0,No,No,36,Yes,Yes,DSL,Yes,Yes,Yes,No,Yes,Yes,Two year,No,Credit card,120.0,4317.97,2,37.5,No
TC_4009,Male,43,0,No,No,61,Yes,No,Fiber optic,Yes,No,Yes,Yes,Yes,Yes,Month-to-month,Yes,Electronic check,120.0,7320.06,7,143.3,No
TC_4010,Male,76,1,Yes,No,55,Yes,No,No,No internet service,No internet service,No internet service,No internet service,No internet service,No internet service,One year,Yes,Bank transfer,20.0,1105.31,2,0.0,Yes
TC_4011,Female,25,0,Yes,Yes,5,Yes,No,No,No internet service,No internet service,No internet service,No internet service,No internet service,No internet service,Month-to-month,Yes,Electronic check,20.0,109.35,0,0.0,Yes
TC_4012,Male,51,0,No,No,48,No,No phone service,Fiber optic,Yes,Yes,Yes,No,No,No,Two year,Yes,Electronic check,94.41,4394.86,4,139.6,No
TC_4013,Male,71,1,No,No,0,Yes,No,No,No internet service,No internet service,No internet service,No internet service,No internet service,No internet service,Month-to-month,Yes,Credit card,20.0,,6,0.0,Yes
TC_4014,Male,36,0,No,No,2,Yes,No,DSL,No,Yes,Yes,Yes,No,Yes,Month-to-month,Yes,Bank transfer,89.84,177.72,2,121.8,Yes
TC_4015,Female,71,1,No,No,32,Yes,No,No,No internet service,No internet service,No internet service,No internet service,No internet service,No internet service,Month-to-month,Yes,Electronic check,20.0,679.09,5,0.0,Yes
TC_4016,Female,36,0,Yes,Yes,4,Yes,Yes,Fiber optic,No,No,No,Yes,No,No,Month-to-month,Yes,Credit card,79.5,308.45,8,92.5,Yes
TC_4017,Female,55,0,No,Yes,7,Yes,No,DSL,No,No,No,Yes,No,Yes,Month-to-month,No,Electronic check,78.91,549.09,0,140.7,Yes
TC_4018,Female,37,0,Yes,No,,Yes,Yes,Fiber optic,No,Yes,No,Yes,Yes,Yes,One year,No,Credit card,105.98,4945.09,3,245.1,No
TC_4019,Male,35,0,No,Yes,7,Yes,No,Fiber optic,No,No,No,Yes,No,No,One year,No,Credit card,96.41,688.32,10,248.4,No
TC_4020,Female,31,0,No,No,6,Yes,No,No,No internet service,No internet service,No internet service,No internet service,No internet service,No internet service,Month-to-month,Yes,Electronic check,20.0,131.44,6,0.0,Yes
TC_4021,Male,50,0,Yes,No,8,Yes,No,Fiber optic,No,No,No,No,Yes,Yes,Two year,Yes,Electronic check,,884.99,3,308.5,No
TC_4022,Female,48,0,Yes,No,52,No,No phone service,DSL,No,No,No,No,No,No,Month-to-month,No,Mailed check,42.87,2132.3,4,84.3,No
TC_4023,Female,38,0,Yes,No,63,Yes,Yes,DSL,Yes,No,No,No,No,Yes,Month-to-month,Yes,Electronic check,91.05,6126.28,4,38.1,No
TC_4024,Male,70,1,Yes,Yes,45,Yes,No,No,No internet service,No internet service,No internet service,No internet service,No internet service,No internet service,One year,No,Credit card,20.0,904.01,2,0.0,No
TC_4025,Male,53,0,No,No,59,Yes,Yes,Fiber optic,No,Yes,No,No,No,No,Month-to-month,Yes,Bank transfer,97.95,6084.3,7,397.2,Yes
TC_4026,Male,40,0,Yes,No,71,Yes,Yes,Fiber optic,Yes,No,No,Yes,Yes,No,Two year,No,Credit card,120.0,8509.82,14,413.7,No
TC_4027,Male,30,0,No,No,54,Yes,No,DSL,No,No,Yes,No,Yes,No,One year,No,Mailed check,69.29,3748.95,0,76.8,No
TC_4028,Male,64,0,Yes,No,36,Yes,No,Fiber optic,No,No,No,No,No,Yes,One year,No,Bank transfer,79.01,2725.78,12,78.6,No
TC_4029,Male,52,0,No,No,4,Yes,No,Fiber optic,No,No,No,Yes,Yes,Yes,Month-to-month,Yes,Bank transfer,97.01,366.22,11,221.4,Yes
TC_4030,Male,43,0,Yes,No,44,Yes,Yes,DSL,No,Yes,Yes,No,No,Yes,One year,Yes,Mailed check,,3960.37,2,36.3,No
TC_4031,Male,53,0,Yes,No,53,Yes,No,DSL,No,No,No,No,No,No,Two year,No,Mailed check,61.48,3031.87,2,127.6,No
TC_4032,Female,26,0,No,No,37,Yes,Yes,No,No internet service,No internet service,No internet service,No internet service,No internet service,No internet service,Two year,Yes,Mailed check,20.0,752.93,2,0.0,No
TC_4033,Female,56,0,No,No,8,Yes,No,DSL,No,Yes,No,Yes,No,Yes,Month-to-month,Yes,Electronic check,88.93,775.9,,46.6,Yes
TC_4034,Female,46,0,Yes,No,54,Yes,No,No,No internet service,No internet service,No internet service,No internet service,No internet service,No internet service,Two year,Yes,Credit card,20.0,1046.99,11,0.0,No
TC_4035,Male,61,0,Yes,No,49,Yes,Yes,Fiber optic,Yes,No,No,Yes,No,No,Month-to-month,Yes,Credit card,105.18,5626.62,4,83.6,No
TC_4036,Female,44,0,No,No,2,Yes,Yes,Fiber optic,Yes,No,Yes,No,No,Yes,Month-to-month,No,Mailed check,108.43,233.61,,224.1,Yes
TC_4037,Male,34,0,Yes,No,,Yes,Yes,DSL,Yes,No,Yes,No,No,No,Two year,Yes,Credit card,90.59,2978.42,0,152.2,No
TC_4038,Female,46,0,Yes,No,8,Yes,No,DSL,Yes,Yes,No,No,No,No,Month-to-month,No,Mailed check,70.14,,3,33.3,No
TC_4039,Female,30,0,Yes,No,42,Yes,No,No,No internet service,No internet service,No internet service,No internet service,No internet service,No internet service,Two year,Yes,Electronic check,20.0,875.09,8,0.0,No
TC_4040,Female,68,1,No,No,53,Yes,No,DSL,No,Yes,Yes,No,No,Yes,One year,Yes,Credit card,76.26,3992.26,12,76.8,Yes
TC_4041,Female,47,0,No,No,7,Yes,Yes,DSL,No,No,No,No,Yes,Yes,Month-to-month,No,Credit card,76.75,509.09,3,62.9,Yes
TC_4042,Male,52,0,Yes,Yes,6,Yes,No,DSL,No,Yes,Yes,Yes,No,No,Month-to-month,Yes,Electronic check,86.99,524.26,1,36.2,No
TC_4043,Male,45,0,No,No,1,No,No phone service,No,No internet service,No internet service,No internet service,No internet service,No internet service,No internet service,One year,Yes,Credit card,18.57,18.29,4,0.0,No
TC_4044,Male,42,0,Yes,No,30,Yes,No,Fiber optic,No,No,Yes,Yes,No,Yes,Two year,Yes,Bank transfer,117.06,3839.16,0,345.5,No
TC_4045,Male,52,0,Yes,Yes,15,Yes,No,DSL,No,Yes,No,Yes,No,No,One year,Yes,Electronic check,80.04,1158.06,2,109.2,No
TC_4046,Female,49,0,No,No,7,Yes,No,Fiber optic,No,No,No,Yes,No,Yes,Month-to-month,No,Credit card,88.62,576.24,0,206.9,No
TC_4047,Male,56,0,No,No,72,Yes,Yes,DSL,Yes,No,No,No,Yes,No,Month-to-month,No,Electronic check,78.22,5465.67,8,104.9,Yes
TC_4048,Female,32,0,Yes,No,5,Yes,No,Fiber optic,Yes,No,No,No,No,Yes,Month-to-month,Yes,Credit card,90.31,473.94,5,205.0,Yes
TC_4049,Female,39,0,Yes,No,42,Yes,No,DSL,No,No,No,Yes,No,No,One year,Yes,Credit card,67.88,2592.44,7,144.8,No
TC_4050,Female,43,0,Yes,Yes,2,Yes,No,DSL,No,No,Yes,No,No,No,Month-to-month,No,Mailed check,65.28,,8,104.6,Yes
TC_4051,Male,42,0,Yes,No,69,Yes,No,No,No internet service,No internet service,No internet service,No internet service,No internet service,No internet service,One year,No,Electronic check,20.0,,3,0.0,No
TC_4052,Female,54,0,Yes,No,5,No,No phone service,Fiber optic,No,Yes,Yes,Yes,No,Yes,One year,Yes,Electronic check,90.02,435.05,15,220.7,No
TC_4053,Female,29,0,Yes,No,1,Yes,No,DSL,No,Yes,No,No,No,Yes,Month-to-month,No,Mailed check,78.22,84.7,5,94.5,Yes
TC_4054,Male,35,0,Yes,No,56,Yes,No,Fiber optic,No,Yes,Yes,No,Yes,Yes,Month-to-month,Yes,Mailed check,120.0,6738.39,1,255.6,No
TC_4055,Male,24,0,No,No,45,Yes,Yes,Fiber optic,No,No,Yes,Yes,No,Yes,Two year,No,Credit card,108.44,5287.99,0,411.3,No
TC_4056,Male,40,0,No,Yes,72,Yes,No,Fiber optic,No,No,No,No,Yes,No,Two year,Yes,Bank transfer,92.03,6454.19,10,190.6,No
TC_4057,Female,46,0,No,No,,Yes,No,Fiber optic,No,No,No,No,Yes,Yes,One year,No,Credit card,91.09,5649.55,3,98.6,No
TC_4058,Male,40,0,Yes,No,21,Yes,Yes,DSL,No,No,No,No,No,Yes,Two year,No,Mailed check,63.32,1461.29,1,56.6,No
TC_4059,Male,29,0,No,No,1,Yes,No,Fiber optic,No,Yes,No,Yes,No,Yes,Month-to-month,Yes,Bank transfer,103.29,102.45,3,147.0,No
TC_4060,Male,61,0,Yes,No,53,Yes,No,No,No internet service,No internet service,No internet service,No internet service,No internet service,No internet service,Two year,No,Credit card,20.0,972.33,2,0.0,No
TC_4061,Male,21,0,Yes,No,8,Yes,No,DSL,No,Yes,No,Yes,Yes,Yes,Month-to-month,No,Mailed check,113.75,825.14,0,57.0,No
TC_4062,Female,52,0,No,Yes,37,Yes,Yes,Fiber optic,No,No,Yes,No,Yes,No,One year,No,Mailed check,110.01,3771.41,,259.2,Yes
TC_4063,Male,29,0,No,No,56,Yes,Yes,DSL,No,No,No,Yes,No,Yes,Two year,Yes,Credit card,79.65,4427.67,1,10.7,No
TC_4064,Male,39,0,Yes,No,23,Yes,No,Fiber optic,Yes,No,No,No,No,Yes,Month-to-month,No,Electronic check,87.49,1873.66,4,317.8,No
TC_4065,Female,46,0,Yes,Yes,4,Yes,No,DSL,No,Yes,Yes,Yes,No,Yes,Month-to-month,Yes,Electronic check,96.38,352.1,5,83.3,No
TC_4066,Female,63,0,Yes,No,2,Yes,Yes,DSL,No,No,Yes,No,No,Yes,Month-to-month,No,Electronic check,73.79,155.39,6,52.9,No
TC_4067,Male,31,0,No,No,57,Yes,Yes,Fiber optic,No,No,Yes,Yes,Yes,Yes,Two year,Yes,Mailed check,119.13,7448.46,0,281.3,No
TC_4068,Female,56,0,No,No,9,Yes,Yes,No,No internet service,No internet service,No internet service,No internet service,No internet service,No internet service,One year,No,Electronic check,20.0,169.03,,0.0,Yes
TC_4069,Female,46,0,Yes,No,42,Yes,No,DSL,No,Yes,No,No,Yes,No,Month-to-month,No,Mailed check,92.86,3816.51,6,48.4,No
TC_4070,Female,45,0,Yes,No,63,Yes,No,No,No internet service,No internet service,No internet service,No internet service,No internet service,No internet service,Month-to-month,Yes,Electronic check,20.0,1238.65,12,0.0,No
TC_4071,Female,46,0,Yes,No,42,Yes,Yes,DSL,No,No,No,Yes,Yes,No,One year,No,Bank transfer,93.05,4228.7,12,60.0,Yes
TC_4072,Female,33,0,Yes,Yes,3,Yes,No,No,No internet service,No internet service,No internet service,No internet service,No internet service,No internet service,One year,Yes,Credit card,20.0,64.94,1,0.0,No
TC_4073,Male,48,0,Yes,No,30,Yes,No,DSL,Yes,No,No,No,Yes,Yes,Two year,No,Credit card,103.98,3084.04,7,171.5,No
TC_4074,Female,37,0,Yes,Yes,47,Yes,Yes,No,No internet service,No internet service,No internet service,No internet service,No internet service,No internet service,Two year,Yes,Credit card,20.0,874.94,4,0.0,Yes
TC_4075,Female,47,0,Yes,No,10,No,No phone service,No,No internet service,No internet service,No internet service,No internet service,No internet service,No internet service,Month-to-month,No,Credit card,21.74,220.7,1,0.0,No
TC_4076,Male,41,0,No,Yes,9,Yes,Yes,Fiber optic,Yes,No,No,No,Yes,Yes,Two year,Yes,Electronic check,,989.9,4,443.5,No
TC_4077,Female,64,0,Yes,No,20,Yes,No,No,No internet service,No internet service,No internet service,No internet service,No internet service,No internet service,Month-to-month,No,Credit card,20.0,363.6,0,0.0,Yes
TC_4078,Male,22,0,No,No,5,Yes,No,Fiber optic,Yes,Yes,No,Yes,Yes,Yes,Month-to-month,Yes,Credit card,120.0,618.93,0,177.0,No
TC_4079,Male,45,0,No,Yes,66,Yes,No,DSL,Yes,Yes,Yes,Yes,No,No,Two year,No,Bank transfer,102.14,6763.46,3,34.5,No
TC_4080,Female,40,0,No,No,3,Yes,No,DSL,No,No,No,Yes,Yes,Yes,Month-to-month,Yes,Mailed check,79.15,239.55,0,72.5,Yes
TC_4081,Female,71,1,No,No,58,Yes,Yes,DSL,No,No,Yes,No,No,No,One year,No,Credit card,76.61,4819.34,2,61.8,No
TC_4082,Male,50,0,No,No,60,Yes,Yes,No,No internet service,No internet service,No internet service,No internet service,No internet service,No internet service,Two year,Yes,Mailed check,20.0,1214.71,0,0.0,No
TC_4083,Male,19,0,No,No,3,Yes,No,Fiber optic,No,No,No,Yes,No,No,One year,Yes,Electronic check,101.96,291.17,5,149.4,No
TC_4084,Female,32,0,No,No,52,Yes,No,No,No internet service,No internet service,No internet service,No internet service,No internet service,No internet service,One year,Yes,Bank transfer,,961.29,4,0.0,No
TC_4085,Male,25,0,No,No,62,Yes,No,No,No internet service,No internet service,No internet service,No internet service,No internet service,No internet service,Two year,Yes,Credit card,20.0,1171.48,5,0.0,No
TC_4086,Female,20,0,Yes,Yes,3,Yes,Yes,Fiber optic,No,No,No,No,No,Yes,Month-to-month,Yes,Electronic check,76.15,,5,481.3,Yes
TC_4087,Male,28,0,No,No,22,Yes,No,Fiber optic,No,Yes,Yes,Yes,No,No,One year,Yes,Electronic check,104.82,2102.06,4,139.4,No
TC_4088,Female,25,0,No,No,9,No,No phone service,No,No internet service,No internet service,No internet service,No internet service,No internet service,No internet service,Two year,Yes,Bank transfer,22.22,200.28,0,0.0,No
TC_4089,Female,29,0,Yes,No,64,Yes,No,Fiber optic,No,Yes,No,No,Yes,No,One year,Yes,Credit card,99.42,6307.46,8,155.9,Yes
TC_4090,Female,42,0,Yes,No,60,No,No phone service,Fiber optic,Yes,No,No,No,Yes,No,One year,Yes,Credit card,79.91,,7,63.2,No
TC_4091,Female,63,0,Yes,No,,Yes,No,Fiber optic,No,No,No,No,No,No,Month-to-month,No,Mailed check,76.99,80.66,1,131.4,Yes
TC_4092,Male,33,0,No,No,64,Yes,Yes,No,No internet service,No internet service,No internet service,No internet service,No internet service,No internet service,Two year,Yes,Credit card,20.0,1233.62,0,0.0,No
TC_4093,Female,50,0,No,No,1,Yes,Yes,Fiber optic,Yes,Yes,No,No,Yes,Yes,Month-to-month,No,Bank transfer,111.69,102.44,5,256.5,No
TC_4094,Female,25,0,No,No,41,Yes,No,DSL,Yes,Yes,No,No,No,No,One year,Yes,Bank transfer,68.33,2607.45,0,21.1,No
TC_4095,Female,60,0,No,No,1,Yes,No,Fiber optic,No,Yes,Yes,No,Yes,No,Month-to-month,No,Electronic check,116.11,105.78,3,94.7,No
TC_4096,Male,46,0,Yes,No,4,Yes,Yes,Fiber optic,Yes,No,Yes,Yes,No,No,Month-to-month,No,Credit card,118.04,428.93,7,311.6,Yes
TC_4097,Male,62,0,Yes,No,2,Yes,Yes,No,No internet service,No internet service,No internet service,No internet service,No internet service,No internet service,Month-to-month,No,Bank transfer,20.0,43.4,2,0.0,No
TC_4098,Female,31,0,Yes,No,72,Yes,No,Fiber optic,No,Yes,Yes,No,Yes,No,One year,Yes,Electronic check,119.85,8310.87,10,103.5,No
TC_4099,Female,25,0,Yes,No,68,Yes,No,DSL,No,No,No,No,No,No,Month-to-month,No,Electronic check,67.43,4224.2,0,74.7,No
TC_4100,Male,45,0,Yes,No,71,Yes,Yes,DSL,No,No,Yes,No,No,No,Month-to-month,Yes,Bank transfer,74.04,4790.95,3,42.2,No
TC_4101,Male,25,0,No,No,65,Yes,No,DSL,No,No,Yes,No,No,Yes,One year,Yes,Bank transfer,74.92,5072.85,7,170.0,Yes
TC_4102,Female,36,0,No,No,6,Yes,No,DSL,Yes,Yes,No,Yes,No,No,Two year,No,Electronic check,94.05,537.04,3,71.3,No
TC_4103,Female,57,0,No,No,,No,No phone service,Fiber optic,No,Yes,No,No,Yes,Yes,Month-to-month,Yes,Bank transfer,86.18,5357.71,12,249.8,No
TC_4104,Male,35,0,No,No,1,Yes,No,DSL,Yes,No,No,No,Yes,Yes,One year,No,Mailed check,85.13,81.66,1,57.3,No
TC_4105,Female,40,0,No,No,58,Yes,No,No,No internet service,No internet service,No internet service,No internet service,No internet service,No internet service,Two year,Yes,Electronic check,20.0,1069.82,1,0.0,No
TC_4106,Female,65,1,Yes,No,55,Yes,Yes,Fiber optic,Yes,No,No,No,Yes,Yes,Month-to-month,Yes,Electronic check,112.75,5828.66,4,310.1,No
TC_4107,Male,51,0,Yes,No,3,Yes,No,DSL,No,No,No,No,No,Yes,Two year,No,Bank transfer,64.38,207.43,4,40.2,Yes
TC_4108,Male,30,0,No,No,7,Yes,Yes,DSL,Yes,Yes,Yes,No,Yes,No,Month-to-month,Yes,Mailed check,101.59,761.51,0,106.7,No
TC_4109,Male,48,0,Yes,Yes,,Yes,No,DSL,Yes,No,No,No,No,No,Two year,Yes,Credit card,62.53,3692.03,6,69.0,No
TC_4110,Male,68,1,Yes,No,59,Yes,No,Fiber optic,No,Yes,Yes,No,Yes,Yes,Month-to-month,No,Electronic check,120.0,6704.75,4,361.7,Yes
TC_4111,Female,39,0,Yes,No,2,Yes,No,No,No internet service,No internet service,No internet service,No internet service,No internet service,No internet service,One year,Yes,Credit card,20.0,38.2,0,0.0,Yes
TC_4112,Male,64,0,Yes,No,35,Yes,Yes,Fiber optic,No,Yes,No,No,Yes,Yes,Two year,No,Mailed check,109.93,4106.1,2,357.6,No
TC_4113,Female,67,1,Yes,Yes,8,Yes,No,Fiber optic,Yes,Yes,No,No,No,Yes,Two year,Yes,Credit card,116.09,942.03,5,48.2,Yes
TC_4114,Male,29,0,No,No,55,Yes,Yes,Fiber optic,No,No,Yes,No,No,Yes,One year,Yes,Bank transfer,97.49,4872.78,0,211.9,No
TC_4115,Female,28,0,No,No,69,No,No phone service,Fiber optic,No,Yes,Yes,No,Yes,No,Two year,Yes,Credit card,100.76,6966.35,4,181.0,No
TC_4116,Female,28,0,Yes,No,2,No,No phone service,DSL,No,No,Yes,Yes,No,No,Month-to-month,No,Bank transfer,74.53,150.3,6,51.3,No
TC_4117,Male,47,0,No,No,67,Yes,No,DSL,No,No,No,Yes,No,Yes,Month-to-month,No,Mailed check,68.68,4592.42,7,139.6,Yes
TC_4118,Female,33,0,No,No,2,Yes,No,DSL,No,No,No,Yes,Yes,No,Month-to-month,Yes,Electronic check,77.91,154.46,11,103.8,Yes
TC_4119,Male,52,0,Yes,Yes,62,Yes,No,Fiber optic,No,Yes,No,No,Yes,No,Two year,No,Credit card,96.09,6159.89,2,295.3,No
TC_4120,Male,35,0,No,No,52,Yes,No,Fiber optic,Yes,Yes,No,No,Yes,No,Month-to-month,No,Electronic check,114.28,6362.75,15,217.3,Yes
TC_4121,Female,36,0,Yes,No,33,Yes,Yes,No,No internet service,No internet service,No internet service,No internet service,No internet service,No internet service,One year,No,Bank transfer,20.0,674.53,4,0.0,No
TC_4122,Male,69,1,Yes,No,57,Yes,No,Fiber optic,Yes,No,No,Yes,Yes,No,Two year,Yes,Mailed check,110.8,6054.53,15,224.0,No
TC_4123,Female,27,0,No,No,26,Yes,Yes,Fiber optic,No,Yes,No,No,No,Yes,Month-to-month,No,Electronic check,104.11,2808.59,11,318.3,Yes
TC_4124,Female,34,0,No,No,57,Yes,No,Fiber optic,Yes,Yes,No,No,No,No,Month-to-month,Yes,Bank transfer,105.56,6203.97,2,135.1,No
TC_4125,Female,45,0,Yes,No,70,Yes,No,Fiber optic,No,No,Yes,No,No,No,Month-to-month,Yes,Mailed check,83.86,6268.73,3,437.6,No
TC_4126,Male,53,0,Yes,No,15,Yes,Yes,DSL,No,No,No,Yes,Yes,No,Two year,Yes,Bank transfer,86.98,1296.34,,165.2,No
TC_4127,Male,73,1,Yes,No,6,Yes,No,Fiber optic,No,No,Yes,No,No,No,Month-to-month,No,Bank transfer,,531.49,2,262.8,No
TC_4128,Male,46,0,Yes,Yes,9,Yes,No,No,No internet service,No internet service,No internet service,No internet service,No internet service,No internet service,One year,Yes,Credit card,20.0,173.69,3,0.0,Yes
TC_4129,Male,58,0,Yes,No,32,Yes,No,DSL,No,No,Yes,Yes,Yes,No,Two year,Yes,Electronic check,86.13,2788.7,0,67.9,No
TC_4130,Male,69,1,Yes,No,1,Yes,No,Fiber optic,No,Yes,No,No,Yes,Yes,Month-to-month,Yes,Bank transfer,107.26,101.46,9,205.3,Yes
TC_4131,Female,50,0,No,No,15,Yes,Yes,No,No internet service,No internet service,No internet service,No internet service,No internet service,No internet service,Two year,No,Credit card,20.0,279.69,0,0.0,No
TC_4132,Male,29,0,No,No,5,Yes,Yes,Fiber optic,No,Yes,No,No,No,No,One year,No,Bank transfer,90.98,411.16,5,197.3,Yes
TC_4133,Female,35,0,Yes,Yes,64,Yes,No,No,No internet service,No internet service,No internet service,No internet service,No internet service,No internet service,Month-to-month,Yes,Electronic check,20.0,1318.68,,0.0,No
TC_4134,Male,28,0,No,No,,Yes,Yes,Fiber optic,Yes,Yes,No,No,No,No,Month-to-month,No,Mailed check,106.47,4984.27,3,229.2,No
TC_4135,Female,39,0,Yes,Yes,59,Yes,No,Fiber optic,No,Yes,No,No,No,Yes,Month-to-month,Yes,Electronic check,102.25,5435.93,4,121.9,No
TC_4136,Male,37,0,No,Yes,13,Yes,No,Fiber optic,No,No,No,Yes,No,Yes,Month-to-month,Yes,Electronic check,88.66,1043.65,2,125.0,No
TC_4137,Male,57,0,No,No,25,Yes,No,No,No internet service,No internet service,No internet service,No internet service,No internet service,No internet service,Two year,No,Electronic check,20.0,506.01,0,0.0,No
TC_4138,Male,43,0,Yes,No,35,Yes,No,No,No internet service,No internet service,No internet service,No internet service,No internet service,No internet service,Month-to-month,Yes,Electronic check,20.0,710.96,0,0.0,Yes
TC_4139,Male,25,0,No,No,26,Yes,No,Fiber optic,No,Yes,No,No,No,Yes,One year,Yes,Bank transfer,90.77,2293.79,3,103.4,No
TC_4140,Male,35,0,No,No,0,Yes,No,No,No internet service,No internet service,No internet service,No internet service,No internet service,No internet service,Month-to-month,No,Electronic check,20.0,,4,0.0,Yes
TC_4141,Female,53,0,Yes,Yes,3,Yes,No,DSL,No,No,No,No,No,No,Month-to-month,Yes,Electronic check,61.48,202.31,2,27.4,Yes
TC_4142,Female,42,0,Yes,Yes,54,Yes,Yes,DSL,No,Yes,No,Yes,No,No,Two year,Yes,Bank transfer,81.61,4551.82,3,62.7,No
TC_4143,Male,31,0,Yes,No,25,No,No phone service,Fiber optic,No,No,No,Yes,Yes,Yes,Two year,No,Electronic check,,2170.2,2,291.1,No
TC_4144,Female,35,0,Yes,Yes,8,Yes,No,DSL,No,No,Yes,No,No,No,One year,No,Credit card,66.95,528.75,1,21.6,No
TC_4145,Male,29,0,Yes,Yes,57,Yes,No,Fiber optic,No,No,No,No,Yes,No,Month-to-month,Yes,Electronic check,93.6,5596.87,4,361.2,Yes
TC_4146,Male,47,0,Yes,Yes,4,Yes,Yes,Fiber optic,Yes,No,No,Yes,No,No,One year,Yes,Electronic check,89.18,385.12,1,332.8,No
TC_4147,Female,36,0,Yes,No,55,Yes,No,DSL,No,Yes,No,Yes,No,No,Two year,Yes,Mailed check,82.5,4621.9,1,85.1,No
TC_4148,Female,77,1,No,No,55,Yes,No,DSL,No,No,No,No,No,No,One year,No,Mailed check,53.97,2938.05,9,76.0,No
TC_4149,Female,20,0,No,No,49,Yes,No,Fiber optic,No,No,No,No,No,No,Two year,Yes,Mailed check,71.42,3542.11,7,358.3,No
TC_4150,Male,68,1,Yes,No,1,Yes,No,Fiber optic,No,Yes,No,No,Yes,No,Month-to-month,Yes,Electronic check,104.57,103.74,9,439.5,Yes
TC_4151,Male,38,0,Yes,No,50,No,No phone service,DSL,Yes,No,No,Yes,No,Yes,Month-to-month,Yes,Electronic check,62.83,2854.69,6,48.7,Yes
TC_4152,Female,26,0,Yes,Yes,36,No,No phone service,Fiber optic,Yes,No,Yes,Yes,Yes,Yes,Month-to-month,No,Bank transfer,107.28,4085.34,8,184.4,No
TC_4153,Female,26,0,No,No,46,Yes,Yes,DSL,No,No,Yes,No,Yes,No,Two year,Yes,Electronic check,73.73,3561.63,0,147.8,No
TC_4154,Female,61,0,No,No,64,No,No phone service,Fiber optic,No,No,Yes,No,Yes,No,Two year,Yes,Credit card,63.4,3976.2,3,262.7,No
TC_4155,Male,73,1,Yes,No,1,Yes,No,DSL,No,No,No,No,No,No,One year,No,Credit card,56.74,56.36,4,101.5,No
TC_4156,Male,44,0,Yes,Yes,65,Yes,No,Fiber optic,No,Yes,No,Yes,No,Yes,Two year,Yes,Credit card,104.47,7156.82,6,164.5,No
TC_4157,Male,24,0,No,No,54,Yes,No,DSL,No,No,No,No,No,Yes,Two year,Yes,Electronic check,62.79,3212.1,2,167.6,No
TC_4158,Male,45,0,Yes,No,29,Yes,Yes,DSL,Yes,No,No,Yes,Yes,No,One year,Yes,Bank transfer,89.34,2550.01,6,101.1,No
TC_4159,Male,61,0,Yes,No,72,Yes,No,Fiber optic,Yes,No,No,Yes,No,Yes,One year,No,Electronic check,96.67,7241.93,2,367.5,No
TC_4160,Female,42,0,No,No,5,Yes,No,No,No internet service,No internet service,No internet service,No internet service,No internet service,No internet service,One year,Yes,Mailed check,20.0,98.91,0,0.0,Yes
TC_4161,Male,42,0,No,Yes,57,Yes,No,Fiber optic,No,No,No,No,Yes,No,Two year,Yes,Mailed check,78.55,4537.38,1,457.1,No
TC_4162,Male,32,0,No,No,53,No,No phone service,Fiber optic,No,Yes,Yes,No,Yes,No,Two year,Yes,Mailed check,85.66,4653.35,2,393.1,No
TC_4163,Female,34,0,No,No,55,No,No phone service,DSL,No,No,Yes,Yes,No,No,Two year,Yes,Bank transfer,63.48,3443.33,4,54.2,No
TC_4164,Female,47,0,No,No,55,Yes,Yes,No,No internet service,No internet service,No internet service,No internet service,No internet service,No internet service,Month-to-month,Yes,Electronic check,20.0,1117.31,1,0.0,Yes
TC_4165,Female,53,0,Yes,No,62,Yes,No,Fiber optic,No,No,Yes,No,Yes,Yes,Month-to-month,No,Bank transfer,,6276.22,1,126.8,No
TC_4166,Male,40,0,No,Yes,40,Yes,No,No,No internet service,No internet service,No internet service,No internet service,No internet service,No internet service,Two year,Yes,Mailed check,20.0,874.36,0,0.0,No
TC_4167,Male,42,0,No,No,14,Yes,Yes,Fiber optic,Yes,No,No,No,No,No,Month-to-month,No,Electronic check,82.44,1242.82,1,125.4,Yes
TC_4168,Female,51,0,No,No,5,No,No phone service,Fiber optic,No,No,Yes,No,No,No,Two year,No,Electronic check,72.45,388.96,7,162.4,No
TC_4169,Female,47,0,No,No,55,Yes,Yes,DSL,No,No,Yes,Yes,No,Yes,One year,Yes,Bank transfer,85.17,4587.13,1,83.8,No
TC_4170,Female,27,0,Yes,Yes,4,Yes,No,Fiber optic,No,Yes,No,Yes,No,Yes,One year,Yes,Electronic check,111.94,452.07,6,281.2,No
TC_4171,Male,46,0,No,No,3,Yes,No,Fiber optic,Yes,No,Yes,No,No,Yes,Month-to-month,Yes,Electronic check,105.8,336.37,5,139.7,Yes
TC_4172,Female,65,1,No,No,29,Yes,No,Fiber optic,Yes,No,No,No,No,Yes,One year,No,Credit card,90.43,2432.95,9,152.2,No
TC_4173,Male,31,0,No,Yes,21,Yes,No,Fiber optic,Yes,Yes,No,No,No,No,Month-to-month,Yes,Electronic check,94.36,2097.2,5,129.3,Yes
TC_4174,Female,45,0,Yes,Yes,4,Yes,Yes,Fiber optic,No,Yes,Yes,No,No,Yes,Month-to-month,No,Electronic check,104.08,438.37,14,336.1,Yes
TC_4175,Male,66,1,Yes,No,7,Yes,Yes,No,No internet service,No internet service,No internet service,No internet service,No internet service,No internet service,Two year,No,Electronic check,20.0,129.28,4,0.0,No
TC_4176,Male,43,0,Yes,Yes,56,Yes,No,No,No internet service,No internet service,No internet service,No internet service,No internet service,No internet service,One year,No,Electronic check,20.0,,6,0.0,No
TC_4177,Male,69,1,No,No,57,Yes,No,No,No internet service,No internet service,No internet service,No internet service,No internet service,No internet service,Month-to-month,Yes,Electronic check,20.0,1050.95,1,0.0,Yes
TC_4178,Male,49,0,Yes,Yes,70,Yes,No,Fiber optic,No,No,No,No,No,No,Two year,No,Electronic check,87.1,5726.19,3,337.5,No
TC_4179,Female,46,0,Yes,Yes,20,Yes,Yes,DSL,No,Yes,No,No,Yes,No,Month-to-month,Yes,Credit card,78.9,1501.11,0,129.5,No
TC_4180,Male,67,1,No,No,45,Yes,Yes,DSL,No,Yes,No,Yes,Yes,No,One year,No,Bank transfer,96.29,4394.06,1,20.6,No
TC_4181,Female,30,0,Yes,No,52,Yes,No,No,No internet service,No internet service,No internet service,No internet service,No internet service,No internet service,One year,No,Bank transfer,20.0,1059.04,2,0.0,No
TC_4182,Female,63,0,No,No,71,Yes,No,DSL,No,Yes,No,Yes,No,Yes,One year,No,Credit card,92.32,6233.44,,55.7,No
TC_4183,Male,52,0,Yes,Yes,3,Yes,Yes,Fiber optic,Yes,No,No,Yes,Yes,No,Month-to-month,No,Electronic check,87.47,256.23,7,238.4,Yes
TC_4184,Male,43,0,No,Yes,65,Yes,No,Fiber optic,No,No,No,No,Yes,No,One year,No,Credit card,93.74,5931.52,12,216.2,No
TC_4185,Female,37,0,No,No,5,Yes,No,Fiber optic,Yes,Yes,Yes,Yes,Yes,No,Month-to-month,Yes,Bank transfer,120.0,,1,208.6,No
TC_4186,Male,48,0,Yes,Yes,59,Yes,Yes,DSL,No,No,Yes,No,Yes,No,Two year,Yes,Credit card,79.81,4538.32,3,74.1,No
TC_4187,Female,48,0,Yes,No,45,Yes,Yes,No,No internet service,No internet service,No internet service,No internet service,No internet service,No internet service,Month-to-month,Yes,Bank transfer,20.0,985.43,6,0.0,No
TC_4188,Male,62,0,Yes,No,67,Yes,No,DSL,No,No,Yes,No,Yes,Yes,One year,No,Bank transfer,87.85,6299.79,1,142.0,No
TC_4189,Female,30,0,Yes,No,19,Yes,No,No,No internet service,No internet service,No internet service,No internet service,No internet service,No internet service,One year,No,Bank transfer,20.0,349.09,6,0.0,Yes
TC_4190,Male,61,0,Yes,No,,Yes,No,Fiber optic,Yes,Yes,No,No,No,Yes,One year,Yes,Credit card,109.64,6391.76,1,338.2,No
TC_4191,Female,31,0,No,No,,Yes,No,DSL,No,Yes,Yes,No,No,Yes,One year,No,Mailed check,80.78,2282.57,9,72.8,No
TC_4192,Male,64,0,No,No,58,Yes,Yes,DSL,No,No,Yes,No,No,No,Month-to-month,No,Electronic check,78.67,4209.94,8,39.3,No
TC_4193,Male,73,1,No,No,6,Yes,Yes,No,No internet service,No internet service,No internet service,No internet service,No internet service,No internet service,Month-to-month,No,Mailed check,20.0,116.63,0,0.0,No
TC_4194,Male,29,0,Yes,No,45,Yes,Yes,DSL,No,No,No,No,Yes,No,One year,Yes,Mailed check,,3256.91,3,32.8,Yes
TC_4195,Male,52,0,No,No,17,Yes,No,No,No internet service,No internet service,No internet service,No internet service,No internet service,No internet service,Month-to-month,No,Credit card,20.0,352.39,5,0.0,No
TC_4196,Male,42,0,Yes,No,42,Yes,No,Fiber optic,No,Yes,No,Yes,No,Yes,Month-to-month,Yes,Bank transfer,96.45,3848.8,2,126.7,No
TC_4197,Female,41,0,Yes,Yes,9,Yes,No,Fiber optic,Yes,No,No,No,No,No,Month-to-month,No,Electronic check,93.95,814.35,0,120.0,Yes
TC_4198,Female,60,0,Yes,No,47,Yes,No,Fiber optic,No,No,No,Yes,No,No,One year,No,Mailed check,85.66,4170.02,3,93.4,No
TC_4199,Male,67,1,Yes,No,8,No,No phone service,Fiber optic,No,No,No,No,Yes,No,One year,No,Credit card,81.01,701.77,9,198.9,Yes
TC_4200,Female,52,0,Yes,No,43,Yes,No,No,No internet service,No internet service,No internet service,No internet service,No internet service,No internet service,One year,No,Mailed check,20.0,781.91,2,0.0,No
TC_4201,Female,57,0,Yes,No,,Yes,Yes,No,No internet service,No internet service,No internet service,No internet service,No internet service,No internet service,One year,Yes,Credit card,20.0,1109.79,9,0.0,No
TC_4202,Female,58,0,No,No,53,Yes,No,Fiber optic,Yes,No,Yes,Yes,Yes,No,Two year,No,Credit card,102.26,5389.91,6,98.6,No
TC_4203,Male,37,0,No,No,65,Yes,Yes,Fiber optic,No,Yes,No,Yes,Yes,No,One year,No,Credit card,115.75,6827.88,13,387.1,No
TC_4204,Male,43,0,Yes,No,40,Yes,Yes,DSL,No,No,No,No,No,No,Two year,Yes,Bank transfer,59.49,2545.97,5,65.6,No
TC_4205,Female,36,0,Yes,No,3,Yes,No,No,No internet service,No internet service,No internet service,No internet service,No internet service,No internet service,Month-to-month,No,Bank transfer,20.0,62.88,3,0.0,Yes
TC_4206,Female,48,0,Yes,No,9,Yes,Yes,DSL,Yes,No,No,No,Yes,No,One year,No,Electronic check,83.92,825.38,2,124.6,No
TC_4207,Female,31,0,No,No,29,No,No phone service,Fiber optic,No,Yes,No,Yes,No,No,Two year,Yes,Credit card,64.43,1870.38,4,98.7,No
TC_4208,Female,56,0,Yes,Yes,13,Yes,No,No,No internet service,No internet service,No internet service,No internet service,No internet service,No internet service,Month-to-month,Yes,Mailed check,20.0,267.82,5,0.0,Yes
TC_4209,Male,19,0,Yes,No,65,Yes,Yes,No,No internet service,No internet service,No internet service,No internet service,No internet service,No internet service,One year,Yes,Credit card,20.0,1425.09,5,0.0,No
TC_4210,Male,66,1,Yes,No,8,Yes,Yes,Fiber optic,Yes,No,No,Yes,No,Yes,One year,No,Mailed check,107.51,799.33,5,410.3,No
TC_4211,Female,68,1,Yes,No,,Yes,No,No,No internet service,No internet service,No internet service,No internet service,No internet service,No internet service,One year,No,Bank transfer,20.0,1360.59,11,0.0,No
TC_4212,Male,56,0,No,Yes,46,Yes,Yes,DSL,No,No,No,No,No,No,Month-to-month,Yes,Bank transfer,64.71,3112.51,0,175.2,Yes
TC_4213,Male,59,0,Yes,No,55,Yes,Yes,Fiber optic,No,No,No,Yes,No,Yes,Two year,Yes,Mailed check,92.62,5360.75,13,317.1,No
TC_4214,Female,46,0,No,No,67,Yes,No,Fiber optic,No,No,Yes,Yes,No,No,One year,No,Electronic check,106.81,6790.12,2,145.0,No
TC_4215,Female,34,0,No,Yes,2,Yes,No,DSL,Yes,No,No,No,No,No,One year,Yes,Credit card,60.6,128.74,6,130.8,Yes
TC_4216,Male,46,0,Yes,No,32,Yes,Yes,No,No internet service,No internet service,No internet service,No internet service,No internet service,No internet service,One year,Yes,Bank transfer,20.0,694.75,0,0.0,No
TC_4217,Female,42,0,Yes,Yes,53,Yes,Yes,No,No internet service,No internet service,No internet service,No internet service,No internet service,No internet service,One year,Yes,Credit card,20.0,1028.69,6,0.0,No
TC_4218,Female,39,0,Yes,Yes,62,Yes,Yes,Fiber optic,No,No,Yes,No,Yes,No,Two year,No,Credit card,107.07,6523.67,,128.6,No
TC_4219,Male,54,0,Yes,No,6,Yes,Yes,Fiber optic,No,No,Yes,Yes,Yes,Yes,Month-to-month,Yes,Electronic check,120.0,755.37,15,174.0,Yes
TC_4220,Male,46,0,No,No,45,Yes,No,No,No internet service,No internet service,No internet service,No internet service,No internet service,No internet service,One year,Yes,Credit card,20.0,840.75,7,0.0,No
TC_4221,Female,40,0,Yes,No,8,Yes,No,Fiber optic,No,Yes,No,No,No,Yes,Two year,No,Credit card,95.68,750.06,13,280.8,No
TC_4222,Female,29,0,No,No,62,Yes,No,Fiber optic,No,No,No,Yes,No,Yes,Month-to-month,Yes,Bank transfer,93.76,5623.39,2,228.7,No
TC_4223,Male,44,0,Yes,No,61,Yes,No,Fiber optic,Yes,No,No,No,Yes,Yes,Month-to-month,No,Electronic check,111.28,7344.5,7,207.0,No
TC_4224,Female,23,0,No,No,3,Yes,No,No,No internet service,No internet service,No internet service,No internet service,No internet service,No internet service,Month-to-month,No,Mailed check,20.0,64.33,0,0.0,Yes
TC_4225,Male,36,0,Yes,Yes,17,Yes,No,No,No internet service,No internet service,No internet service,No internet service,No internet service,No internet service,One year,No,Bank transfer,20.0,332.48,8,0.0,Yes
TC_4226,Female,55,0,No,No,3,Yes,Yes,Fiber optic,No,Yes,Yes,Yes,No,No,One year,Yes,Mailed check,105.86,294.01,2,79.9,Yes
TC_4227,Female,28,0,No,No,18,Yes,No,DSL,Yes,No,Yes,No,Yes,No,One year,Yes,Credit card,87.71,1714.17,0,103.0,No
TC_4228,Male,33,0,Yes,No,3,Yes,No,DSL,Yes,No,No,Yes,No,Yes,Month-to-month,Yes,Credit card,92.69,289.86,1,90.6,Yes
TC_4229,Male,40,0,No,No,46,Yes,No,DSL,No,No,No,No,No,Yes,Two year,Yes,Electronic check,72.75,3098.76,14,76.9,No
TC_4230,Male,33,0,Yes,No,46,Yes,Yes,No,No internet service,No internet service,No internet service,No internet service,No internet service,No internet service,Two year,Yes,Bank transfer,20.0,995.8,4,0.0,No
TC_4231,Female,29,0,No,Yes,38,Yes,Yes,DSL,No,No,No,No,No,Yes,Month-to-month,No,Electronic check,77.07,2663.59,1,101.2,Yes
TC_4232,Female,33,0,Yes,No,45,Yes,No,Fiber optic,Yes,No,Yes,Yes,Yes,Yes,One year,No,Electronic check,119.37,5212.61,7,144.6,No
TC_4233,Male,46,0,No,No,63,Yes,No,No,No internet service,No internet service,No internet service,No internet service,No internet service,No internet service,Month-to-month,Yes,Electronic check,20.0,1356.91,1,0.0,Yes
TC_4234,Male,54,0,Yes,No,69,Yes,Yes,DSL,No,No,No,No,No,Yes,Month-to-month,No,Electronic check,73.61,4901.02,0,25.8,No
TC_4235,Male,22,0,Yes,No,57,Yes,No,DSL,No,Yes,No,Yes,Yes,No,One year,No,Bank transfer,,5683.87,1,98.8,No
TC_4236,Male,35,0,No,No,57,Yes,No,DSL,Yes,Yes,No,Yes,Yes,Yes,One year,Yes,Credit card,109.62,5857.77,5,73.3,No
TC_4237,Male,37,0,Yes,No,62,Yes,Yes,DSL,No,No,Yes,Yes,Yes,Yes,One year,Yes,Credit card,97.17,6619.97,12,112.5,No
TC_4238,Female,26,0,No,Yes,18,Yes,Yes,No,No internet service,No internet service,No internet service,No internet service,No internet service,No internet service,Two year,No,Credit card,20.0,329.23,2,0.0,No
TC_4239,Female,54,0,Yes,No,20,Yes,No,No,No internet service,No internet service,No internet service,No internet service,No internet service,No internet service,One year,No,Credit card,20.0,388.0,11,0.0,Yes
TC_4240,Male,59,0,No,No,5,Yes,No,Fiber optic,Yes,No,No,No,Yes,No,Month-to-month,Yes,Electronic check,97.44,503.27,5,135.4,Yes
TC_4241,Male,61,0,Yes,No,67,Yes,Yes,DSL,No,Yes,Yes,No,Yes,No,Month-to-month,No,Bank transfer,98.27,6712.41,10,135.0,Yes
TC_4242,Female,65,1,No,No,3,Yes,No,DSL,No,Yes,Yes,No,No,Yes,Month-to-month,No,Electronic check,103.18,339.18,0,44.5,Yes
TC_4243,Female,48,0,No,Yes,15,Yes,Yes,No,No internet service,No internet service,No internet service,No internet service,No internet service,No internet service,One year,Yes,Mailed check,20.0,318.56,0,0.0,No
TC_4244,Male,60,0,No,No,59,Yes,Yes,No,No internet service,No internet service,No internet service,No internet service,No internet service,No internet service,One year,Yes,Electronic check,20.0,1288.15,2,0.0,No
TC_4245,Male,51,0,Yes,No,1,Yes,Yes,No,No internet service,No internet service,No internet service,No internet service,No internet service,No internet service,Month-to-month,No,Bank transfer,20.0,20.56,5,0.0,Yes
TC_4246,Female,56,0,Yes,No,61,Yes,No,DSL,No,No,No,No,No,No,Month-to-month,Yes,Mailed check,61.26,3457.31,0,101.8,No
TC_4247,Male,62,0,No,No,53,Yes,Yes,Fiber optic,No,No,No,No,No,No,Month-to-month,Yes,Electronic check,65.09,3167.47,4,91.3,No
TC_4248,Female,51,0,Yes,No,4,Yes,Yes,DSL,Yes,Yes,No,No,No,Yes,Month-to-month,Yes,Electronic check,83.79,355.27,4,113.2,No
TC_4249,Male,31,0,Yes,No,5,Yes,Yes,Fiber optic,Yes,No,No,Yes,No,No,One year,Yes,Mailed check,104.88,560.26,4,197.1,No
TC_4250,Female,20,0,No,No,3,No,No phone service,DSL,No,No,No,No,Yes,No,Month-to-month,Yes,Bank transfer,43.25,,9,45.9,No
TC_4251,Male,56,0,Yes,Yes,54,Yes,No,No,No internet service,No internet service,No internet service,No internet service,No internet service,No internet service,Two year,Yes,Mailed check,20.0,1181.07,,0.0,No
TC_4252,Female,45,0,Yes,Yes,41,Yes,No,DSL,Yes,Yes,No,No,No,No,Month-to-month,Yes,Bank transfer,79.27,3259.03,1,141.5,No
TC_4253,Male,43,0,No,No,48,Yes,No,No,No internet service,No internet service,No internet service,No internet service,No internet service,No internet service,Two year,Yes,Electronic check,20.0,936.33,2,0.0,No
TC_4254,Female,37,0,Yes,No,36,Yes,Yes,DSL,No,Yes,No,No,Yes,Yes,One year,Yes,Bank transfer,102.53,3716.63,0,28.9,No
TC_4255,Male,67,1,No,No,21,Yes,Yes,Fiber optic,No,Yes,Yes,Yes,Yes,No,Month-to-month,No,Electronic check,120.0,2768.45,5,61.6,No
TC_4256,Female,51,0,Yes,No,63,Yes,No,Fiber optic,No,No,No,No,No,No,Month-to-month,No,Electronic check,84.01,5018.29,0,379.7,No
TC_4257,Male,20,0,No,No,6,Yes,No,DSL,Yes,No,Yes,No,Yes,No,Two year,Yes,Electronic check,93.87,605.28,3,47.9,No
TC_4258,Female,56,0,Yes,Yes,8,Yes,Yes,No,No internet service,No internet service,No internet service,No internet service,No internet service,No internet service,One year,Yes,Credit card,20.0,147.62,2,0.0,No
TC_4259,Male,58,0,Yes,Yes,58,Yes,Yes,Fiber optic,Yes,Yes,No,No,No,Yes,Two year,No,Mailed check,102.91,6476.55,4,385.3,No
TC_4260,Male,54,0,No,No,32,No,No phone service,DSL,Yes,No,No,No,No,No,One year,Yes,Electronic check,56.54,1924.01,1,79.3,No
TC_4261,Female,49,0,Yes,No,66,Yes,Yes,No,No internet service,No internet service,No internet service,No internet service,No internet service,No internet service,One year,No,Bank transfer,20.0,1199.93,1,0.0,No
TC_4262,Female,36,0,Yes,No,3,Yes,Yes,DSL,Yes,No,No,Yes,Yes,No,Month-to-month,No,Bank transfer,88.29,263.8,2,80.7,No
TC_4263,Male,22,0,Yes,No,5,Yes,No,Fiber optic,No,No,No,Yes,No,Yes,Month-to-month,Yes,Mailed check,87.65,430.41,5,143.6,Yes
TC_4264,Female,45,0,Yes,No,2,Yes,No,No,No internet service,No internet service,No internet service,No internet service,No internet service,No internet service,Month-to-month,No,Mailed check,20.0,,6,0.0,Yes
TC_4265,Male,39,0,No,No,19,Yes,Yes,Fiber optic,No,No,Yes,Yes,No,No,One year,Yes,Bank transfer,107.03,2087.14,3,237.3,No
TC_4266,Female,31,0,Yes,Yes,49,Yes,No,No,No internet service,No internet service,No internet service,No internet service,No internet service,No internet service,Month-to-month,Yes,Bank transfer,20.0,940.14,2,0.0,No
TC_4267,Male,57,0,Yes,No,,Yes,Yes,DSL,Yes,No,Yes,No,No,No,Two year,No,Electronic check,80.18,2769.03,0,76.2,No
TC_4268,Male,37,0,Yes,Yes,57,Yes,Yes,DSL,No,Yes,Yes,No,Yes,No,Two year,No,Credit card,100.52,5598.28,6,70.6,No
TC_4269,Female,52,0,No,Yes,53,Yes,Yes,DSL,No,No,No,Yes,Yes,No,Month-to-month,Yes,Electronic check,80.97,4637.5,2,123.3,Yes
TC_4270,Female,60,0,No,No,14,Yes,No,Fiber optic,No,Yes,No,No,Yes,Yes,Two year,No,Bank transfer,104.66,1496.01,1,372.8,No
TC_4271,Male,22,0,No,No,22,Yes,Yes,No,No internet service,No internet service,No internet service,No internet service,No internet service,No internet service,Month-to-month,No,Electronic check,20.0,403.71,4,0.0,No
TC_4272,Female,54,0,No,No,6,Yes,No,Fiber optic,Yes,Yes,Yes,Yes,No,Yes,Month-to-month,Yes,Electronic check,120.0,726.35,4,155.4,No
TC_4273,Male,34,0,Yes,No,5,Yes,No,Fiber optic,No,No,No,No,No,No,One year,Yes,Electronic check,77.46,389.46,11,244.8,Yes
TC_4274,Female,45,0,No,No,71,Yes,Yes,Fiber optic,No,No,Yes,Yes,Yes,No,Two year,No,Mailed check,105.28,7605.17,2,80.9,No
TC_4275,Female,62,0,Yes,No,61,Yes,No,DSL,No,Yes,No,Yes,Yes,No,Two year,Yes,Electronic check,102.46,6167.17,5,125.4,No
TC_4276,Male,44,0,No,No,40,Yes,No,Fiber optic,No,Yes,No,No,No,No,Two year,Yes,Bank transfer,96.49,3546.05,2,208.0,No
TC_4277,Male,44,0,Yes,No,3,Yes,Yes,DSL,Yes,No,No,No,Yes,No,Month-to-month,No,Electronic check,68.97,192.45,7,75.4,Yes
TC_4278,Female,61,0,No,No,46,Yes,No,Fiber optic,No,Yes,No,No,Yes,Yes,One year,Yes,Bank transfer,88.43,4164.39,3,122.6,No
TC_4279,Male,38,0,No,No,8,Yes,No,No,No internet service,No internet service,No internet service,No internet service,No internet service,No internet service,One year,No,Credit card,20.0,154.12,4,0.0,No
TC_4280,Male,34,0,No,No,43,Yes,Yes,DSL,No,Yes,No,No,Yes,No,One year,Yes,Credit card,73.98,3198.31,7,82.9,Yes
TC_4281,Female,35,0,Yes,No,45,Yes,No,No,No internet service,No internet service,No internet service,No internet service,No internet service,No internet service,One year,No,Mailed check,20.0,911.98,2,0.0,Yes
TC_4282,Male,68,1,No,No,23,Yes,Yes,No,No internet service,No internet service,No internet service,No internet service,No internet service,No internet service,Month-to-month,No,Mailed check,20.0,489.06,1,0.0,No
TC_4283,Female,55,0,No,No,68,Yes,No,Fiber optic,No,No,No,Yes,No,No,One year,No,Bank transfer,80.3,5019.15,2,76.2,No
TC_4284,Male,58,0,No,No,3,Yes,No,Fiber optic,No,No,No,Yes,No,Yes,Month-to-month,Yes,Credit card,87.83,258.88,0,353.5,Yes
TC_4285,Female,31,0,No,No,54,Yes,No,No,No internet service,No internet service,No internet service,No internet service,No internet service,No internet service,Two year,No,Bank transfer,20.0,1082.75,0,0.0,No
TC_4286,Female,61,0,No,No,32,No,No phone service,DSL,No,No,No,No,Yes,No,Month-to-month,No,Bank transfer,39.54,1207.56,7,68.5,Yes
TC_4287,Female,29,0,Yes,No,5,Yes,No,DSL,No,No,No,No,No,Yes,Two year,Yes,Credit card,65.31,314.51,2,43.3,No
TC_4288,Male,30,0,No,No,71,Yes,No,Fiber optic,No,Yes,No,Yes,Yes,No,Month-to-month,Yes,Mailed check,115.55,8570.21,4,288.7,No
TC_4289,Male,71,1,No,No,60,Yes,No,Fiber optic,Yes,No,No,No,No,No,One year,Yes,Bank transfer,94.36,5648.6,,323.0,Yes
TC_4290,Male,65,1,Yes,No,62,Yes,Yes,No,No internet service,No internet service,No internet service,No internet service,No internet service,No internet service,Two year,No,Bank transfer,20.0,1206.69,2,0.0,No
TC_4291,Female,65,1,No,No,0,Yes,No,DSL,No,No,No,No,Yes,Yes,Month-to-month,No,Electronic check,72.07,,0,62.8,Yes
TC_4292,Female,42,0,Yes,Yes,25,Yes,No,DSL,No,No,No,Yes,Yes,Yes,One year,Yes,Electronic check,94.16,2493.87,2,106.6,No
TC_4293,Male,59,0,No,No,31,Yes,No,DSL,No,No,No,No,No,No,Two year,Yes,Electronic check,56.6,1809.72,8,84.7,No
TC_4294,Male,35,0,No,No,39,Yes,No,Fiber optic,No,Yes,No,No,Yes,No,Two year,Yes,Bank transfer,105.64,4402.75,7,267.4,No
TC_4295,Female,33,0,No,No,6,Yes,No,No,No internet service,No internet service,No internet service,No internet service,No internet service,No internet service,Month-to-month,Yes,Mailed check,20.0,117.08,7,0.0,Yes
TC_4296,Female,29,0,No,No,8,Yes,Yes,Fiber optic,Yes,Yes,No,Yes,No,Yes,Month-to-month,Yes,Bank transfer,119.58,1049.4,4,150.7,Yes
TC_4297,Female,26,0,No,Yes,29,Yes,Yes,No,No internet service,No internet service,No internet service,No internet service,No internet service,No internet service,Two year,No,Credit card,20.0,526.74,10,0.0,No
TC_4298,Male,68,1,No,No,,Yes,Yes,DSL,No,No,No,No,No,No,Month-to-month,No,Credit card,,54.45,9,62.5,Yes
TC_4299,Male,61,0,Yes,No,1,No,No phone service,Fiber optic,Yes,No,No,Yes,Yes,Yes,Month-to-month,Yes,Electronic check,109.56,111.14,1,136.1,Yes
TC_4300,Female,41,0,No,No,2,Yes,Yes,DSL,Yes,No,Yes,No,No,Yes,Month-to-month,Yes,Mailed check,91.42,199.53,1,47.4,Yes
TC_4301,Female,43,0,Yes,No,63,Yes,No,Fiber optic,Yes,No,No,Yes,Yes,Yes,One year,No,Credit card,120.0,8125.57,3,203.6,No
TC_4302,Female,50,0,No,No,3,Yes,No,No,No internet service,No internet service,No internet service,No internet service,No internet service,No internet service,One year,Yes,Mailed check,20.0,63.24,2,0.0,Yes
TC_4303,Female,38,0,No,No,41,Yes,No,DSL,Yes,Yes,No,No,No,No,One year,Yes,Electronic check,89.38,3570.9,6,108.8,No
TC_4304,Female,44,0,No,No,60,Yes,No,Fiber optic,No,No,No,Yes,Yes,Yes,Month-to-month,No,Mailed check,107.03,6943.68,2,378.7,No
TC_4305,Female,57,0,No,Yes,58,Yes,Yes,DSL,Yes,Yes,Yes,No,Yes,No,Month-to-month,Yes,Mailed check,93.48,5464.97,1,82.5,No
TC_4306,Female,35,0,Yes,Yes,27,Yes,Yes,DSL,No,No,Yes,Yes,Yes,Yes,One year,No,Bank transfer,97.57,2458.66,0,22.2,No
TC_4307,Female,51,0,No,No,23,Yes,No,DSL,No,No,No,No,No,No,Month-to-month,Yes,Credit card,58.15,1288.12,1,120.1,No
TC_4308,Female,25,0,No,Yes,42,Yes,Yes,DSL,Yes,No,No,Yes,Yes,No,Two year,Yes,Electronic check,105.33,3994.86,0,101.7,No
TC_4309,Female,57,0,Yes,No,,Yes,Yes,Fiber optic,No,No,Yes,No,No,No,One year,Yes,Credit card,102.34,5150.62,12,286.2,No
TC_4310,Female,52,0,No,No,17,Yes,Yes,DSL,Yes,Yes,No,No,Yes,Yes,Month-to-month,Yes,Electronic check,101.83,1888.54,4,64.1,No
TC_4311,Male,48,0,No,No,9,Yes,No,No,No internet service,No internet service,No internet service,No internet service,No internet service,No internet service,Two year,Yes,Mailed check,20.0,174.54,0,0.0,No
TC_4312,Female,42,0,Yes,No,39,Yes,Yes,DSL,No,No,Yes,No,No,Yes,One year,No,Credit card,84.96,3255.51,15,178.5,No
TC_4313,Female,42,0,No,No,8,Yes,No,DSL,Yes,Yes,No,No,Yes,Yes,Month-to-month,Yes,Bank transfer,98.52,783.71,1,59.4,Yes
TC_4314,Male,49,0,Yes,No,42,Yes,Yes,DSL,No,No,Yes,No,No,Yes,Month-to-month,No,Mailed check,73.4,3189.86,0,117.5,No
TC_4315,Female,22,0,No,No,5,No,No phone service,DSL,No,No,Yes,Yes,No,No,Month-to-month,No,Bank transfer,64.96,293.46,0,65.2,No
TC_4316,Female,35,0,No,No,9,Yes,No,Fiber optic,No,No,Yes,Yes,Yes,No,Month-to-month,Yes,Electronic check,94.52,,2,172.5,No
TC_4317,Male,43,0,No,No,4,Yes,Yes,No,No internet service,No internet service,No internet service,No internet service,No internet service,No internet service,One year,No,Mailed check,20.0,87.91,2,0.0,No
TC_4318,Female,44,0,Yes,Yes,51,Yes,No,Fiber optic,No,No,No,No,Yes,No,Two year,Yes,Credit card,89.55,4532.47,3,135.2,No
TC_4319,Female,59,0,No,No,46,Yes,Yes,DSL,Yes,No,No,No,No,No,Two year,Yes,Mailed check,78.4,3520.1,10,71.8,No
TC_4320,Female,63,0,Yes,No,2,Yes,No,DSL,Yes,Yes,No,Yes,No,Yes,Month-to-month,No,Electronic check,92.13,171.05,,59.5,No
TC_4321,Male,34,0,Yes,No,56,Yes,No,Fiber optic,No,No,No,No,Yes,Yes,One year,No,Credit card,92.3,4784.83,1,277.2,No
TC_4322,Male,34,0,Yes,No,10,Yes,Yes,Fiber optic,Yes,No,No,Yes,Yes,Yes,One year,Yes,Bank transfer,108.9,1162.27,2,54.3,Yes
TC_4323,Female,62,0,No,No,63,Yes,Yes,Fiber optic,No,No,No,Yes,No,No,Two year,No,Mailed check,97.94,6241.28,2,143.4,No
TC_4324,Male,50,0,Yes,No,54,Yes,Yes,Fiber optic,Yes,No,Yes,Yes,Yes,Yes,Two year,No,Mailed check,119.15,6734.93,1,249.0,No
TC_4325,Female,40,0,No,No,56,Yes,No,DSL,No,Yes,No,No,No,Yes,Month-to-month,Yes,Electronic check,87.5,4689.0,7,155.2,Yes
TC_4326,Female,28,0,Yes,Yes,60,Yes,No,No,No internet service,No internet service,No internet service,No internet service,No internet service,No internet service,Two year,No,Mailed check,20.0,1203.62,2,0.0,No
TC_4327,Male,29,0,No,No,6,No,No phone service,Fiber optic,No,Yes,Yes,No,Yes,Yes,Two year,Yes,Bank transfer,89.7,486.02,3,87.0,No
TC_4328,Female,50,0,Yes,Yes,58,No,No phone service,No,No internet service,No internet service,No internet service,No internet service,No internet service,No internet service,One year,No,Electronic check,23.87,1499.51,0,0.0,Yes
TC_4329,Male,34,0,No,No,21,Yes,No,DSL,No,Yes,Yes,No,No,No,Month-to-month,No,Credit card,80.14,1637.52,9,163.9,Yes
TC_4330,Female,70,1,Yes,Yes,5,Yes,No,No,No internet service,No internet service,No internet service,No internet service,No internet service,No internet service,Two year,No,Credit card,20.0,109.47,3,0.0,No
TC_4331,Male,53,0,Yes,No,28,Yes,Yes,Fiber optic,No,No,No,No,No,No,One year,Yes,Bank transfer,75.22,2299.91,2,144.8,No
TC_4332,Male,56,0,Yes,No,59,Yes,No,Fiber optic,No,No,Yes,Yes,No,No,One year,Yes,Credit card,107.4,6433.34,3,258.1,No
TC_4333,Male,45,0,No,No,16,Yes,Yes,DSL,No,No,No,No,Yes,No,One year,Yes,Bank transfer,65.46,1033.41,7,74.5,Yes
TC_4334,Female,51,0,Yes,No,61,Yes,Yes,Fiber optic,No,Yes,No,No,No,Yes,Two year,No,Bank transfer,102.77,6564.19,4,252.3,No
TC_4335,Male,29,0,Yes,No,3,No,No phone service,Fiber optic,No,No,Yes,No,Yes,Yes,Month-to-month,Yes,Bank transfer,90.93,265.78,4,138.0,Yes
TC_4336,Male,39,0,No,No,66,Yes,No,DSL,No,No,No,No,No,No,Two year,Yes,Credit card,50.26,,8,171.4,No
TC_4337,Female,65,1,Yes,Yes,6,Yes,Yes,Fiber optic,No,Yes,Yes,No,No,Yes,Month-to-month,No,Mailed check,117.15,688.96,8,270.8,Yes
TC_4338,Male,44,0,Yes,Yes,63,Yes,No,No,No internet service,No internet service,No internet service,No internet service,No internet service,No internet service,Two year,Yes,Bank transfer,,1210.37,12,0.0,No
TC_4339,Male,35,0,Yes,No,8,Yes,No,DSL,No,No,Yes,Yes,No,No,Month-to-month,Yes,Electronic check,80.34,630.9,0,71.7,No
TC_4340,Female,35,0,Yes,No,47,Yes,No,Fiber optic,No,No,No,Yes,No,Yes,One year,Yes,Bank transfer,85.46,4186.07,1,231.2,No
TC_4341,Male,46,0,No,No,58,Yes,No,Fiber optic,No,Yes,Yes,No,Yes,No,One year,No,Mailed check,109.05,6164.51,7,335.6,No
TC_4342,Female,25,0,Yes,No,52,Yes,No,Fiber optic,Yes,No,No,No,No,No,One year,Yes,Credit card,90.33,4644.73,7,223.2,No
TC_4343,Female,35,0,Yes,Yes,50,Yes,Yes,DSL,Yes,No,No,Yes,Yes,Yes,Month-to-month,Yes,Electronic check,100.47,4804.22,10,68.8,No
TC_4344,Male,52,0,No,No,44,Yes,Yes,No,No internet service,No internet service,No internet service,No internet service,No internet service,No internet service,One year,Yes,Electronic check,20.0,832.54,7,0.0,No
TC_4345,Male,65,1,Yes,No,1,Yes,No,DSL,No,Yes,No,Yes,No,No,Month-to-month,No,Electronic check,88.81,86.32,3,106.0,No
TC_4346,Female,29,0,No,Yes,,Yes,Yes,Fiber optic,Yes,Yes,No,Yes,No,No,Month-to-month,No,Mailed check,104.25,682.58,6,372.1,Yes
TC_4347,Female,51,0,Yes,No,69,Yes,Yes,No,No internet service,No internet service,No internet service,No internet service,No internet service,No internet service,Month-to-month,No,Mailed check,20.0,1427.6,1,0.0,No
TC_4348,Female,44,0,Yes,No,52,No,No phone service,Fiber optic,Yes,Yes,No,No,Yes,No,Month-to-month,Yes,Electronic check,81.31,4109.06,3,78.8,Yes
TC_4349,Female,56,0,Yes,No,6,Yes,Yes,Fiber optic,No,No,No,No,No,No,Month-to-month,No,Bank transfer,74.01,416.7,2,262.8,Yes
TC_4350,Male,50,0,No,No,2,Yes,No,Fiber optic,No,No,No,No,No,No,Month-to-month,Yes,Electronic check,70.69,,2,241.2,Yes
TC_4351,Male,32,0,Yes,No,56,Yes,Yes,Fiber optic,Yes,Yes,No,No,Yes,No,Two year,Yes,Bank transfer,87.91,5265.29,4,194.7,No
TC_4352,Female,71,1,Yes,No,10,Yes,No,DSL,No,No,No,Yes,Yes,No,One year,No,Credit card,87.9,954.31,1,74.4,No
TC_4353,Male,30,0,No,No,66,Yes,No,Fiber optic,No,Yes,Yes,No,Yes,Yes,One year,Yes,Mailed check,106.95,6763.74,1,416.9,No
TC_4354,Female,69,1,No,No,14,Yes,Yes,Fiber optic,Yes,No,No,No,No,No,Two year,No,Bank transfer,81.08,1223.64,9,179.1,Yes
TC_4355,Female,43,0,Yes,No,2,Yes,No,Fiber optic,Yes,Yes,Yes,Yes,Yes,No,Month-to-month,Yes,Electronic check,120.0,222.65,4,295.4,Yes
TC_4356,Female,33,0,No,No,3,No,No phone service,No,No internet service,No internet service,No internet service,No internet service,No internet service,No internet service,Month-to-month,Yes,Credit card,24.27,74.01,1,0.0,No
TC_4357,Female,46,0,Yes,No,42,Yes,Yes,No,No internet service,No internet service,No internet service,No internet service,No internet service,No internet service,Month-to-month,No,Credit card,20.0,811.53,,0.0,No
TC_4358,Female,40,0,No,No,13,Yes,No,No,No internet service,No internet service,No internet service,No internet service,No internet service,No internet service,Month-to-month,No,Mailed check,20.0,281.32,1,0.0,Yes
TC_4359,Male,57,0,Yes,Yes,5,Yes,Yes,DSL,Yes,Yes,Yes,No,Yes,No,Two year,Yes,Electronic check,112.42,607.71,15,171.7,No
TC_4360,Female,27,0,Yes,Yes,67,Yes,No,Fiber optic,No,No,Yes,No,Yes,No,Two year,No,Credit card,107.43,7400.4,,160.5,No
TC_4361,Male,35,0,No,No,42,Yes,No,No,No internet service,No internet service,No internet service,No internet service,No internet service,No internet service,Month-to-month,Yes,Mailed check,20.0,839.45,4,0.0,No
TC_4362,Male,60,0,Yes,No,3,Yes,Yes,DSL,No,No,No,No,No,No,Two year,No,Credit card,54.17,,5,41.1,No
TC_4363,Female,42,0,No,No,35,Yes,Yes,DSL,Yes,No,Yes,No,No,Yes,One year,No,Mailed check,,3382.81,4,83.7,No
TC_4364,Female,51,0,No,No,48,Yes,No,DSL,No,No,No,Yes,No,Yes,One year,Yes,Electronic check,80.7,4220.35,7,135.1,No
TC_4365,Female,55,0,No,No,47,Yes,Yes,No,No internet service,No internet service,No internet service,No internet service,No internet service,No internet service,Two year,Yes,Mailed check,,849.77,0,0.0,No
TC_4366,Male,61,0,Yes,No,5,Yes,No,Fiber optic,Yes,No,No,Yes,Yes,No,Month-to-month,No,Electronic check,113.15,622.3,11,464.3,Yes
TC_4367,Female,67,1,Yes,Yes,68,Yes,Yes,Fiber optic,No,Yes,No,No,Yes,No,One year,No,Credit card,100.69,6793.05,13,249.1,No
TC_4368,Male,53,0,Yes,No,4,Yes,No,DSL,Yes,No,No,Yes,Yes,No,Month-to-month,Yes,Electronic check,86.4,,1,91.3,No
TC_4369,Male,32,0,No,No,,Yes,Yes,No,No internet service,No internet service,No internet service,No internet service,No internet service,No internet service,Two year,Yes,Credit card,20.0,1110.27,2,0.0,No
TC_4370,Male,58,0,Yes,No,4,Yes,No,Fiber optic,No,Yes,No,No,No,Yes,Month-to-month,Yes,Electronic check,85.79,368.8,3,66.8,No
TC_4371,Male,49,0,Yes,No,52,Yes,No,No,No internet service,No internet service,No internet service,No internet service,No internet service,No internet service,Two year,Yes,Bank transfer,20.0,1104.7,0,0.0,No
TC_4372,Female,34,0,Yes,Yes,23,Yes,Yes,DSL,No,No,No,Yes,No,No,Month-to-month,Yes,Bank transfer,80.41,1897.04,8,62.3,Yes
TC_4373,Male,58,0,Yes,No,15,Yes,No,DSL,Yes,Yes,Yes,No,No,Yes,One year,Yes,Bank transfer,82.49,1127.69,15,105.2,No
TC_4374,Male,44,0,Yes,No,5,Yes,Yes,DSL,No,No,Yes,Yes,No,No,Month-to-month,No,Electronic check,90.63,411.38,8,24.6,Yes
TC_4375,Male,45,0,No,No,57,Yes,No,DSL,No,Yes,No,No,No,No,One year,Yes,Bank transfer,70.68,3958.02,3,31.5,Yes
TC_4376,Female,49,0,No,No,40,Yes,No,Fiber optic,No,No,Yes,No,No,Yes,Month-to-month,No,Credit card,104.04,3932.08,10,278.6,No
TC_4377,Male,64,0,No,No,50,Yes,No,No,No internet service,No internet service,No internet service,No internet service,No internet service,No internet service,Two year,Yes,Bank transfer,20.0,906.98,,0.0,No
TC_4378,Female,33,0,Yes,No,54,Yes,No,DSL,Yes,No,Yes,Yes,Yes,Yes,One year,Yes,Bank transfer,116.01,5898.2,3,32.6,No
TC_4379,Female,38,0,Yes,Yes,57,Yes,No,DSL,Yes,No,No,No,No,No,Month-to-month,Yes,Mailed check,60.05,3469.04,1,62.5,No
TC_4380,Male,64,0,No,No,42,Yes,Yes,No,No internet service,No internet service,No internet service,No internet service,No internet service,No internet service,Two year,No,Credit card,,,5,0.0,No
TC_4381,Female,29,0,No,Yes,49,Yes,Yes,No,No internet service,No internet service,No internet service,No internet service,No internet service,No internet service,Month-to-month,Yes,Credit card,20.0,925.3,3,0.0,No
TC_4382,Male,68,1,Yes,No,24,Yes,Yes,DSL,No,No,No,No,No,No,One year,Yes,Mailed check,55.27,1257.98,2,19.1,No
TC_4383,Male,38,0,No,No,48,No,No phone service,DSL,Yes,No,No,No,Yes,Yes,One year,Yes,Bank transfer,78.57,3714.38,5,99.3,No
TC_4384,Male,42,0,No,No,48,Yes,Yes,No,No internet service,No internet service,No internet service,No internet service,No internet service,No internet service,Two year,Yes,Bank transfer,20.0,1035.95,1,0.0,No
TC_4385,Female,50,0,No,No,60,Yes,No,DSL,No,No,No,No,No,No,Month-to-month,Yes,Mailed check,67.26,4176.75,3,128.7,No
TC_4386,Female,64,0,Yes,Yes,56,Yes,Yes,DSL,No,Yes,No,No,Yes,Yes,Month-to-month,No,Electronic check,89.05,5072.17,2,89.6,No
TC_4387,Female,35,0,Yes,No,11,Yes,No,Fiber optic,No,Yes,No,No,No,Yes,Month-to-month,Yes,Mailed check,92.47,1072.27,4,123.2,No
TC_4388,Female,39,0,Yes,No,34,Yes,No,Fiber optic,No,No,No,No,Yes,No,Two year,Yes,Credit card,79.24,2505.07,0,209.4,No
TC_4389,Female,50,0,No,No,52,Yes,No,No,No internet service,No internet service,No internet service,No internet service,No internet service,No internet service,One year,No,Bank transfer,20.0,1134.98,0,0.0,No
TC_4390,Male,53,0,No,No,7,Yes,No,DSL,No,No,Yes,No,Yes,Yes,Month-to-month,No,Credit card,95.18,635.85,7,89.0,Yes
TC_4391,Female,31,0,No,No,47,Yes,No,No,No internet service,No internet service,No internet service,No internet service,No internet service,No internet service,Two year,Yes,Mailed check,20.0,854.57,,0.0,No
TC_4392,Male,31,0,Yes,Yes,48,Yes,Yes,Fiber optic,No,Yes,No,No,No,No,One year,No,Bank transfer,93.15,4499.39,2,147.2,No
TC_4393,Female,48,0,No,No,31,Yes,No,DSL,No,No,No,Yes,No,Yes,Month-to-month,Yes,Bank transfer,78.79,2524.67,,109.2,Yes
TC_4394,Male,56,0,Yes,Yes,2,Yes,No,Fiber optic,No,No,Yes,Yes,No,Yes,Month-to-month,Yes,Electronic check,100.31,211.06,13,155.3,Yes
TC_4395,Female,27,0,No,No,0,Yes,Yes,No,No internet service,No internet service,No internet service,No internet service,No internet service,No internet service,Month-to-month,No,Electronic check,20.0,,1,0.0,No
TC_4396,Male,31,0,No,No,48,Yes,No,DSL,No,No,No,Yes,Yes,No,One year,Yes,Bank transfer,82.09,3586.51,1,95.5,No
TC_4397,Female,67,1,Yes,No,30,Yes,No,Fiber optic,Yes,Yes,No,No,Yes,Yes,One year,Yes,Credit card,120.0,3360.44,15,192.8,No
TC_4398,Male,38,0,Yes,No,39,Yes,Yes,DSL,Yes,No,No,Yes,No,Yes,One year,Yes,Credit card,99.91,,0,62.2,No
TC_4399,Male,70,1,Yes,No,0,Yes,Yes,No,No internet service,No internet service,No internet service,No internet service,No internet service,No internet service,Month-to-month,Yes,Mailed check,20.0,,1,0.0,No
TC_4400,Male,66,1,Yes,No,31,Yes,No,DSL,No,No,Yes,No,No,No,Two year,No,Credit card,69.3,1941.7,7,148.5,No
TC_4401,Female,49,0,No,No,9,Yes,No,No,No internet service,No internet service,No internet service,No internet service,No internet service,No internet service,Two year,No,Credit card,20.0,170.28,9,0.0,No
TC_4402,Female,26,0,No,No,62,No,No phone service,DSL,Yes,No,Yes,No,No,No,Month-to-month,No,Electronic check,,3388.46,1,55.0,No
TC_4403,Male,39,0,No,No,49,Yes,Yes,Fiber optic,No,No,Yes,Yes,Yes,No,Two year,Yes,Credit card,119.0,5526.76,2,308.7,No
TC_4404,Male,38,0,No,No,53,Yes,No,DSL,No,Yes,No,No,Yes,No,Month-to-month,Yes,Electronic check,90.66,,10,47.3,Yes
TC_4405,Male,44,0,Yes,No,54,Yes,No,DSL,Yes,Yes,No,No,No,No,Two year,No,Credit card,80.2,4114.38,7,144.5,No
TC_4406,Female,43,0,Yes,No,5,Yes,No,No,No internet service,No internet service,No internet service,No internet service,No internet service,No internet service,Month-to-month,No,Bank transfer,20.0,94.58,8,0.0,No
TC_4407,Male,58,0,No,No,33,Yes,Yes,No,No internet service,No internet service,No internet service,No internet service,No internet service,No internet service,One year,No,Electronic check,20.0,595.66,3,0.0,No
TC_4408,Female,43,0,Yes,Yes,71,No,No phone service,Fiber optic,Yes,No,No,Yes,Yes,Yes,Two year,No,Electronic check,109.54,8173.73,1,68.3,No
TC_4409,Female,31,0,Yes,Yes,52,Yes,No,No,No internet service,No internet service,No internet service,No internet service,No internet service,No internet service,Two year,No,Bank transfer,20.0,989.84,1,0.0,No
TC_4410,Female,31,0,Yes,No,2,Yes,Yes,DSL,Yes,No,No,No,No,No,One year,Yes,Credit card,59.81,118.36,0,20.4,No
TC_4411,Female,38,0,No,No,,Yes,No,Fiber optic,No,Yes,Yes,No,Yes,Yes,Two year,Yes,Bank transfer,108.36,5423.08,1,307.5,No
TC_4412,Female,48,0,No,No,,No,No phone service,DSL,Yes,No,Yes,Yes,Yes,Yes,Month-to-month,No,Electronic check,85.35,,2,144.3,No
TC_4413,Female,39,0,No,No,16,Yes,No,Fiber optic,Yes,No,No,No,No,No,One year,Yes,Credit card,86.2,1245.4,2,117.5,No
TC_4414,Female,40,0,No,No,5,Yes,No,Fiber optic,Yes,Yes,Yes,Yes,No,No,Month-to-month,No,Credit card,120.0,617.07,7,473.4,No
TC_4415,Male,45,0,No,No,1,Yes,Yes,No,No internet service,No internet service,No internet service,No internet service,No internet service,No internet service,Month-to-month,No,Credit card,20.0,20.1,3,0.0,No
TC_4416,Male,53,0,Yes,No,49,Yes,Yes,DSL,Yes,No,Yes,No,No,Yes,Month-to-month,No,Credit card,81.55,3901.84,0,85.6,No
TC_4417,Male,47,0,Yes,No,56,No,No phone service,Fiber optic,Yes,Yes,No,No,Yes,No,One year,No,Mailed check,90.62,4868.14,4,204.0,No
TC_4418,Female,43,0,Yes,No,57,Yes,Yes,DSL,No,No,No,No,No,No,One year,Yes,Electronic check,65.63,3566.79,1,118.2,No
TC_4419,Female,65,1,No,No,57,Yes,No,DSL,Yes,Yes,No,No,No,No,Two year,Yes,Bank transfer,80.54,5049.31,2,54.2,No
TC_4420,Male,49,0,Yes,Yes,,Yes,No,Fiber optic,No,No,No,No,No,No,Month-to-month,No,Bank transfer,71.57,358.89,8,155.8,Yes
TC_4421,Female,50,0,Yes,Yes,60,Yes,No,Fiber optic,No,Yes,No,No,Yes,No,Two year,Yes,Bank transfer,84.78,,4,463.8,No
TC_4422,Female,58,0,No,No,2,No,No phone service,DSL,Yes,No,No,Yes,No,Yes,One year,No,Bank transfer,64.97,141.04,5,104.2,No
TC_4423,Male,54,0,No,No,3,Yes,No,DSL,Yes,No,No,No,Yes,Yes,One year,Yes,Mailed check,97.09,287.4,3,182.5,Yes
TC_4424,Male,50,0,Yes,No,1,Yes,Yes,DSL,No,Yes,No,Yes,No,Yes,One year,Yes,Electronic check,98.06,89.16,0,59.4,No
TC_4425,Male,30,0,Yes,No,72,Yes,Yes,No,No internet service,No internet service,No internet service,No internet service,No internet service,No internet service,Month-to-month,No,Mailed check,,1325.77,4,0.0,No
TC_4426,Male,49,0,Yes,No,58,No,No phone service,No,No internet service,No internet service,No internet service,No internet service,No internet service,No internet service,One year,Yes,Mailed check,23.27,1403.48,3,0.0,No
TC_4427,Male,28,0,Yes,No,70,No,No phone service,Fiber optic,Yes,Yes,No,No,Yes,Yes,One year,No,Mailed check,105.4,7344.95,5,141.8,No
TC_4428,Male,59,0,Yes,No,66,Yes,No,DSL,No,No,No,No,No,No,Two year,No,Electronic check,56.11,3420.65,,68.5,No
TC_4429,Male,39,0,No,No,59,Yes,No,DSL,No,No,No,No,No,No,One year,Yes,Electronic check,50.63,3252.47,9,179.1,No
TC_4430,Female,43,0,No,No,59,Yes,No,DSL,Yes,No,No,No,Yes,Yes,One year,Yes,Credit card,93.24,5625.78,0,153.5,No
TC_4431,Male,32,0,Yes,No,1,Yes,No,Fiber optic,Yes,Yes,No,Yes,Yes,No,Month-to-month,Yes,Electronic check,111.46,114.62,5,373.5,Yes
TC_4432,Male,40,0,Yes,Yes,4,Yes,Yes,Fiber optic,No,No,No,No,Yes,Yes,Month-to-month,Yes,Mailed check,109.89,475.72,2,330.6,Yes
TC_4433,Female,43,0,No,No,68,Yes,No,Fiber optic,No,Yes,No,No,Yes,No,Two year,No,Credit card,103.47,7728.24,10,185.3,No
TC_4434,Female,34,0,Yes,No,4,Yes,No,DSL,Yes,No,No,No,Yes,Yes,Month-to-month,No,Credit card,92.45,349.72,9,153.8,No
TC_4435,Male,37,0,No,No,62,Yes,No,Fiber optic,Yes,No,Yes,No,No,No,Two year,Yes,Electronic check,89.57,5935.65,3,126.7,No
TC_4436,Female,39,0,Yes,No,1,Yes,Yes,Fiber optic,Yes,Yes,No,No,Yes,Yes,Month-to-month,Yes,Credit card,120.0,118.52,1,96.4,Yes
TC_4437,Male,50,0,No,No,21,Yes,Yes,DSL,No,No,No,No,No,Yes,One year,Yes,Electronic check,71.63,1531.14,,147.6,No
TC_4438,Male,33,0,Yes,No,49,No,No phone service,No,No internet service,No internet service,No internet service,No internet service,No internet service,No internet service,One year,Yes,Mailed check,23.82,1177.31,1,0.0,No
TC_4439,Female,32,0,Yes,Yes,13,Yes,Yes,No,No internet service,No internet service,No internet service,No internet service,No internet service,No internet service,Month-to-month,Yes,Bank transfer,20.0,264.75,5,0.0,No
TC_4440,Female,56,0,Yes,No,,Yes,No,Fiber optic,No,No,No,No,No,No,Month-to-month,No,Electronic check,65.95,2953.7,9,204.1,Yes
TC_4441,Female,35,0,No,No,,Yes,No,Fiber optic,No,Yes,Yes,Yes,Yes,No,Month-to-month,No,Bank transfer,120.0,243.36,6,138.7,Yes
TC_4442,Female,65,1,Yes,No,1,Yes,Yes,No,No internet service,No internet service,No internet service,No internet service,No internet service,No internet service,Month-to-month,No,Credit card,20.0,20.89,6,0.0,No
TC_4443,Male,38,0,No,No,7,Yes,Yes,DSL,Yes,Yes,No,Yes,Yes,No,One year,Yes,Mailed check,101.47,778.35,2,33.1,No
TC_4444,Female,51,0,Yes,Yes,5,Yes,Yes,Fiber optic,No,No,No,No,No,Yes,Month-to-month,No,Bank transfer,102.24,460.86,2,144.0,No
TC_4445,Female,30,0,Yes,No,55,Yes,Yes,DSL,No,Yes,No,No,No,No,One year,Yes,Electronic check,68.76,3695.66,6,110.0,No
TC_4446,Male,38,0,Yes,No,,Yes,No,No,No internet service,No internet service,No internet service,No internet service,No internet service,No internet service,Month-to-month,Yes,Electronic check,20.0,101.22,3,0.0,Yes
TC_4447,Female,54,0,No,No,7,Yes,No,Fiber optic,No,Yes,Yes,Yes,Yes,Yes,One year,Yes,Credit card,120.0,850.16,1,237.0,No
TC_4448,Female,51,0,No,No,3,Yes,Yes,No,No internet service,No internet service,No internet service,No internet service,No internet service,No internet service,Month-to-month,No,Mailed check,20.0,60.07,12,0.0,Yes
TC_4449,Male,33,0,No,Yes,,Yes,No,DSL,Yes,No,Yes,No,No,No,One year,Yes,Mailed check,92.53,,1,22.1,No
TC_4450,Male,45,0,Yes,No,50,Yes,No,Fiber optic,No,Yes,No,Yes,No,Yes,Two year,No,Electronic check,94.18,5082.61,0,318.1,No
TC_4451,Female,55,0,No,No,70,Yes,Yes,Fiber optic,Yes,Yes,No,No,No,No,Two year,Yes,Mailed check,104.16,7986.84,,233.3,No
TC_4452,Male,37,0,Yes,No,60,Yes,No,Fiber optic,No,Yes,Yes,No,No,No,Month-to-month,Yes,Mailed check,109.71,6395.2,5,276.6,No
TC_4453,Female,48,0,Yes,No,4,Yes,No,Fiber optic,Yes,Yes,Yes,No,Yes,Yes,Month-to-month,Yes,Credit card,116.6,487.61,9,146.2,Yes
TC_4454,Male,26,0,Yes,Yes,8,Yes,No,DSL,Yes,No,No,Yes,Yes,No,One year,Yes,Credit card,76.23,610.21,10,109.1,No
TC_4455,Male,33,0,No,No,59,Yes,No,DSL,Yes,Yes,No,No,No,No,Month-to-month,Yes,Electronic check,72.42,3906.5,1,165.7,No
TC_4456,Male,70,1,Yes,No,61,Yes,Yes,No,No internet service,No internet service,No internet service,No internet service,No internet service,No internet service,Month-to-month,Yes,Mailed check,20.0,1105.07,1,0.0,No
TC_4457,Male,68,1,No,No,24,Yes,No,DSL,Yes,No,No,No,No,Yes,One year,No,Mailed check,82.2,1969.95,,81.1,No
TC_4458,Female,45,0,No,No,7,Yes,No,Fiber optic,No,No,Yes,No,No,No,One year,Yes,Credit card,78.97,530.14,1,138.7,No
TC_4459,Male,47,0,Yes,No,2,Yes,Yes,DSL,No,No,Yes,Yes,Yes,Yes,One year,Yes,Bank transfer,89.52,164.42,0,134.2,Yes
TC_4460,Male,50,0,No,No,7,Yes,Yes,Fiber optic,Yes,No,No,No,No,Yes,Month-to-month,No,Electronic check,98.33,647.77,1,155.1,Yes
TC_4461,Male,36,0,Yes,Yes,52,Yes,No,Fiber optic,No,No,No,No,Yes,Yes,Two year,Yes,Mailed check,91.77,4904.87,0,312.8,No
TC_4462,Female,32,0,Yes,No,5,Yes,No,DSL,No,No,No,Yes,No,No,Month-to-month,Yes,Mailed check,58.19,300.41,5,84.2,Yes
TC_4463,Female,30,0,No,No,18,No,No phone service,Fiber optic,Yes,Yes,No,No,Yes,Yes,One year,No,Mailed check,101.62,1799.47,11,159.7,No
TC_4464,Male,34,0,No,No,2,Yes,No,No,No internet service,No internet service,No internet service,No internet service,No internet service,No internet service,Two year,Yes,Credit card,20.0,42.63,1,0.0,No
TC_4465,Female,30,0,No,No,15,Yes,No,DSL,Yes,No,No,No,No,Yes,One year,Yes,Bank transfer,75.52,1161.11,4,74.5,No
TC_4466,Male,42,0,Yes,No,26,Yes,No,DSL,No,Yes,Yes,No,Yes,No,Two year,Yes,Bank transfer,88.68,2418.81,7,161.2,Yes
TC_4467,Male,58,0,No,No,5,Yes,No,DSL,No,Yes,No,No,No,No,Month-to-month,Yes,Mailed check,71.9,381.1,,42.7,Yes
TC_4468,Male,38,0,Yes,Yes,2,Yes,No,DSL,No,No,No,No,No,No,Two year,Yes,Bank transfer,51.52,98.55,6,82.3,No
TC_4469,Female,45,0,No,No,55,Yes,No,Fiber optic,No,No,No,Yes,Yes,No,Two year,No,Electronic check,81.66,4745.91,5,279.9,No
TC_4470,Female,49,0,No,No,6,Yes,Yes,No,No internet service,No internet service,No internet service,No internet service,No internet service,No internet service,Two year,Yes,Mailed check,20.0,131.13,5,0.0,No
TC_4471,Male,51,0,No,No,2,No,No phone service,No,No internet service,No internet service,No internet service,No internet service,No internet service,No internet service,One year,No,Credit card,23.27,44.29,6,0.0,No
TC_4472,Male,47,0,Yes,No,6,Yes,No,Fiber optic,No,No,No,No,No,No,One year,No,Credit card,65.81,,5,186.0,No
TC_4473,Female,27,0,Yes,No,51,No,No phone service,No,No internet service,No internet service,No internet service,No internet service,No internet service,No internet service,Two year,Yes,Credit card,18.33,935.44,8,0.0,No
TC_4474,Female,35,0,No,No,60,Yes,Yes,No,No internet service,No internet service,No internet service,No internet service,No internet service,No internet service,Two year,No,Bank transfer,20.0,1299.72,,0.0,No
TC_4475,Male,33,0,No,No,1,No,No phone service,No,No internet service,No internet service,No internet service,No internet service,No internet service,No internet service,Month-to-month,No,Bank transfer,22.16,21.18,2,0.0,No
TC_4476,Male,26,0,No,No,54,Yes,No,DSL,No,No,Yes,Yes,No,No,Two year,Yes,Credit card,,3273.96,7,48.2,No
TC_4477,Male,47,0,No,No,39,Yes,Yes,DSL,No,No,No,No,No,No,Two year,Yes,Bank transfer,66.44,2403.05,4,125.7,No
TC_4478,Female,48,0,Yes,Yes,2,Yes,Yes,DSL,Yes,No,No,No,Yes,Yes,Month-to-month,Yes,Credit card,102.82,223.87,,39.6,Yes
TC_4479,Female,71,1,Yes,No,62,Yes,Yes,Fiber optic,No,No,No,Yes,Yes,No,Two year,Yes,Credit card,101.7,5777.13,5,284.2,No
TC_4480,Female,40,0,No,No,66,Yes,No,DSL,No,No,No,Yes,Yes,Yes,One year,No,Bank transfer,89.68,6032.83,5,145.5,No
TC_4481,Female,54,0,Yes,No,4,Yes,No,Fiber optic,Yes,No,Yes,Yes,No,No,Month-to-month,Yes,Mailed check,95.69,360.21,8,355.9,No
TC_4482,Female,72,1,No,No,52,Yes,Yes,DSL,No,Yes,No,No,No,No,One year,Yes,Mailed check,70.11,3992.56,4,44.9,No
TC_4483,Male,40,0,No,No,66,Yes,No,DSL,Yes,No,No,Yes,Yes,Yes,Month-to-month,Yes,Electronic check,107.89,7420.68,1,92.5,No
TC_4484,Male,32,0,No,No,34,Yes,No,DSL,Yes,Yes,No,No,Yes,No,One year,Yes,Bank transfer,83.7,2955.92,3,75.5,No
TC_4485,Female,45,0,No,Yes,25,Yes,Yes,DSL,No,No,Yes,No,No,Yes,Two year,No,Credit card,73.22,1764.61,1,85.3,No
TC_4486,Male,35,0,Yes,No,45,Yes,No,Fiber optic,No,No,No,No,Yes,No,One year,Yes,Credit card,82.89,,4,286.5,No
TC_4487,Female,53,0,Yes,No,27,No,No phone service,Fiber optic,No,No,Yes,No,Yes,No,One year,No,Electronic check,70.3,1732.67,5,221.2,Yes
TC_4488,Female,41,0,No,No,39,Yes,No,No,No internet service,No internet service,No internet service,No internet service,No internet service,No internet service,One year,No,Mailed check,20.0,846.55,0,0.0,No
TC_4489,Male,34,0,No,Yes,48,Yes,No,No,No internet service,No internet service,No internet service,No internet service,No internet service,No internet service,Month-to-month,Yes,Electronic check,20.0,991.61,2,0.0,Yes
TC_4490,Female,63,0,Yes,Yes,5,Yes,Yes,DSL,No,No,No,No,Yes,Yes,Month-to-month,No,Electronic check,82.32,,0,49.0,No
TC_4491,Male,29,0,No,No,19,Yes,No,No,No internet service,No internet service,No internet service,No internet service,No internet service,No internet service,One year,No,Bank transfer,,381.81,3,0.0,No
TC_4492,Male,51,0,Yes,No,1,Yes,Yes,No,No internet service,No internet service,No internet service,No internet service,No internet service,No internet service,Month-to-month,Yes,Electronic check,20.0,19.53,9,0.0,Yes
TC_4493,Female,28,0,No,No,48,No,No phone service,Fiber optic,No,Yes,No,Yes,Yes,No,One year,Yes,Credit card,94.4,4763.44,13,391.7,No
TC_4494,Male,57,0,Yes,Yes,2,Yes,Yes,DSL,No,No,No,No,No,Yes,Month-to-month,No,Credit card,78.71,157.66,2,122.9,No
TC_4495,Male,40,0,No,No,56,Yes,No,Fiber optic,Yes,No,No,No,Yes,No,Two year,No,Mailed check,101.92,5416.08,3,175.2,No
TC_4496,Male,42,0,No,Yes,58,Yes,No,Fiber optic,Yes,No,No,No,No,Yes,Two year,No,Bank transfer,99.39,5481.59,14,330.0,No
TC_4497,Male,45,0,No,No,5,Yes,Yes,No,No internet service,No internet service,No internet service,No internet service,No internet service,No internet service,Month-to-month,Yes,Electronic check,20.0,96.46,1,0.0,No
TC_4498,Female,31,0,Yes,No,4,Yes,Yes,Fiber optic,No,No,No,No,No,No,Month-to-month,Yes,Credit card,78.14,327.71,5,323.4,Yes
TC_4499,Female,39,0,Yes,No,57,Yes,Yes,Fiber optic,No,No,No,No,No,No,Two year,Yes,Electronic check,69.7,4021.36,8,184.7,No
TC_4500,Male,37,0,No,No,3,Yes,Yes,DSL,No,No,No,No,Yes,No,Month-to-month,Yes,Electronic check,77.79,45.55,3,76.4,No
TC_4501,Male,56,0,Yes,No,7,Yes,No,DSL,Yes,No,No,No,No,No,Month-to-month,Yes,Electronic check,81.47,608.53,4,67.5,No
TC_4502,Male,52,0,Yes,No,26,Yes,No,No,No internet service,No internet service,No internet service,No internet service,No internet service,No internet service,Two year,Yes,Bank transfer,20.0,531.48,0,0.0,No
TC_4503,Male,45,0,Yes,Yes,57,Yes,No,No,No internet service,No internet service,No internet service,No internet service,No internet service,No internet service,Two year,No,Electronic check,20.0,1127.73,0,0.0,No
TC_4504,Male,31,0,Yes,Yes,69,Yes,Yes,DSL,No,No,No,Yes,Yes,No,Month-to-month,Yes,Electronic check,77.4,4894.62,,50.5,Yes
TC_4505,Male,40,0,Yes,Yes,4,Yes,Yes,No,No internet service,No internet service,No internet service,No internet service,No internet service,No internet service,Month-to-month,Yes,Electronic check,20.0,,2,0.0,Yes
TC_4506,Female,44,0,No,No,5,Yes,Yes,Fiber optic,No,No,No,No,Yes,No,Two year,No,Bank transfer,80.65,392.8,13,184.2,No
TC_4507,Female,51,0,No,No,47,Yes,Yes,DSL,No,No,No,Yes,Yes,No,Two year,No,Credit card,71.21,3355.01,0,18.1,No
TC_4508,Female,54,0,Yes,Yes,70,Yes,No,Fiber optic,No,Yes,No,No,No,Yes,Month-to-month,Yes,Bank transfer,,6659.24,2,399.3,No
TC_4509,Male,61,0,No,No,42,No,No phone service,No,No internet service,No internet service,No internet service,No internet service,No internet service,No internet service,Two year,No,Credit card,22.76,990.4,1,0.0,No
TC_4510,Female,34,0,Yes,No,8,Yes,No,DSL,No,No,No,No,Yes,Yes,Month-to-month,Yes,Credit card,75.13,643.64,5,22.6,No
TC_4511,Male,61,0,Yes,No,55,Yes,Yes,DSL,No,No,Yes,No,Yes,No,One year,No,Bank transfer,68.07,3662.38,3,55.0,No
TC_4512,Male,48,0,Yes,No,34,Yes,Yes,DSL,No,No,No,No,No,No,Two year,Yes,Credit card,58.2,1854.73,1,136.0,No
TC_4513,Male,39,0,Yes,Yes,9,Yes,No,Fiber optic,No,No,Yes,No,No,No,Two year,Yes,Mailed check,94.98,770.72,2,256.8,No
TC_4514,Female,63,0,Yes,No,49,Yes,No,DSL,No,No,No,No,No,No,Month-to-month,Yes,Electronic check,50.72,,2,116.5,Yes
TC_4515,Female,34,0,No,Yes,64,Yes,No,Fiber optic,Yes,Yes,No,No,No,No,One year,No,Bank transfer,90.79,5929.16,13,346.2,No
TC_4516,Female,48,0,Yes,No,4,Yes,No,Fiber optic,Yes,No,No,Yes,No,No,Month-to-month,Yes,Electronic check,,329.06,14,137.0,No
TC_4517,Male,61,0,No,No,70,Yes,Yes,No,No internet service,No internet service,No internet service,No internet service,No internet service,No internet service,Two year,No,Bank transfer,20.0,1405.3,8,0.0,No
TC_4518,Male,60,0,No,No,1,Yes,No,DSL,Yes,Yes,No,No,No,No,One year,No,Credit card,74.14,68.53,1,33.7,Yes
TC_4519,Female,39,0,Yes,No,16,Yes,Yes,DSL,Yes,Yes,No,No,Yes,No,Month-to-month,Yes,Credit card,90.97,1421.17,10,169.5,No
TC_4520,Female,71,1,Yes,Yes,29,Yes,No,DSL,No,No,No,Yes,Yes,Yes,Month-to-month,Yes,Electronic check,92.41,2821.09,10,80.1,No
TC_4521,Male,44,0,Yes,Yes,65,No,No phone service,DSL,No,Yes,No,No,Yes,Yes,One year,Yes,Credit card,90.77,5838.09,2,103.0,No
TC_4522,Male,52,0,No,Yes,6,Yes,No,Fiber optic,Yes,No,Yes,Yes,No,Yes,Month-to-month,Yes,Mailed check,119.99,704.56,5,236.8,No
TC_4523,Female,69,1,Yes,No,53,Yes,Yes,Fiber optic,No,No,Yes,No,Yes,Yes,Two year,Yes,Credit card,109.76,6326.47,13,121.1,No
TC_4524,Male,47,0,Yes,Yes,58,Yes,No,Fiber optic,Yes,Yes,No,Yes,No,Yes,One year,Yes,Mailed check,116.06,6279.91,5,336.2,No
TC_4525,Male,52,0,Yes,Yes,50,Yes,Yes,DSL,No,Yes,Yes,No,No,No,One year,Yes,Bank transfer,83.0,4555.31,,52.0,No
TC_4526,Male,36,0,No,No,60,No,No phone service,Fiber optic,No,No,Yes,No,Yes,Yes,One year,No,Mailed check,80.56,5199.51,3,132.6,No
TC_4527,Male,27,0,No,No,42,Yes,Yes,Fiber optic,Yes,No,No,No,Yes,Yes,One year,Yes,Mailed check,120.0,5488.5,7,231.3,No
TC_4528,Female,59,0,No,No,28,Yes,Yes,DSL,Yes,No,No,No,No,No,Month-to-month,Yes,Bank transfer,66.6,1775.59,2,60.6,Yes
TC_4529,Female,30,0,Yes,No,13,Yes,Yes,DSL,No,No,No,No,Yes,No,Month-to-month,Yes,Bank transfer,61.57,783.52,4,134.6,No
TC_4530,Male,51,0,Yes,No,,No,No phone service,Fiber optic,Yes,Yes,Yes,No,No,No,Month-to-month,No,Electronic check,74.18,135.67,2,85.8,No
TC_4531,Female,63,0,Yes,No,4,Yes,No,Fiber optic,Yes,No,No,No,Yes,No,Month-to-month,No,Mailed check,91.94,393.85,6,177.2,No
TC_4532,Male,44,0,Yes,No,31,Yes,No,DSL,Yes,Yes,No,No,No,Yes,One year,Yes,Mailed check,91.51,2932.09,3,51.0,No
TC_4533,Male,43,0,Yes,No,54,Yes,No,DSL,Yes,Yes,No,Yes,Yes,Yes,Two year,No,Electronic check,98.71,5552.61,,126.0,No
TC_4534,Female,48,0,No,No,72,Yes,Yes,DSL,No,No,No,No,Yes,Yes,Two year,Yes,Credit card,85.65,5820.93,11,77.6,No
TC_4535,Male,29,0,No,No,3,No,No phone service,Fiber optic,Yes,No,No,No,No,Yes,Month-to-month,No,Mailed check,,195.7,3,62.2,Yes
TC_4536,Male,43,0,No,No,4,Yes,No,No,No internet service,No internet service,No internet service,No internet service,No internet service,No internet service,Month-to-month,No,Bank transfer,20.0,80.06,3,0.0,Yes
TC_4537,Female,39,0,Yes,No,2,Yes,No,No,No internet service,No internet service,No internet service,No internet service,No internet service,No internet service,Month-to-month,Yes,Credit card,20.0,43.52,7,0.0,Yes
TC_4538,Male,35,0,Yes,No,24,Yes,No,DSL,No,No,Yes,No,No,No,Two year,Yes,Credit card,,1978.91,0,130.9,No
TC_4539,Female,54,0,No,No,15,Yes,No,Fiber optic,Yes,No,Yes,Yes,Yes,Yes,One year,Yes,Mailed check,120.0,1908.83,2,195.4,No
TC_4540,Female,43,0,Yes,Yes,7,Yes,No,DSL,Yes,Yes,No,Yes,Yes,No,Month-to-month,No,Electronic check,96.23,709.73,5,24.0,No
TC_4541,Female,25,0,No,No,33,Yes,No,No,No internet service,No internet service,No internet service,No internet service,No internet service,No internet service,One year,Yes,Credit card,20.0,616.52,5,0.0,No
TC_4542,Male,41,0,Yes,No,60,No,No phone service,DSL,No,No,Yes,Yes,No,No,Two year,Yes,Bank transfer,55.61,3031.96,1,142.0,No
TC_4543,Female,33,0,Yes,No,5,Yes,No,DSL,Yes,No,Yes,No,No,No,Two year,No,Electronic check,74.2,403.5,13,127.5,No
TC_4544,Male,52,0,Yes,No,3,No,No phone service,No,No internet service,No internet service,No internet service,No internet service,No internet service,No internet service,Month-to-month,No,Credit card,22.49,74.03,2,0.0,Yes
TC_4545,Female,46,0,No,Yes,48,Yes,Yes,Fiber optic,Yes,Yes,Yes,No,Yes,Yes,One year,Yes,Mailed check,,,2,46.9,No
TC_4546,Female,45,0,Yes,No,60,No,No phone service,DSL,No,Yes,No,No,No,No,Two year,Yes,Credit card,51.89,2904.73,3,162.4,No
TC_4547,Female,56,0,Yes,No,60,Yes,No,DSL,No,No,No,Yes,Yes,No,Month-to-month,Yes,Electronic check,89.36,5698.96,5,88.2,No
TC_4548,Female,66,1,Yes,No,29,Yes,No,DSL,Yes,No,Yes,No,No,No,Month-to-month,No,Bank transfer,76.28,2083.4,3,85.8,Yes
TC_4549,Male,29,0,No,No,40,Yes,No,DSL,No,No,Yes,No,No,Yes,Month-to-month,Yes,Electronic check,,3038.1,1,97.4,No
TC_4550,Male,33,0,Yes,Yes,3,Yes,No,DSL,Yes,Yes,No,No,No,Yes,Month-to-month,Yes,Electronic check,84.66,245.47,4,85.3,Yes
TC_4551,Male,33,0,Yes,No,25,Yes,No,Fiber optic,No,No,Yes,Yes,Yes,Yes,Two year,Yes,Credit card,119.3,3234.27,4,194.7,No
TC_4552,Male,54,0,No,No,54,Yes,Yes,No,No internet service,No internet service,No internet service,No internet service,No internet service,No internet service,One year,No,Bank transfer,20.0,1177.34,7,0.0,No
TC_4553,Male,42,0,Yes,No,50,Yes,No,No,No internet service,No internet service,No internet service,No internet service,No internet service,No internet service,One year,No,Credit card,20.0,981.91,4,0.0,No
TC_4554,Female,55,0,Yes,No,43,Yes,Yes,No,No internet service,No internet service,No internet service,No internet service,No internet service,No internet service,Two year,Yes,Credit card,,911.1,10,0.0,No
TC_4555,Female,56,0,Yes,No,63,Yes,Yes,DSL,No,No,No,No,Yes,No,Month-to-month,Yes,Electronic check,,4398.99,3,84.5,Yes
TC_4556,Female,32,0,No,Yes,62,Yes,Yes,Fiber optic,No,Yes,No,No,No,Yes,Two year,Yes,Mailed check,105.75,5937.66,0,402.8,No
TC_4557,Female,50,0,No,No,1,Yes,No,No,No internet service,No internet service,No internet service,No internet service,No internet service,No internet service,Month-to-month,No,Mailed check,20.0,,9,0.0,Yes
TC_4558,Male,42,0,Yes,No,9,Yes,No,Fiber optic,No,Yes,Yes,Yes,No,Yes,Two year,No,Bank transfer,120.0,1182.63,2,227.7,No
TC_4559,Female,38,0,Yes,No,18,Yes,No,Fiber optic,No,No,No,Yes,No,Yes,Month-to-month,Yes,Electronic check,87.6,1579.06,0,153.2,Yes
TC_4560,Female,35,0,No,No,5,Yes,Yes,Fiber optic,Yes,No,No,No,Yes,No,Two year,No,Mailed check,98.21,453.36,10,109.1,Yes
TC_4561,Female,39,0,Yes,No,40,Yes,No,Fiber optic,No,Yes,Yes,Yes,No,No,Month-to-month,No,Mailed check,113.47,4609.33,13,83.5,Yes
TC_4562,Male,52,0,No,No,2,Yes,No,DSL,Yes,Yes,No,No,No,Yes,Month-to-month,No,Mailed check,86.22,172.72,12,56.3,Yes
TC_4563,Female,37,0,Yes,No,57,Yes,No,Fiber optic,No,No,No,Yes,Yes,No,One year,Yes,Credit card,102.56,5671.2,6,98.9,No
TC_4564,Male,36,0,No,No,17,No,No phone service,Fiber optic,No,No,Yes,No,Yes,Yes,Month-to-month,Yes,Bank transfer,91.12,1409.11,2,218.9,Yes
TC_4565,Female,47,0,Yes,Yes,50,No,No phone service,Fiber optic,Yes,No,No,No,No,No,Month-to-month,No,Electronic check,53.06,2916.78,1,85.4,No
TC_4566,Female,56,0,Yes,No,6,Yes,Yes,DSL,Yes,No,Yes,Yes,No,No,Month-to-month,Yes,Electronic check,81.53,515.27,2,100.8,Yes
TC_4567,Female,23,0,Yes,No,6,No,No phone service,Fiber optic,Yes,Yes,Yes,No,No,No,Month-to-month,No,Credit card,78.94,493.15,2,86.3,Yes
TC_4568,Female,40,0,No,Yes,51,Yes,No,Fiber optic,No,No,No,Yes,Yes,Yes,Two year,No,Credit card,,6560.35,5,90.5,No
TC_4569,Female,46,0,No,No,66,Yes,Yes,Fiber optic,No,Yes,No,No,Yes,No,One year,No,Bank transfer,99.28,6626.27,8,286.2,No
TC_4570,Female,60,0,No,No,23,Yes,No,Fiber optic,Yes,No,No,No,Yes,No,One year,No,Electronic check,84.29,2113.37,5,220.0,No
TC_4571,Male,48,0,No,No,61,Yes,Yes,Fiber optic,No,No,No,No,Yes,No,One year,No,Bank transfer,98.52,5749.61,2,198.4,No
TC_4572,Female,30,0,No,No,42,Yes,Yes,Fiber optic,Yes,No,Yes,Yes,No,No,Two year,No,Mailed check,110.96,4927.03,6,163.1,No
TC_4573,Female,38,0,No,No,58,No,No phone service,Fiber optic,No,Yes,Yes,Yes,No,No,One year,Yes,Bank transfer,,6144.13,6,297.3,Yes
TC_4574,Female,33,0,No,Yes,32,Yes,Yes,Fiber optic,Yes,No,Yes,Yes,Yes,Yes,Two year,Yes,Bank transfer,120.0,3886.41,2,175.5,No
TC_4575,Male,69,1,Yes,No,3,Yes,Yes,No,No internet service,No internet service,No internet service,No internet service,No internet service,No internet service,Month-to-month,No,Mailed check,20.0,60.62,2,0.0,No
TC_4576,Male,67,1,No,No,2,Yes,Yes,DSL,No,No,No,Yes,No,Yes,Two year,No,Credit card,83.23,152.99,11,113.8,No
TC_4577,Male,29,0,No,No,4,Yes,No,No,No internet service,No internet service,No internet service,No internet service,No internet service,No internet service,Month-to-month,Yes,Bank transfer,20.0,76.88,,0.0,No
TC_4578,Female,66,1,Yes,No,69,Yes,Yes,Fiber optic,No,No,No,No,No,Yes,One year,No,Bank transfer,93.31,6703.1,3,251.6,Yes
TC_4579,Male,29,0,No,No,1,Yes,Yes,Fiber optic,No,Yes,No,No,No,No,Month-to-month,No,Credit card,94.95,92.47,2,337.0,Yes
TC_4580,Female,38,0,Yes,No,63,Yes,No,Fiber optic,No,Yes,No,No,Yes,No,Two year,No,Bank transfer,109.21,7375.96,15,141.3,No
TC_4581,Male,50,0,No,Yes,45,Yes,No,Fiber optic,Yes,Yes,Yes,No,Yes,No,Two year,Yes,Credit card,120.0,5513.9,3,109.0,No
TC_4582,Male,36,0,No,No,4,Yes,Yes,DSL,No,No,No,Yes,Yes,Yes,Month-to-month,Yes,Mailed check,101.6,374.48,1,142.9,Yes
TC_4583,Female,50,0,Yes,No,21,Yes,Yes,DSL,No,Yes,No,Yes,No,No,Month-to-month,No,Mailed check,85.74,1824.19,,160.7,Yes
TC_4584,Female,70,1,Yes,No,9,Yes,Yes,Fiber optic,No,Yes,No,Yes,No,Yes,Two year,Yes,Credit card,115.95,1006.85,2,242.6,No
TC_4585,Female,40,0,No,No,62,Yes,No,Fiber optic,Yes,No,No,Yes,No,Yes,Two year,No,Credit card,108.86,6941.17,0,306.4,No
TC_4586,Male,33,0,Yes,No,3,Yes,No,DSL,No,No,No,No,Yes,Yes,Month-to-month,Yes,Mailed check,91.7,298.89,2,162.9,Yes
TC_4587,Male,38,0,No,No,53,Yes,Yes,Fiber optic,No,Yes,No,Yes,Yes,No,Month-to-month,Yes,Bank transfer,108.13,5933.28,3,223.3,No
TC_4588,Male,41,0,No,No,3,Yes,Yes,Fiber optic,No,No,Yes,Yes,No,No,Month-to-month,Yes,Mailed check,87.82,287.79,3,184.8,No
TC_4589,Female,42,0,Yes,Yes,2,Yes,Yes,No,No internet service,No internet service,No internet service,No internet service,No internet service,No internet service,Month-to-month,Yes,Mailed check,20.0,37.95,2,0.0,Yes
TC_4590,Female,26,0,No,No,1,Yes,Yes,DSL,No,No,Yes,Yes,Yes,No,One year,Yes,Bank transfer,78.58,74.1,2,68.6,No
TC_4591,Female,54,0,Yes,No,11,Yes,Yes,Fiber optic,Yes,No,Yes,Yes,Yes,Yes,Month-to-month,No,Bank transfer,113.19,1355.63,5,153.2,No
TC_4592,Male,30,0,Yes,Yes,,Yes,Yes,Fiber optic,No,No,No,Yes,No,Yes,One year,No,Mailed check,94.39,4923.06,,196.7,No
TC_4593,Female,34,0,Yes,No,60,Yes,No,DSL,No,No,No,No,No,No,One year,No,Credit card,55.83,3326.44,4,171.9,No
TC_4594,Female,34,0,No,No,51,Yes,No,DSL,Yes,Yes,No,No,Yes,Yes,One year,Yes,Credit card,,5288.99,0,127.0,No
TC_4595,Female,24,0,No,No,49,Yes,Yes,Fiber optic,No,Yes,Yes,No,No,Yes,Two year,No,Credit card,116.55,5813.46,10,372.2,No
TC_4596,Female,32,0,No,Yes,2,Yes,No,Fiber optic,No,No,Yes,No,No,No,Month-to-month,Yes,Mailed check,89.43,,0,219.8,No
TC_4597,Female,52,0,Yes,No,58,Yes,No,DSL,Yes,No,Yes,Yes,Yes,No,Two year,No,Mailed check,100.5,5325.67,10,91.7,No
TC_4598,Male,32,0,No,No,7,Yes,Yes,DSL,No,No,No,No,No,No,Two year,Yes,Electronic check,51.87,355.23,3,20.3,No
TC_4599,Female,22,0,Yes,Yes,56,Yes,Yes,No,No internet service,No internet service,No internet service,No internet service,No internet service,No internet service,Month-to-month,No,Electronic check,20.0,1104.26,6,0.0,No
TC_4600,Female,36,0,Yes,No,20,Yes,No,DSL,No,No,Yes,No,Yes,No,One year,Yes,Credit card,87.54,1893.96,2,167.4,No
TC_4601,Female,28,0,Yes,No,7,Yes,No,Fiber optic,No,No,No,Yes,Yes,No,Two year,No,Mailed check,99.93,728.16,6,275.6,No
TC_4602,Female,38,0,Yes,Yes,8,Yes,No,DSL,Yes,No,No,Yes,Yes,No,One year,Yes,Credit card,81.4,602.09,1,49.2,No
TC_4603,Male,68,1,Yes,Yes,69,Yes,No,DSL,No,No,No,Yes,Yes,No,Two year,No,Bank transfer,89.0,6585.38,2,21.1,No
TC_4604,Male,65,1,No,No,63,Yes,No,No,No internet service,No internet service,No internet service,No internet service,No internet service,No internet service,Two year,Yes,Electronic check,20.0,1240.58,0,0.0,No
TC_4605,Male,37,0,No,No,5,Yes,Yes,Fiber optic,Yes,No,Yes,No,Yes,No,One year,Yes,Credit card,114.13,576.19,6,198.2,Yes
TC_4606,Female,55,0,Yes,Yes,7,Yes,No,DSL,Yes,No,Yes,No,Yes,Yes,One year,No,Electronic check,91.19,641.33,6,106.4,No
TC_4607,Female,69,1,No,No,5,Yes,Yes,DSL,No,No,Yes,No,No,No,Month-to-month,No,Electronic check,64.98,299.44,3,76.5,No
TC_4608,Male,53,0,No,No,3,Yes,Yes,Fiber optic,No,Yes,No,Yes,Yes,No,Month-to-month,No,Electronic check,112.84,332.8,3,422.4,No
TC_4609,Male,57,0,No,No,61,No,No phone service,No,No internet service,No internet service,No internet service,No internet service,No internet service,No internet service,Two year,No,Electronic check,18.87,1196.05,2,0.0,No
TC_4610,Female,54,0,No,No,52,Yes,Yes,DSL,No,No,No,Yes,No,No,One year,No,Bank transfer,67.56,3187.32,7,110.9,No
TC_4611,Female,51,0,Yes,No,3,Yes,No,Fiber optic,Yes,Yes,Yes,No,No,No,One year,Yes,Mailed check,113.34,307.31,11,193.9,No
TC_4612,Male,26,0,No,No,4,No,No phone service,DSL,Yes,No,No,Yes,Yes,No,Month-to-month,No,Mailed check,57.92,251.82,4,63.1,No
TC_4613,Male,65,1,No,No,32,Yes,Yes,No,No internet service,No internet service,No internet service,No internet service,No internet service,No internet service,Two year,No,Bank transfer,20.0,594.05,15,0.0,No
TC_4614,Female,39,0,Yes,No,2,Yes,Yes,No,No internet service,No internet service,No internet service,No internet service,No internet service,No internet service,Two year,No,Mailed check,20.0,43.2,7,0.0,No
TC_4615,Female,45,0,Yes,No,38,No,No phone service,Fiber optic,Yes,No,No,Yes,No,Yes,Two year,Yes,Electronic check,91.55,3158.01,10,160.7,No
TC_4616,Male,24,0,Yes,No,61,Yes,No,DSL,No,Yes,Yes,Yes,No,No,Two year,Yes,Bank transfer,95.71,6366.12,12,153.6,Yes
TC_4617,Male,39,0,No,No,51,Yes,Yes,Fiber optic,No,No,Yes,No,Yes,Yes,Two year,No,Electronic check,115.39,5331.63,5,360.4,No
TC_4618,Female,44,0,No,No,4,Yes,No,No,No internet service,No internet service,No internet service,No internet service,No internet service,No internet service,Month-to-month,Yes,Credit card,20.0,83.84,0,0.0,No
TC_4619,Female,57,0,Yes,Yes,70,Yes,Yes,No,No internet service,No internet service,No internet service,No internet service,No internet service,No internet service,Two year,Yes,Bank transfer,20.0,1533.74,5,0.0,No
TC_4620,Female,51,0,Yes,No,3,Yes,Yes,No,No internet service,No internet service,No internet service,No internet service,No internet service,No internet service,Month-to-month,No,Credit card,20.0,54.91,0,0.0,No
TC_4621,Male,35,0,No,No,57,Yes,No,Fiber optic,No,No,No,No,Yes,No,One year,Yes,Bank transfer,93.09,5473.31,13,162.4,No
TC_4622,Female,51,0,No,No,43,Yes,No,Fiber optic,No,Yes,No,No,No,No,Month-to-month,Yes,Electronic check,82.06,3803.09,1,201.3,Yes
TC_4623,Female,52,0,Yes,No,4,Yes,No,DSL,No,No,No,No,No,No,Month-to-month,Yes,Mailed check,67.81,275.45,10,118.7,Yes
TC_4624,Male,70,1,Yes,No,,Yes,No,DSL,No,No,No,Yes,No,Yes,Month-to-month,No,Electronic check,90.16,176.76,5,27.2,No
TC_4625,Male,42,0,Yes,Yes,4,Yes,Yes,DSL,Yes,Yes,Yes,No,Yes,No,Month-to-month,No,Electronic check,105.66,453.2,6,142.3,No
TC_4626,Female,33,0,No,No,4,Yes,No,DSL,No,Yes,No,Yes,No,Yes,Month-to-month,No,Mailed check,80.59,300.06,9,85.3,No
TC_4627,Male,38,0,No,No,2,Yes,No,No,No internet service,No internet service,No internet service,No internet service,No internet service,No internet service,Month-to-month,Yes,Electronic check,20.0,38.4,1,0.0,No
TC_4628,Female,66,1,No,No,44,Yes,Yes,No,No internet service,No internet service,No internet service,No internet service,No internet service,No internet service,Month-to-month,No,Mailed check,20.0,794.82,7,0.0,No
TC_4629,Female,37,0,No,No,40,Yes,No,DSL,Yes,No,No,No,Yes,No,One year,Yes,Mailed check,80.18,3037.88,0,62.1,No
TC_4630,Female,42,0,Yes,No,5,Yes,Yes,DSL,No,No,Yes,No,Yes,Yes,Month-to-month,Yes,Bank transfer,92.86,478.07,4,80.0,Yes
TC_4631,Male,47,0,Yes,No,39,Yes,Yes,DSL,Yes,No,No,No,Yes,No,Two year,No,Credit card,,3354.75,5,42.3,No
TC_4632,Male,59,0,No,No,68,Yes,Yes,No,No internet service,No internet service,No internet service,No internet service,No internet service,No internet service,One year,Yes,Bank transfer,20.0,1366.48,6,0.0,Yes
TC_4633,Male,67,1,Yes,No,50,Yes,No,No,No internet service,No internet service,No internet service,No internet service,No internet service,No internet service,One year,Yes,Credit card,20.0,922.69,8,0.0,No
TC_4634,Male,59,0,Yes,No,47,Yes,No,DSL,No,No,No,Yes,Yes,Yes,One year,No,Mailed check,78.58,3974.14,2,138.5,No
TC_4635,Female,22,0,No,No,,Yes,No,DSL,Yes,No,No,No,No,No,Month-to-month,No,Bank transfer,66.49,4063.78,8,12.9,No
TC_4636,Female,55,0,No,No,3,Yes,No,No,No internet service,No internet service,No internet service,No internet service,No internet service,No internet service,Month-to-month,No,Bank transfer,20.0,55.87,5,0.0,Yes
TC_4637,Male,42,0,Yes,No,18,Yes,No,DSL,No,No,Yes,No,No,No,Month-to-month,Yes,Mailed check,68.34,1264.71,2,67.5,No
TC_4638,Female,28,0,Yes,Yes,70,Yes,Yes,No,No internet service,No internet service,No internet service,No internet service,No internet service,No internet service,Month-to-month,Yes,Electronic check,20.0,1462.84,6,0.0,No
TC_4639,Male,35,0,No,No,71,Yes,Yes,Fiber optic,Yes,No,No,Yes,No,Yes,One year,Yes,Bank transfer,120.0,9154.07,3,198.2,No
TC_4640,Male,29,0,Yes,No,,No,No phone service,No,No internet service,No internet service,No internet service,No internet service,No internet service,No internet service,Month-to-month,No,Electronic check,19.25,71.54,3,0.0,Yes
TC_4641,Male,39,0,No,No,43,Yes,Yes,Fiber optic,Yes,No,No,No,Yes,No,Two year,Yes,Credit card,,4137.79,5,137.2,No
TC_4642,Male,51,0,No,No,37,Yes,No,No,No internet service,No internet service,No internet service,No internet service,No internet service,No internet service,Two year,Yes,Mailed check,20.0,730.82,5,0.0,No
TC_4643,Male,50,0,Yes,No,27,Yes,Yes,Fiber optic,No,Yes,No,No,Yes,Yes,Month-to-month,No,Bank transfer,102.98,2556.09,0,100.5,Yes
TC_4644,Male,35,0,Yes,No,30,Yes,Yes,DSL,No,No,No,No,Yes,Yes,Two year,No,Electronic check,65.2,2027.57,4,134.0,No
TC_4645,Female,64,0,Yes,No,64,Yes,No,DSL,Yes,No,No,Yes,Yes,No,Two year,Yes,Mailed check,85.24,5755.23,0,72.3,No
TC_1123,Male,32,0,Yes,Yes,7,Yes,No,DSL,Yes,No,Yes,Yes,No,Yes,Month-to-month,No,Mailed check,104.18,,6,169.0,Yes
TC_4647,Female,58,0,No,No,34,Yes,No,Fiber optic,No,Yes,No,No,Yes,No,Two year,Yes,Bank transfer,88.35,3279.23,0,209.2,No
TC_4648,Male,63,0,No,No,64,Yes,Yes,Fiber optic,Yes,Yes,Yes,No,Yes,Yes,One year,Yes,Credit card,120.0,8351.85,4,217.1,No
TC_4649,Male,53,0,Yes,Yes,50,Yes,Yes,No,No internet service,No internet service,No internet service,No internet service,No internet service,No internet service,Two year,Yes,Bank transfer,20.0,1021.38,6,0.0,No
TC_4650,Male,38,0,Yes,No,,Yes,No,No,No internet service,No internet service,No internet service,No internet service,No internet service,No internet service,One year,Yes,Bank transfer,20.0,129.93,9,0.0,No
TC_4651,Female,51,0,No,No,8,Yes,No,No,No internet service,No internet service,No internet service,No internet service,No internet service,No internet service,One year,Yes,Electronic check,20.0,159.2,3,0.0,No
TC_4652,Female,20,0,Yes,No,2,Yes,No,Fiber optic,No,No,No,Yes,No,Yes,One year,Yes,Credit card,94.88,184.31,7,130.2,Yes
TC_4653,Female,31,0,Yes,Yes,3,Yes,No,No,No internet service,No internet service,No internet service,No internet service,No internet service,No internet service,Month-to-month,Yes,Electronic check,20.0,59.99,0,0.0,No
TC_4654,Male,69,1,No,No,66,Yes,No,DSL,Yes,No,No,No,No,No,Two year,No,Bank transfer,70.55,4337.28,3,96.4,No
TC_4655,Male,54,0,Yes,No,42,Yes,No,No,No internet service,No internet service,No internet service,No internet service,No internet service,No internet service,One year,Yes,Credit card,20.0,882.29,0,0.0,No
TC_4656,Female,40,0,No,No,2,Yes,Yes,DSL,No,No,No,No,Yes,No,Month-to-month,Yes,Electronic check,66.06,,1,65.3,Yes
TC_4657,Female,34,0,Yes,No,67,Yes,Yes,DSL,No,No,Yes,No,Yes,No,Two year,Yes,Credit card,72.64,5291.53,0,41.1,No
TC_4658,Female,67,1,Yes,No,7,Yes,No,Fiber optic,Yes,Yes,Yes,Yes,No,No,Month-to-month,Yes,Electronic check,111.74,741.97,8,166.1,Yes
TC_4659,Male,67,1,No,No,61,Yes,Yes,Fiber optic,Yes,No,Yes,Yes,No,No,One year,No,Mailed check,105.43,6148.2,2,277.5,No
TC_4660,Female,52,0,Yes,No,69,Yes,Yes,Fiber optic,No,No,Yes,No,No,Yes,Two year,No,Credit card,88.17,5999.31,6,405.0,No
TC_4661,Male,70,1,Yes,No,9,Yes,Yes,Fiber optic,Yes,No,No,No,No,No,One year,Yes,Mailed check,89.04,,7,129.1,No
TC_4662,Male,29,0,Yes,No,45,Yes,No,DSL,No,No,Yes,No,No,No,One year,Yes,Bank transfer,71.47,2927.72,11,139.9,No
TC_4663,Male,28,0,No,Yes,70,Yes,No,DSL,Yes,No,Yes,Yes,Yes,Yes,Two year,Yes,Electronic check,115.33,7352.25,3,123.7,No
TC_4664,Female,47,0,No,No,2,Yes,No,Fiber optic,No,No,No,No,Yes,No,Month-to-month,Yes,Electronic check,76.06,154.14,1,163.8,No
TC_4665,Female,39,0,Yes,No,34,Yes,No,DSL,No,No,No,No,Yes,No,Month-to-month,Yes,Bank transfer,60.27,2149.02,2,100.2,Yes
TC_4666,Female,70,1,No,No,23,Yes,No,DSL,Yes,Yes,Yes,No,No,No,Month-to-month,No,Bank transfer,97.96,2408.04,1,83.2,No
TC_4667,Male,70,1,Yes,No,5,Yes,No,DSL,Yes,Yes,No,Yes,No,No,Month-to-month,Yes,Credit card,,,6,93.4,Yes
TC_4668,Female,43,0,No,No,2,Yes,Yes,No,No internet service,No internet service,No internet service,No internet service,No internet service,No internet service,One year,No,Electronic check,20.0,39.71,8,0.0,No
TC_4669,Female,51,0,No,No,67,Yes,No,DSL,No,Yes,Yes,Yes,No,No,Two year,Yes,Credit card,94.42,5818.56,5,116.2,Yes
TC_4670,Female,48,0,No,No,9,Yes,No,Fiber optic,No,No,Yes,No,Yes,Yes,One year,No,Credit card,90.3,752.09,5,93.7,No
TC_4671,Female,66,1,No,No,60,No,No phone service,Fiber optic,Yes,No,No,No,Yes,No,One year,No,Credit card,77.63,4448.31,8,302.1,Yes
TC_4672,Female,36,0,Yes,No,4,Yes,Yes,Fiber optic,No,No,Yes,No,Yes,No,Month-to-month,Yes,Electronic check,98.75,365.96,2,464.0,Yes
TC_4673,Female,33,0,Yes,No,9,Yes,Yes,No,No internet service,No internet service,No internet service,No internet service,No internet service,No internet service,One year,Yes,Credit card,20.0,175.35,4,0.0,Yes
TC_4674,Male,60,0,Yes,No,65,Yes,No,Fiber optic,Yes,No,No,Yes,Yes,No,One year,No,Credit card,111.01,7071.74,7,146.8,No
TC_4675,Female,48,0,Yes,Yes,23,Yes,Yes,Fiber optic,No,Yes,No,No,No,No,Month-to-month,No,Electronic check,98.25,2094.07,6,228.8,Yes
TC_4676,Female,49,0,No,No,59,Yes,No,No,No internet service,No internet service,No internet service,No internet service,No internet service,No internet service,One year,No,Credit card,20.0,1223.59,1,0.0,No
TC_4677,Female,31,0,Yes,No,29,Yes,Yes,No,No internet service,No internet service,No internet service,No internet service,No internet service,No internet service,Two year,Yes,Mailed check,20.0,586.33,5,0.0,No
TC_4678,Female,29,0,Yes,Yes,70,Yes,No,Fiber optic,Yes,No,No,No,No,No,Month-to-month,Yes,Electronic check,97.36,6406.19,2,232.6,No
TC_4679,Male,50,0,No,No,2,Yes,No,Fiber optic,Yes,No,No,No,Yes,Yes,Month-to-month,Yes,Mailed check,114.87,214.46,1,187.5,Yes
TC_4680,Male,44,0,No,No,4,No,No phone service,DSL,No,No,No,No,Yes,Yes,Month-to-month,Yes,Electronic check,72.14,307.26,2,141.0,No
TC_4681,Male,35,0,No,No,69,Yes,Yes,No,No internet service,No internet service,No internet service,No internet service,No internet service,No internet service,One year,Yes,Credit card,20.0,1324.2,3,0.0,No
TC_4682,Female,37,0,No,No,2,Yes,Yes,Fiber optic,No,Yes,No,No,No,No,Month-to-month,Yes,Mailed check,81.52,178.03,7,317.4,Yes
TC_4683,Male,36,0,Yes,No,68,Yes,No,Fiber optic,No,No,Yes,No,No,Yes,One year,Yes,Bank transfer,89.12,5891.85,4,331.6,Yes
TC_4684,Female,76,1,Yes,No,65,No,No phone service,DSL,No,No,No,No,No,No,Two year,No,Mailed check,45.56,3182.13,14,76.7,No
TC_4685,Male,50,0,Yes,No,58,Yes,Yes,DSL,No,Yes,Yes,Yes,Yes,No,Two year,No,Credit card,,4892.19,1,31.3,No
TC_4686,Male,49,0,Yes,No,65,Yes,Yes,No,No internet service,No internet service,No internet service,No internet service,No internet service,No internet service,Month-to-month,No,Credit card,20.0,,12,0.0,No
TC_4687,Male,32,0,Yes,No,64,Yes,Yes,DSL,No,Yes,Yes,Yes,No,Yes,Two year,No,Credit card,88.57,5589.72,3,108.5,No
TC_4688,Male,64,0,Yes,Yes,24,Yes,No,Fiber optic,No,No,No,No,Yes,Yes,Two year,Yes,Bank transfer,97.4,2211.65,0,219.5,No
TC_4689,Male,35,0,No,No,55,Yes,Yes,DSL,No,No,No,No,No,Yes,Two year,Yes,Electronic check,59.99,3448.06,1,120.2,No
TC_4690,Male,33,0,Yes,Yes,68,No,No phone service,DSL,No,No,No,No,No,No,Month-to-month,No,Credit card,43.62,3224.52,5,173.9,Yes
TC_4691,Female,40,0,No,No,33,Yes,No,Fiber optic,No,Yes,No,Yes,No,No,Month-to-month,Yes,Electronic check,86.67,2977.7,6,227.2,Yes
TC_4692,Female,65,1,Yes,No,71,Yes,No,Fiber optic,Yes,No,No,No,Yes,Yes,One year,Yes,Bank transfer,112.12,7259.17,14,171.5,No
TC_4693,Female,26,0,Yes,Yes,46,Yes,Yes,No,No internet service,No internet service,No internet service,No internet service,No internet service,No internet service,Month-to-month,Yes,Bank transfer,20.0,900.74,2,0.0,No
TC_4694,Female,46,0,Yes,Yes,67,Yes,Yes,DSL,No,Yes,No,No,No,Yes,Month-to-month,No,Bank transfer,79.97,5150.51,3,74.0,No
TC_4695,Female,36,0,No,No,27,No,No phone service,DSL,No,Yes,No,No,No,No,Two year,Yes,Bank transfer,59.59,1660.77,7,140.5,No
TC_4696,Male,61,0,Yes,No,2,Yes,Yes,DSL,No,No,No,No,Yes,Yes,Month-to-month,Yes,Electronic check,80.62,153.57,1,155.9,Yes
TC_4697,Male,45,0,No,Yes,59,Yes,No,DSL,Yes,No,No,No,No,No,One year,Yes,Bank transfer,65.42,3796.26,8,148.0,No
TC_4698,Male,35,0,No,No,3,Yes,Yes,DSL,Yes,No,Yes,No,No,No,Month-to-month,No,Bank transfer,79.35,250.98,1,75.1,Yes
TC_4699,Female,30,0,Yes,No,49,Yes,No,DSL,No,Yes,Yes,No,Yes,Yes,One year,Yes,Bank transfer,99.12,4516.44,4,168.9,No
TC_4700,Male,31,0,Yes,No,14,Yes,Yes,Fiber optic,Yes,Yes,No,Yes,No,No,One year,No,Credit card,108.99,1607.77,7,294.2,No
TC_4701,Female,43,0,No,No,,Yes,No,Fiber optic,No,Yes,No,No,No,Yes,One year,No,Credit card,91.82,3935.0,7,272.8,No
TC_4702,Female,20,0,Yes,No,18,Yes,No,Fiber optic,No,No,Yes,Yes,Yes,No,Two year,No,Bank transfer,97.27,1678.68,6,403.9,No
TC_4703,Male,53,0,No,No,1,Yes,No,Fiber optic,No,No,No,Yes,Yes,Yes,Month-to-month,Yes,Electronic check,103.22,103.87,3,180.9,No
TC_4704,Male,68,1,No,No,47,Yes,No,DSL,Yes,No,No,No,No,No,Two year,No,Bank transfer,80.64,3723.14,4,68.7,No
TC_4705,Female,36,0,No,Yes,2,Yes,Yes,Fiber optic,No,No,No,No,No,No,Month-to-month,Yes,Electronic check,85.17,176.43,9,179.3,No
TC_4706,Female,57,0,Yes,No,2,Yes,Yes,No,No internet service,No internet service,No internet service,No internet service,No internet service,No internet service,Month-to-month,Yes,Electronic check,20.0,38.31,0,0.0,Yes
TC_4707,Female,49,0,No,No,49,Yes,No,DSL,No,No,No,No,No,No,Month-to-month,Yes,Electronic check,58.64,3150.69,5,53.9,No
TC_4708,Female,44,0,No,No,42,Yes,Yes,Fiber optic,Yes,No,No,No,No,Yes,One year,No,Electronic check,95.19,3927.6,4,185.8,Yes
TC_4709,Female,45,0,Yes,Yes,,Yes,No,Fiber optic,Yes,Yes,No,No,No,Yes,Month-to-month,No,Credit card,103.86,420.47,5,149.2,No
TC_4710,Male,49,0,No,Yes,3,Yes,No,Fiber optic,No,Yes,No,No,No,Yes,Two year,Yes,Mailed check,102.9,305.76,12,287.1,Yes
TC_4711,Female,42,0,Yes,No,,Yes,No,Fiber optic,No,No,No,No,No,No,Month-to-month,No,Electronic check,79.08,223.14,2,177.5,Yes
TC_4712,Female,60,0,Yes,No,51,Yes,No,Fiber optic,Yes,No,No,Yes,No,Yes,One year,No,Credit card,111.23,5568.28,3,319.7,No
TC_4713,Female,38,0,No,No,7,Yes,Yes,DSL,Yes,No,No,Yes,Yes,No,One year,No,Mailed check,85.91,554.24,3,77.8,No
TC_4714,Female,67,1,Yes,No,56,Yes,No,No,No internet service,No internet service,No internet service,No internet service,No internet service,No internet service,Month-to-month,Yes,Credit card,20.0,1036.58,6,0.0,No
TC_4715,Female,40,0,No,No,26,Yes,No,No,No internet service,No internet service,No internet service,No internet service,No internet service,No internet service,Month-to-month,Yes,Mailed check,20.0,571.12,0,0.0,No
TC_4716,Female,35,0,Yes,Yes,10,Yes,No,DSL,Yes,No,Yes,No,Yes,Yes,One year,Yes,Mailed check,100.69,1083.38,4,101.3,No
TC_4717,Male,55,0,No,No,1,Yes,No,Fiber optic,No,Yes,No,No,No,No,Month-to-month,No,Bank transfer,83.2,81.84,13,196.3,Yes
TC_4718,Male,39,0,No,No,60,Yes,Yes,Fiber optic,No,Yes,No,Yes,Yes,Yes,Month-to-month,Yes,Credit card,108.6,5911.07,12,244.0,No
TC_4719,Male,27,0,Yes,No,8,Yes,No,Fiber optic,Yes,No,Yes,No,Yes,Yes,Month-to-month,No,Electronic check,120.0,895.2,1,389.1,No
TC_4720,Female,48,0,No,Yes,63,Yes,No,Fiber optic,No,No,No,Yes,No,No,Month-to-month,Yes,Bank transfer,102.6,6777.79,13,152.0,No
TC_4721,Male,40,0,Yes,Yes,3,Yes,Yes,Fiber optic,No,No,No,No,Yes,Yes,Month-to-month,Yes,Mailed check,105.67,293.29,1,202.6,Yes
TC_4722,Female,61,0,Yes,No,2,Yes,Yes,DSL,Yes,No,Yes,No,No,Yes,One year,No,Bank transfer,,203.15,2,72.2,No
TC_4723,Female,49,0,Yes,Yes,63,Yes,No,No,No internet service,No internet service,No internet service,No internet service,No internet service,No internet service,Two year,No,Bank transfer,20.0,1302.22,0,0.0,No
TC_4724,Male,29,0,No,No,5,Yes,No,No,No internet service,No internet service,No internet service,No internet service,No internet service,No internet service,Month-to-month,No,Mailed check,20.0,106.32,2,0.0,No
TC_4725,Female,44,0,Yes,No,,Yes,Yes,DSL,Yes,No,Yes,No,No,Yes,Month-to-month,No,Mailed check,76.72,3321.04,5,115.0,No
TC_4726,Male,48,0,Yes,No,14,Yes,Yes,Fiber optic,No,Yes,No,No,No,No,One year,Yes,Mailed check,83.96,1155.05,3,359.9,No
TC_4727,Female,46,0,No,Yes,4,Yes,No,Fiber optic,No,Yes,No,No,No,No,One year,Yes,Credit card,95.56,367.36,5,126.2,No
TC_4728,Female,47,0,No,No,,Yes,No,No,No internet service,No internet service,No internet service,No internet service,No internet service,No internet service,One year,No,Credit card,20.0,1171.22,4,0.0,No
TC_4729,Female,29,0,Yes,No,66,Yes,Yes,DSL,Yes,Yes,Yes,No,No,Yes,Two year,Yes,Credit card,104.49,7339.64,1,97.2,No
TC_4730,Female,41,0,Yes,No,59,Yes,Yes,No,No internet service,No internet service,No internet service,No internet service,No internet service,No internet service,One year,Yes,Bank transfer,20.0,1221.83,2,0.0,No
TC_4731,Male,73,1,Yes,No,52,Yes,No,No,No internet service,No internet service,No internet service,No internet service,No internet service,No internet service,One year,No,Mailed check,20.0,992.05,15,0.0,No
TC_4732,Male,60,0,Yes,No,9,Yes,No,Fiber optic,Yes,No,No,No,No,Yes,One year,No,Mailed check,98.55,903.25,7,217.3,No
TC_4733,Male,25,0,Yes,Yes,58,Yes,Yes,DSL,No,Yes,Yes,No,No,Yes,Two year,Yes,Bank transfer,95.02,5274.55,6,100.9,No
TC_4734,Male,62,0,No,No,4,No,No phone service,Fiber optic,No,No,Yes,No,No,No,Month-to-month,No,Bank transfer,73.02,307.1,8,212.5,Yes
TC_4735,Female,58,0,Yes,No,3,Yes,Yes,No,No internet service,No internet service,No internet service,No internet service,No internet service,No internet service,Month-to-month,No,Mailed check,20.0,61.32,7,0.0,Yes
TC_4736,Female,56,0,Yes,Yes,29,Yes,No,DSL,Yes,No,Yes,No,Yes,Yes,Two year,No,Bank transfer,,2722.54,9,156.6,No
TC_4737,Male,26,0,Yes,No,28,Yes,No,Fiber optic,Yes,Yes,No,Yes,No,No,One year,Yes,Bank transfer,107.99,2724.62,4,327.1,No
TC_4738,Male,32,0,No,No,1,Yes,No,No,No internet service,No internet service,No internet service,No internet service,No internet service,No internet service,One year,No,Credit card,20.0,21.78,3,0.0,No
TC_4739,Male,68,1,Yes,No,27,Yes,No,No,No internet service,No internet service,No internet service,No internet service,No internet service,No internet service,One year,Yes,Bank transfer,20.0,488.29,7,0.0,No
TC_4740,Female,31,0,Yes,Yes,62,Yes,Yes,Fiber optic,No,No,Yes,No,No,No,Month-to-month,Yes,Mailed check,91.52,5780.21,15,368.9,Yes
TC_4741,Female,24,0,Yes,No,71,Yes,No,Fiber optic,Yes,Yes,No,Yes,No,No,One year,Yes,Bank transfer,110.83,8526.86,4,172.8,No
TC_4742,Female,53,0,Yes,No,55,Yes,No,Fiber optic,No,No,No,No,Yes,No,Month-to-month,Yes,Bank transfer,99.45,5361.92,4,212.3,Yes
TC_4743,Female,36,0,No,No,59,Yes,No,Fiber optic,No,No,No,Yes,No,No,Two year,Yes,Bank transfer,73.7,4204.26,7,281.9,No
TC_4744,Male,47,0,Yes,Yes,32,Yes,No,Fiber optic,Yes,Yes,No,Yes,Yes,Yes,One year,Yes,Bank transfer,119.31,3863.34,6,139.8,No
TC_4745,Male,29,0,No,No,58,Yes,No,DSL,No,No,No,No,Yes,No,Two year,Yes,Credit card,72.39,4351.45,1,94.1,No
TC_4746,Male,60,0,Yes,No,5,Yes,No,Fiber optic,Yes,No,Yes,Yes,No,No,Month-to-month,No,Electronic check,94.05,431.19,7,361.7,Yes
TC_4747,Male,54,0,Yes,No,19,Yes,No,DSL,No,No,No,Yes,Yes,Yes,One year,No,Electronic check,96.96,,2,101.1,No
TC_4748,Female,40,0,Yes,No,42,Yes,No,Fiber optic,Yes,No,Yes,No,No,No,Month-to-month,Yes,Electronic check,102.47,4213.61,,311.7,Yes
TC_4749,Male,47,0,No,No,66,Yes,No,Fiber optic,No,No,Yes,Yes,No,No,Month-to-month,No,Bank transfer,87.4,5894.87,6,145.4,No
TC_4750,Male,40,0,Yes,No,3,Yes,Yes,Fiber optic,No,No,No,Yes,No,Yes,Two year,No,Credit card,96.89,304.68,6,110.3,No
TC_4751,Female,54,0,Yes,Yes,5,Yes,No,DSL,No,Yes,No,No,No,No,Month-to-month,Yes,Electronic check,67.09,358.94,3,73.2,Yes
TC_4752,Male,26,0,No,No,2,No,No phone service,No,No internet service,No internet service,No internet service,No internet service,No internet service,No internet service,One year,Yes,Credit card,23.98,43.34,0,0.0,No
TC_4753,Male,42,0,No,No,30,Yes,No,No,No internet service,No internet service,No internet service,No internet service,No internet service,No internet service,Two year,No,Electronic check,20.0,,7,0.0,No
TC_4754,Male,38,0,Yes,No,67,Yes,Yes,Fiber optic,No,No,Yes,Yes,Yes,No,Month-to-month,Yes,Bank transfer,98.52,5945.61,13,126.6,Yes
TC_4755,Female,35,0,No,No,68,Yes,Yes,No,No internet service,No internet service,No internet service,No internet service,No internet service,No internet service,Two year,Yes,Bank transfer,20.0,1278.33,6,0.0,Yes
TC_4756,Male,39,0,Yes,No,57,Yes,Yes,Fiber optic,No,No,Yes,No,Yes,No,Two year,Yes,Mailed check,92.26,5127.85,,188.8,No
TC_4757,Female,42,0,No,No,18,Yes,Yes,Fiber optic,No,Yes,No,No,No,No,Month-to-month,No,Mailed check,79.34,1465.4,3,339.7,No
TC_4758,Female,29,0,Yes,No,53,No,No phone service,No,No internet service,No internet service,No internet service,No internet service,No internet service,No internet service,Two year,Yes,Bank transfer,21.33,1021.62,6,0.0,No
TC_4759,Female,27,0,No,No,44,Yes,No,Fiber optic,No,No,No,No,No,Yes,Two year,No,Mailed check,83.1,3926.62,10,70.4,No
TC_4760,Male,47,0,Yes,No,10,No,No phone service,No,No internet service,No internet service,No internet service,No internet service,No internet service,No internet service,One year,No,Bank transfer,19.71,190.82,1,0.0,No
TC_4761,Male,43,0,Yes,No,58,Yes,No,No,No internet service,No internet service,No internet service,No internet service,No internet service,No internet service,One year,Yes,Credit card,20.0,1095.46,0,0.0,No
TC_4762,Male,50,0,No,No,44,Yes,Yes,DSL,Yes,Yes,No,No,No,Yes,Two year,Yes,Bank transfer,92.3,4364.64,13,50.8,No
TC_4763,Female,24,0,No,No,4,Yes,No,Fiber optic,Yes,Yes,No,No,Yes,Yes,Month-to-month,Yes,Electronic check,120.0,501.57,3,172.9,Yes
TC_4764,Female,31,0,No,No,45,Yes,Yes,No,No internet service,No internet service,No internet service,No internet service,No internet service,No internet service,Two year,Yes,Electronic check,20.0,864.6,2,0.0,No
TC_4765,Male,39,0,No,Yes,2,Yes,Yes,Fiber optic,No,Yes,No,No,No,No,Month-to-month,Yes,Credit card,88.37,186.85,3,437.4,Yes
TC_4766,Male,49,0,Yes,No,2,Yes,Yes,DSL,Yes,No,No,Yes,No,No,Two year,Yes,Credit card,92.07,185.59,6,52.9,No
TC_4767,Male,46,0,Yes,Yes,61,Yes,No,DSL,No,Yes,Yes,Yes,Yes,Yes,One year,Yes,Credit card,103.93,6854.86,8,153.4,No
TC_4768,Male,22,0,No,No,45,Yes,No,DSL,Yes,Yes,Yes,No,No,Yes,Two year,Yes,Credit card,105.02,,8,65.0,No
TC_4769,Female,26,0,No,No,59,Yes,No,Fiber optic,Yes,Yes,Yes,No,No,Yes,Two year,No,Credit card,114.03,7264.93,,367.8,No
TC_4770,Male,44,0,No,No,0,Yes,No,DSL,Yes,Yes,Yes,No,No,Yes,Month-to-month,No,Bank transfer,109.96,,7,53.1,No
TC_4771,Female,29,0,No,No,3,Yes,Yes,No,No internet service,No internet service,No internet service,No internet service,No internet service,No internet service,Month-to-month,Yes,Electronic check,20.0,59.51,6,0.0,Yes
TC_4772,Male,59,0,Yes,No,67,Yes,Yes,DSL,No,No,No,No,Yes,No,Month-to-month,Yes,Bank transfer,70.54,4258.42,9,37.2,Yes
TC_4773,Female,66,1,Yes,Yes,41,Yes,Yes,DSL,No,Yes,No,No,No,No,Month-to-month,Yes,Mailed check,68.17,3001.3,0,106.8,No
TC_4774,Female,20,0,Yes,No,7,Yes,No,DSL,Yes,No,Yes,No,Yes,No,One year,Yes,Electronic check,91.86,676.63,0,82.1,No
TC_4775,Female,37,0,Yes,No,69,Yes,No,Fiber optic,No,No,Yes,No,No,Yes,One year,Yes,Electronic check,109.6,7471.74,2,155.9,Yes
TC_4776,Female,53,0,No,No,24,Yes,No,Fiber optic,No,No,Yes,No,No,Yes,Month-to-month,Yes,Credit card,116.53,2619.1,4,279.3,No
TC_4777,Male,33,0,No,No,43,Yes,Yes,Fiber optic,No,No,Yes,Yes,No,Yes,Two year,Yes,Bank transfer,120.0,,13,274.4,No
TC_4778,Male,31,0,No,Yes,5,Yes,Yes,Fiber optic,Yes,No,Yes,No,No,No,Two year,Yes,Bank transfer,101.65,,5,452.2,Yes
TC_4779,Female,37,0,No,No,66,Yes,No,DSL,Yes,No,No,No,No,Yes,Two year,No,Credit card,74.64,5323.93,0,138.1,No
TC_4780,Male,54,0,Yes,No,67,Yes,Yes,No,No internet service,No internet service,No internet service,No internet service,No internet service,No internet service,Month-to-month,No,Bank transfer,20.0,1468.92,3,0.0,Yes
TC_4781,Female,49,0,Yes,Yes,69,Yes,No,DSL,No,No,No,No,No,Yes,Month-to-month,Yes,Electronic check,80.13,5381.19,2,46.7,Yes
TC_4782,Female,39,0,No,No,63,Yes,Yes,DSL,No,No,No,Yes,Yes,No,One year,Yes,Bank transfer,74.13,4459.95,8,151.0,Yes
TC_4783,Male,44,0,No,No,17,Yes,No,No,No internet service,No internet service,No internet service,No internet service,No internet service,No internet service,Month-to-month,Yes,Mailed check,20.0,357.19,8,0.0,No
TC_4784,Male,70,1,No,No,16,Yes,Yes,Fiber optic,Yes,No,No,Yes,No,No,Two year,No,Electronic check,102.69,1781.48,5,212.6,No
TC_4785,Female,63,0,No,Yes,56,Yes,Yes,DSL,No,No,No,Yes,No,Yes,Two year,No,Credit card,72.48,4416.29,2,118.0,No
TC_4786,Female,54,0,Yes,Yes,37,Yes,Yes,Fiber optic,No,No,No,No,No,No,Two year,Yes,Credit card,81.86,3186.47,2,234.7,No
TC_4787,Female,59,0,No,No,55,Yes,Yes,DSL,No,Yes,No,No,No,No,One year,No,Credit card,67.69,3951.46,0,103.6,No
TC_4788,Male,55,0,No,No,48,Yes,No,No,No internet service,No internet service,No internet service,No internet service,No internet service,No internet service,Two year,Yes,Bank transfer,20.0,928.83,8,0.0,No
TC_4789,Female,78,1,No,No,3,Yes,No,No,No internet service,No internet service,No internet service,No internet service,No internet service,No internet service,Month-to-month,No,Electronic check,20.0,,5,0.0,Yes
TC_4790,Female,22,0,No,No,4,Yes,Yes,DSL,No,Yes,No,No,No,No,Month-to-month,Yes,Credit card,70.4,300.92,3,103.3,Yes
TC_4791,Female,58,0,Yes,No,59,Yes,No,Fiber optic,Yes,No,Yes,Yes,Yes,No,One year,Yes,Mailed check,117.78,7382.2,3,146.4,No
TC_4792,Male,35,0,Yes,Yes,33,Yes,Yes,DSL,No,No,No,Yes,Yes,No,Two year,Yes,Credit card,78.02,2487.99,5,117.3,No
TC_4793,Male,58,0,No,No,72,No,No phone service,Fiber optic,Yes,No,No,No,No,No,One year,Yes,Credit card,67.84,5287.94,3,377.4,Yes
TC_4794,Male,50,0,Yes,No,34,Yes,No,DSL,No,No,Yes,Yes,No,No,Month-to-month,No,Bank transfer,82.51,2648.18,0,53.0,Yes
TC_4795,Female,38,0,No,No,57,Yes,Yes,Fiber optic,Yes,Yes,No,No,No,No,Two year,No,Bank transfer,106.76,6341.48,3,215.1,No
TC_4796,Female,36,0,No,No,63,Yes,No,DSL,No,No,No,No,Yes,Yes,Two year,Yes,Credit card,,5586.83,1,29.2,No
TC_4797,Female,38,0,No,No,6,No,No phone service,Fiber optic,No,Yes,No,No,No,No,One year,No,Bank transfer,57.73,351.13,6,258.8,Yes
TC_4798,Male,39,0,No,No,30,Yes,Yes,No,No internet service,No internet service,No internet service,No internet service,No internet service,No internet service,One year,Yes,Mailed check,20.0,586.96,4,0.0,No
TC_4799,Female,35,0,No,No,6,Yes,No,DSL,Yes,No,No,No,No,No,Two year,Yes,Bank transfer,66.58,388.41,0,49.4,No
TC_4800,Female,47,0,No,No,8,No,No phone service,Fiber optic,Yes,No,Yes,No,Yes,No,Month-to-month,Yes,Credit card,87.98,705.66,3,159.0,No
TC_4801,Female,60,0,No,Yes,24,Yes,No,No,No internet service,No internet service,No internet service,No internet service,No internet service,No internet service,One year,No,Bank transfer,20.0,511.49,7,0.0,No
TC_4802,Female,40,0,Yes,No,53,Yes,No,Fiber optic,Yes,No,No,Yes,Yes,Yes,Month-to-month,Yes,Electronic check,,6468.09,0,260.7,No
TC_4803,Male,37,0,Yes,Yes,58,Yes,No,No,No internet service,No internet service,No internet service,No internet service,No internet service,No internet service,One year,Yes,Credit card,20.0,,2,0.0,No
TC_4804,Female,25,0,Yes,Yes,3,No,No phone service,No,No internet service,No internet service,No internet service,No internet service,No internet service,No internet service,Month-to-month,Yes,Electronic check,25.0,71.26,1,0.0,No
TC_4805,Female,45,0,No,No,51,Yes,No,DSL,No,No,No,No,No,No,Two year,Yes,Mailed check,60.11,2989.7,8,195.6,No
TC_4806,Female,44,0,No,No,56,Yes,No,No,No internet service,No internet service,No internet service,No internet service,No internet service,No internet service,One year,Yes,Bank transfer,20.0,1084.43,5,0.0,No
TC_4807,Male,50,0,Yes,Yes,4,Yes,No,DSL,No,Yes,No,No,Yes,Yes,Month-to-month,Yes,Electronic check,80.0,304.1,2,25.6,No
TC_4808,Male,40,0,No,No,8,Yes,No,DSL,No,No,No,Yes,No,No,One year,No,Electronic check,63.51,549.76,0,36.3,Yes
TC_4809,Female,43,0,No,No,66,Yes,No,No,No internet service,No internet service,No internet service,No internet service,No internet service,No internet service,One year,No,Credit card,,1269.43,0,0.0,No
TC_4810,Female,75,1,Yes,No,62,Yes,No,DSL,Yes,No,Yes,No,Yes,Yes,One year,Yes,Bank transfer,114.7,7145.17,2,110.9,No
TC_4811,Female,31,0,Yes,No,65,Yes,Yes,Fiber optic,No,Yes,Yes,Yes,Yes,Yes,Month-to-month,Yes,Electronic check,120.0,7272.93,7,166.4,Yes
TC_4812,Female,41,0,No,No,3,Yes,No,No,No internet service,No internet service,No internet service,No internet service,No internet service,No internet service,One year,No,Mailed check,20.0,,1,0.0,No
TC_4813,Male,61,0,No,No,37,Yes,Yes,DSL,No,Yes,No,No,Yes,Yes,Two year,No,Electronic check,94.29,3374.74,1,168.0,No
TC_4814,Male,37,0,Yes,No,49,Yes,No,DSL,Yes,No,No,Yes,No,Yes,One year,Yes,Mailed check,86.59,4368.86,12,75.5,No
TC_4815,Female,60,0,Yes,No,1,Yes,Yes,No,No internet service,No internet service,No internet service,No internet service,No internet service,No internet service,Month-to-month,Yes,Mailed check,20.0,21.01,3,0.0,Yes
TC_4816,Male,61,0,Yes,Yes,41,No,No phone service,DSL,No,Yes,No,No,No,Yes,Two year,No,Credit card,69.95,2593.85,1,80.4,No
TC_4817,Male,36,0,Yes,No,33,Yes,No,Fiber optic,No,No,No,No,No,Yes,Two year,No,Credit card,74.28,2526.32,8,405.0,No
TC_4818,Male,77,1,No,No,55,Yes,Yes,DSL,No,No,No,No,No,No,One year,No,Bank transfer,51.33,2827.7,2,108.8,No
TC_4819,Female,64,0,Yes,No,2,Yes,Yes,DSL,No,No,No,No,Yes,No,Month-to-month,Yes,Electronic check,72.16,143.31,1,84.7,No
TC_4820,Male,44,0,Yes,Yes,7,Yes,Yes,Fiber optic,Yes,No,No,No,Yes,No,Two year,No,Electronic check,97.69,700.95,1,60.4,Yes
TC_4821,Female,52,0,Yes,No,6,Yes,Yes,DSL,No,No,No,No,No,Yes,Month-to-month,Yes,Bank transfer,71.57,390.34,7,142.4,Yes
TC_4822,Male,59,0,Yes,Yes,63,No,No phone service,Fiber optic,No,Yes,No,Yes,No,Yes,Two year,Yes,Mailed check,76.75,4386.79,7,358.4,No
TC_4823,Female,69,1,Yes,No,30,Yes,No,No,No internet service,No internet service,No internet service,No internet service,No internet service,No internet service,Month-to-month,Yes,Electronic check,20.0,656.34,6,0.0,No
TC_4824,Male,45,0,No,No,7,Yes,Yes,Fiber optic,Yes,No,No,Yes,No,No,Month-to-month,No,Bank transfer,107.08,696.44,6,104.2,Yes
TC_4825,Male,63,0,Yes,Yes,4,Yes,No,Fiber optic,No,Yes,No,No,No,No,One year,Yes,Electronic check,84.41,316.66,5,400.6,No
TC_4826,Female,49,0,No,No,55,No,No phone service,DSL,No,No,No,No,Yes,No,One year,Yes,Credit card,44.73,2559.74,1,149.0,No
TC_4827,Male,57,0,Yes,No,28,Yes,Yes,Fiber optic,Yes,No,Yes,No,No,No,Two year,No,Electronic check,101.11,3109.45,5,179.7,No
TC_4828,Male,49,0,Yes,Yes,25,Yes,Yes,Fiber optic,No,Yes,No,Yes,No,No,Two year,No,Bank transfer,,2031.57,2,209.6,No
TC_4829,Female,68,1,Yes,No,7,Yes,No,DSL,No,No,Yes,No,No,No,Month-to-month,No,Electronic check,73.78,547.3,9,96.3,No
TC_4830,Male,50,0,Yes,No,14,Yes,Yes,DSL,No,No,No,Yes,Yes,Yes,Two year,No,Bank transfer,87.31,1186.69,2,54.2,No
TC_4831,Male,44,0,Yes,No,51,Yes,Yes,Fiber optic,No,Yes,Yes,Yes,Yes,No,Month-to-month,No,Electronic check,120.0,6123.22,10,127.6,No
TC_4832,Male,43,0,No,No,57,Yes,Yes,DSL,No,No,Yes,No,No,No,One year,No,Credit card,57.61,2959.25,10,116.8,No
TC_4833,Female,31,0,Yes,Yes,72,Yes,No,Fiber optic,Yes,Yes,No,No,Yes,No,One year,Yes,Credit card,94.18,7169.57,11,431.7,No
TC_4834,Male,31,0,Yes,No,24,Yes,Yes,Fiber optic,No,No,No,Yes,Yes,Yes,Month-to-month,Yes,Mailed check,120.0,3117.1,12,265.3,Yes
TC_4835,Male,26,0,Yes,Yes,0,Yes,No,No,No internet service,No internet service,No internet service,No internet service,No internet service,No internet service,One year,No,Mailed check,20.0,,2,0.0,No
TC_4836,Male,41,0,Yes,No,7,Yes,No,DSL,No,No,Yes,Yes,No,No,One year,No,Credit card,75.27,561.1,12,99.8,No
TC_4837,Female,21,0,No,No,8,Yes,Yes,Fiber optic,No,No,Yes,No,Yes,No,One year,No,Credit card,92.16,667.53,3,247.4,No
TC_4838,Male,59,0,Yes,No,44,Yes,No,Fiber optic,Yes,Yes,No,No,Yes,Yes,Month-to-month,No,Electronic check,113.37,5388.37,6,365.1,Yes
TC_4839,Female,50,0,No,No,2,Yes,No,Fiber optic,No,No,Yes,Yes,No,Yes,Month-to-month,No,Bank transfer,110.61,230.46,6,243.3,No
TC_4840,Female,44,0,No,No,7,Yes,Yes,DSL,No,Yes,No,No,No,Yes,Two year,Yes,Credit card,,543.32,1,123.7,No
TC_4841,Male,53,0,Yes,No,1,Yes,Yes,No,No internet service,No internet service,No internet service,No internet service,No internet service,No internet service,Month-to-month,Yes,Mailed check,20.0,18.4,7,0.0,No
TC_4842,Female,43,0,No,No,37,Yes,No,DSL,No,Yes,No,No,No,No,Month-to-month,Yes,Credit card,68.16,2326.08,,145.2,No
TC_4843,Male,38,0,Yes,No,0,Yes,No,Fiber optic,Yes,Yes,No,Yes,No,No,Month-to-month,Yes,Mailed check,91.99,,13,460.5,No
TC_4844,Male,33,0,No,No,67,No,No phone service,DSL,Yes,No,No,No,No,No,One year,Yes,Electronic check,43.55,3169.37,1,152.9,No
TC_4845,Female,37,0,Yes,No,64,Yes,No,DSL,No,Yes,No,No,Yes,Yes,Month-to-month,No,Electronic check,91.35,5819.38,3,98.2,Yes
TC_4846,Female,49,0,Yes,Yes,30,Yes,Yes,Fiber optic,No,No,No,Yes,Yes,Yes,Two year,Yes,Bank transfer,103.69,2930.91,0,208.8,No
TC_4847,Female,43,0,No,No,2,Yes,No,DSL,No,No,No,Yes,Yes,No,One year,No,Mailed check,72.48,153.39,0,93.8,Yes
TC_4848,Male,52,0,No,No,5,Yes,No,Fiber optic,No,Yes,No,No,No,Yes,Month-to-month,No,Electronic check,97.55,515.98,1,206.1,No
TC_4849,Male,27,0,Yes,No,58,Yes,Yes,DSL,No,No,No,No,Yes,Yes,One year,Yes,Electronic check,84.58,5158.91,0,65.2,No
TC_4850,Female,27,0,Yes,No,5,Yes,Yes,DSL,No,No,Yes,Yes,No,Yes,One year,No,Mailed check,90.65,465.08,0,77.4,No
TC_4851,Female,29,0,No,No,56,Yes,No,Fiber optic,No,No,No,No,No,No,Two year,Yes,Bank transfer,81.55,4819.68,1,205.3,No
TC_4852,Male,57,0,Yes,No,52,Yes,Yes,Fiber optic,No,Yes,No,No,No,Yes,Two year,No,Electronic check,82.69,4217.91,11,231.3,No
TC_4853,Male,37,0,Yes,Yes,46,Yes,No,DSL,Yes,No,No,No,Yes,No,Two year,Yes,Bank transfer,76.31,3860.43,1,62.3,No
TC_4854,Female,37,0,No,No,4,Yes,Yes,DSL,No,No,No,Yes,Yes,No,One year,No,Mailed check,77.55,327.35,3,89.4,Yes
TC_4855,Female,21,0,No,No,9,Yes,No,Fiber optic,No,Yes,No,Yes,Yes,No,One year,Yes,Bank transfer,98.43,930.46,0,250.5,No
TC_4856,Male,52,0,No,Yes,5,Yes,Yes,Fiber optic,No,No,No,No,No,No,Month-to-month,Yes,Bank transfer,78.51,378.86,1,245.6,Yes
TC_4857,Male,35,0,No,Yes,18,Yes,Yes,No,No internet service,No internet service,No internet service,No internet service,No internet service,No internet service,Month-to-month,Yes,Electronic check,20.0,381.22,12,0.0,Yes
TC_4858,Male,52,0,Yes,No,62,Yes,Yes,Fiber optic,No,Yes,No,Yes,Yes,No,One year,No,Bank transfer,99.78,6472.2,5,282.7,No
TC_4859,Female,29,0,Yes,No,4,Yes,Yes,DSL,No,Yes,No,Yes,No,Yes,Month-to-month,No,Credit card,84.05,316.23,14,48.8,No
TC_4860,Male,43,0,Yes,No,59,Yes,Yes,DSL,No,No,No,No,Yes,No,Two year,No,Bank transfer,69.76,3917.86,3,164.7,No
TC_4861,Male,35,0,No,No,57,No,No phone service,No,No internet service,No internet service,No internet service,No internet service,No internet service,No internet service,One year,Yes,Bank transfer,22.25,,1,0.0,Yes
TC_4862,Female,42,0,Yes,Yes,53,Yes,No,DSL,No,Yes,No,Yes,Yes,No,Month-to-month,No,Electronic check,81.74,3963.11,0,84.6,Yes
TC_4863,Female,24,0,No,No,56,Yes,No,Fiber optic,Yes,Yes,No,No,No,Yes,Two year,No,Credit card,89.11,4548.21,6,215.2,No
TC_4864,Male,38,0,Yes,No,1,Yes,Yes,No,No internet service,No internet service,No internet service,No internet service,No internet service,No internet service,Month-to-month,No,Electronic check,20.0,,3,0.0,Yes
TC_4865,Female,47,0,Yes,Yes,52,Yes,Yes,Fiber optic,Yes,Yes,No,Yes,No,No,Two year,No,Credit card,120.0,6190.49,,139.0,No
TC_4866,Male,75,1,Yes,No,55,Yes,No,DSL,No,No,No,Yes,No,No,One year,No,Mailed check,76.22,,5,100.2,No
TC_4867,Male,40,0,No,No,60,Yes,No,Fiber optic,No,Yes,No,No,No,No,Two year,Yes,Bank transfer,74.04,4601.06,6,227.1,No
TC_4868,Male,28,0,Yes,No,39,Yes,No,DSL,Yes,No,No,No,Yes,No,Two year,Yes,Mailed check,67.77,2698.29,1,63.4,No
TC_4869,Male,52,0,No,No,67,No,No phone service,Fiber optic,Yes,Yes,No,Yes,No,Yes,One year,No,Bank transfer,109.74,6719.94,2,333.8,No
TC_4870,Male,41,0,No,No,46,No,No phone service,Fiber optic,Yes,No,Yes,No,Yes,Yes,Month-to-month,Yes,Mailed check,105.62,4424.58,11,137.0,No
TC_4871,Female,39,0,No,No,1,Yes,No,Fiber optic,No,Yes,No,No,Yes,No,Month-to-month,Yes,Electronic check,102.04,108.54,6,102.1,Yes
TC_4872,Female,44,0,No,No,29,Yes,Yes,DSL,No,No,No,No,No,Yes,One year,No,Credit card,74.18,1973.66,9,121.6,No
TC_4873,Female,48,0,Yes,Yes,47,Yes,Yes,DSL,No,Yes,Yes,No,Yes,Yes,Two year,Yes,Electronic check,97.48,4363.08,5,146.4,No
TC_4874,Male,30,0,No,Yes,2,No,No phone service,Fiber optic,Yes,Yes,Yes,Yes,No,No,One year,Yes,Bank transfer,86.22,189.17,6,394.4,No
TC_4875,Male,26,0,No,No,5,Yes,Yes,No,No internet service,No internet service,No internet service,No internet service,No internet service,No internet service,One year,Yes,Mailed check,20.0,97.91,0,0.0,No
TC_4876,Male,70,1,No,No,51,Yes,No,Fiber optic,No,No,No,No,Yes,Yes,One year,No,Bank transfer,100.72,5070.11,7,193.8,No
TC_4877,Female,46,0,Yes,Yes,4,Yes,Yes,No,No internet service,No internet service,No internet service,No internet service,No internet service,No internet service,Month-to-month,Yes,Electronic check,20.0,77.7,2,0.0,No
TC_4878,Male,63,0,Yes,Yes,57,Yes,No,Fiber optic,Yes,No,No,No,Yes,No,Two year,Yes,Bank transfer,105.09,6393.47,7,173.2,No
TC_4879,Male,46,0,Yes,Yes,62,Yes,No,Fiber optic,No,Yes,Yes,No,No,No,Month-to-month,Yes,Mailed check,114.41,7175.36,1,209.3,Yes
TC_4880,Female,28,0,No,No,7,Yes,No,No,No internet service,No internet service,No internet service,No internet service,No internet service,No internet service,One year,Yes,Bank transfer,20.0,,0,0.0,Yes
TC_4881,Female,48,0,Yes,Yes,57,Yes,No,DSL,No,No,No,No,Yes,No,One year,No,Credit card,75.32,4121.9,0,39.6,Yes
TC_4882,Male,66,1,Yes,No,49,Yes,No,DSL,Yes,No,Yes,No,No,Yes,Month-to-month,Yes,Electronic check,80.64,4077.04,10,123.8,No
TC_4883,Male,37,0,No,No,55,Yes,Yes,DSL,No,No,No,Yes,No,No,One year,Yes,Electronic check,70.47,3610.86,5,52.1,No
TC_4884,Male,41,0,Yes,Yes,25,Yes,No,Fiber optic,No,No,No,No,Yes,No,Month-to-month,No,Bank transfer,71.06,1869.98,1,204.5,Yes
TC_4885,Male,48,0,No,No,,Yes,No,DSL,Yes,Yes,No,No,No,No,One year,Yes,Mailed check,80.61,2187.42,4,73.1,Yes
TC_4886,Female,52,0,Yes,No,62,Yes,Yes,Fiber optic,No,Yes,Yes,No,Yes,Yes,Month-to-month,Yes,Electronic check,107.24,6636.49,15,101.6,No
TC_4887,Female,51,0,Yes,No,9,Yes,No,DSL,No,No,No,No,No,Yes,Two year,No,Electronic check,60.61,552.05,0,69.4,No
TC_4888,Female,43,0,No,No,,Yes,No,DSL,No,Yes,No,No,No,No,Month-to-month,No,Mailed check,75.51,4423.33,0,144.5,No
TC_4889,Female,40,0,Yes,No,,No,No phone service,No,No internet service,No internet service,No internet service,No internet service,No internet service,No internet service,Month-to-month,No,Electronic check,22.4,72.25,5,0.0,Yes
TC_4890,Female,25,0,No,No,,Yes,Yes,DSL,No,Yes,Yes,No,No,No,Month-to-month,Yes,Mailed check,92.37,173.23,0,57.8,Yes
TC_4891,Female,23,0,Yes,No,58,Yes,Yes,DSL,No,No,No,No,Yes,Yes,One year,Yes,Bank transfer,,5305.74,10,43.0,No
TC_4892,Male,33,0,Yes,No,54,Yes,Yes,Fiber optic,Yes,No,No,No,No,No,Two year,No,Mailed check,95.47,4905.72,3,180.5,No
TC_4893,Female,33,0,Yes,Yes,1,Yes,No,DSL,No,No,No,Yes,No,No,Month-to-month,Yes,Mailed check,80.48,79.17,1,39.4,Yes
TC_4894,Male,55,0,No,No,2,Yes,No,Fiber optic,Yes,No,No,Yes,Yes,Yes,Month-to-month,No,Electronic check,114.53,,12,116.3,Yes
TC_4895,Female,76,1,Yes,No,60,Yes,Yes,DSL,No,No,Yes,No,No,No,Month-to-month,No,Electronic check,71.0,3889.71,1,126.4,No
TC_4896,Female,29,0,Yes,No,10,Yes,Yes,DSL,No,No,No,Yes,No,No,One year,Yes,Credit card,71.37,757.0,2,23.9,Yes
TC_4897,Male,68,1,No,No,2,Yes,No,Fiber optic,No,No,No,No,Yes,Yes,Month-to-month,No,Mailed check,104.52,188.54,11,202.9,Yes
TC_4898,Male,38,0,No,Yes,39,Yes,No,DSL,No,No,No,Yes,No,Yes,One year,Yes,Bank transfer,83.26,3385.13,3,52.0,No
TC_4899,Female,52,0,Yes,No,2,Yes,No,No,No internet service,No internet service,No internet service,No internet service,No internet service,No internet service,Month-to-month,Yes,Electronic check,20.0,38.97,9,0.0,Yes
TC_4900,Male,39,0,No,No,,Yes,Yes,No,No internet service,No internet service,No internet service,No internet service,No internet service,No internet service,One year,Yes,Credit card,20.0,1206.04,6,0.0,No
TC_4901,Male,61,0,No,No,2,Yes,No,Fiber optic,Yes,No,No,No,Yes,No,Month-to-month,No,Electronic check,100.97,215.54,1,146.0,No
TC_4902,Female,32,0,No,No,24,Yes,Yes,DSL,Yes,No,No,No,Yes,No,Two year,Yes,Bank transfer,84.46,1984.69,3,122.5,No
TC_4903,Male,45,0,No,No,2,Yes,No,Fiber optic,No,No,Yes,Yes,Yes,No,Month-to-month,No,Bank transfer,109.74,224.73,7,286.8,No
TC_4904,Male,59,0,Yes,Yes,11,Yes,No,DSL,No,No,No,No,No,No,Month-to-month,Yes,Electronic check,58.79,656.55,2,58.7,Yes
TC_4905,Male,43,0,Yes,No,53,Yes,Yes,Fiber optic,No,No,No,No,No,No,Month-to-month,Yes,Electronic check,86.27,4753.42,2,97.9,No
TC_4906,Female,38,0,No,No,1,No,No phone service,DSL,No,Yes,Yes,Yes,No,Yes,Month-to-month,Yes,Electronic check,75.5,82.78,4,29.6,Yes
TC_4907,Male,40,0,No,No,6,No,No phone service,Fiber optic,No,Yes,Yes,Yes,Yes,Yes,Two year,Yes,Bank transfer,103.95,637.15,7,179.5,No
TC_4908,Male,35,0,Yes,No,46,Yes,No,No,No internet service,No internet service,No internet service,No internet service,No internet service,No internet service,Month-to-month,No,Bank transfer,20.0,844.23,7,0.0,Yes
TC_4909,Female,42,0,Yes,No,2,Yes,Yes,DSL,Yes,Yes,Yes,No,Yes,No,Month-to-month,No,Electronic check,90.98,171.22,6,100.6,Yes
TC_4910,Male,33,0,Yes,No,57,No,No phone service,DSL,No,No,Yes,Yes,Yes,No,Month-to-month,No,Mailed check,74.91,4153.88,2,57.7,Yes
TC_4911,Female,26,0,No,No,50,Yes,Yes,No,No internet service,No internet service,No internet service,No internet service,No internet service,No internet service,Month-to-month,Yes,Electronic check,20.0,1076.23,3,0.0,Yes
TC_4912,Male,18,0,Yes,Yes,3,Yes,No,No,No internet service,No internet service,No internet service,No internet service,No internet service,No internet service,Month-to-month,No,Mailed check,20.0,,9,0.0,Yes
TC_4913,Male,49,0,Yes,No,21,Yes,No,Fiber optic,No,Yes,Yes,No,Yes,Yes,Two year,No,Electronic check,114.16,2531.54,5,93.6,No
TC_4914,Male,53,0,Yes,No,22,Yes,Yes,Fiber optic,No,No,No,No,Yes,No,Month-to-month,No,Credit card,89.67,1861.51,6,311.0,No
TC_4915,Female,44,0,No,Yes,6,Yes,No,DSL,No,No,No,Yes,No,Yes,One year,No,Credit card,79.1,488.47,6,128.5,No
TC_4916,Female,32,0,No,No,55,Yes,No,Fiber optic,No,Yes,Yes,No,Yes,Yes,Two year,No,Bank transfer,120.0,6246.44,7,196.9,No
TC_4917,Female,68,1,No,No,,Yes,No,DSL,No,No,Yes,Yes,Yes,No,One year,Yes,Credit card,81.4,1933.59,3,78.7,No
TC_4918,Male,31,0,No,No,3,Yes,No,Fiber optic,No,No,Yes,No,Yes,No,Month-to-month,Yes,Electronic check,94.27,268.65,5,139.5,No
TC_4919,Male,65,1,Yes,No,12,Yes,Yes,Fiber optic,Yes,Yes,No,Yes,No,No,Month-to-month,No,Credit card,99.09,1229.95,6,443.3,No
TC_4920,Male,36,0,No,No,28,Yes,No,Fiber optic,Yes,No,No,Yes,Yes,Yes,One year,Yes,Bank transfer,120.0,3078.1,1,241.5,No
TC_4921,Male,67,1,Yes,No,1,Yes,No,Fiber optic,Yes,No,No,Yes,Yes,No,One year,No,Credit card,116.41,124.25,5,248.4,Yes
TC_4922,Male,33,0,No,No,48,Yes,No,DSL,No,Yes,No,No,No,No,Month-to-month,Yes,Electronic check,70.63,3485.16,3,50.6,Yes
TC_4923,Male,30,0,Yes,Yes,58,Yes,No,Fiber optic,No,No,No,Yes,No,Yes,Month-to-month,Yes,Bank transfer,104.67,6564.99,0,214.8,No
TC_4924,Male,70,1,No,No,61,Yes,No,Fiber optic,Yes,No,No,No,No,Yes,Two year,No,Credit card,91.14,5565.08,3,257.1,No
TC_4925,Female,34,0,Yes,No,63,Yes,No,Fiber optic,No,No,Yes,Yes,No,Yes,Two year,Yes,Mailed check,112.52,6901.68,3,184.5,No
TC_4926,Female,32,0,No,No,56,Yes,No,Fiber optic,Yes,No,Yes,No,No,No,Month-to-month,No,Electronic check,92.99,4862.01,1,389.2,No
TC_4927,Female,67,1,Yes,No,61,Yes,No,No,No internet service,No internet service,No internet service,No internet service,No internet service,No internet service,Two year,No,Bank transfer,20.0,1176.88,14,0.0,No
TC_4928,Male,39,0,No,No,59,Yes,Yes,DSL,No,No,No,No,No,Yes,One year,Yes,Bank transfer,60.93,,1,36.3,No
TC_4929,Female,34,0,No,Yes,35,No,No phone service,DSL,No,Yes,No,No,No,Yes,Two year,Yes,Electronic check,61.14,2053.22,6,93.6,No
TC_4930,Female,42,0,No,No,5,Yes,No,No,No internet service,No internet service,No internet service,No internet service,No internet service,No internet service,Month-to-month,Yes,Electronic check,20.0,97.56,15,0.0,No
TC_4931,Female,29,0,Yes,No,9,No,No phone service,DSL,No,No,No,No,No,No,One year,Yes,Bank transfer,32.19,300.44,9,141.9,No
TC_4932,Male,54,0,No,No,-1,Yes,Yes,Fiber optic,No,No,No,No,Yes,Yes,Two year,No,Electronic check,89.7,4869.92,2,229.3,No
TC_4933,Male,42,0,No,No,2,Yes,No,DSL,Yes,No,No,No,No,No,Month-to-month,No,Electronic check,63.59,116.54,9,44.5,Yes
TC_4934,Male,50,0,Yes,Yes,2,Yes,No,No,No internet service,No internet service,No internet service,No internet service,No internet service,No internet service,Month-to-month,No,Electronic check,20.0,38.61,3,0.0,Yes
TC_4935,Female,73,1,Yes,Yes,49,Yes,Yes,Fiber optic,No,Yes,No,No,Yes,No,Month-to-month,No,Electronic check,94.03,,3,274.3,No
TC_4936,Female,67,1,Yes,No,40,Yes,Yes,No,No internet service,No internet service,No internet service,No internet service,No internet service,No internet service,Month-to-month,Yes,Mailed check,20.0,871.69,8,0.0,No
TC_4937,Male,55,0,Yes,No,3,Yes,No,DSL,No,No,No,No,Yes,No,Month-to-month,Yes,Credit card,62.73,197.32,1,139.0,Yes
TC_4938,Female,31,0,Yes,No,61,Yes,No,DSL,No,No,No,No,No,Yes,One year,Yes,Credit card,60.09,3998.11,0,98.1,No
TC_4939,Female,59,0,Yes,Yes,30,Yes,Yes,Fiber optic,No,No,Yes,No,No,Yes,One year,No,Credit card,103.67,3184.16,5,80.4,No
TC_4940,Male,61,0,Yes,No,56,Yes,Yes,DSL,No,No,Yes,Yes,No,Yes,One year,No,Electronic check,85.79,4749.85,7,86.5,No
TC_4941,Female,51,0,Yes,Yes,5,Yes,No,No,No internet service,No internet service,No internet service,No internet service,No internet service,No internet service,Month-to-month,No,Bank transfer,20.0,97.74,11,0.0,No
TC_4942,Male,42,0,Yes,No,8,Yes,Yes,DSL,No,Yes,No,No,Yes,No,One year,No,Mailed check,83.3,717.3,,111.0,No
TC_4943,Female,47,0,Yes,Yes,58,Yes,No,No,No internet service,No internet service,No internet service,No internet service,No internet service,No internet service,Month-to-month,No,Electronic check,20.0,1269.58,0,0.0,No
TC_4944,Male,32,0,No,No,19,Yes,No,Fiber optic,No,No,No,Yes,No,No,One year,Yes,Bank transfer,85.95,1722.87,2,340.4,No
TC_4945,Male,63,0,Yes,No,6,Yes,No,DSL,Yes,No,Yes,Yes,No,No,Month-to-month,Yes,Credit card,97.76,535.03,3,133.0,Yes
TC_4946,Male,23,0,No,No,3,Yes,Yes,Fiber optic,No,No,No,Yes,No,Yes,One year,Yes,Credit card,96.93,272.89,8,182.5,Yes
TC_4947,Male,44,0,No,No,44,Yes,No,DSL,Yes,Yes,No,No,Yes,Yes,Two year,No,Bank transfer,101.19,4790.55,1,73.5,No
TC_4948,Male,24,0,No,No,4,Yes,Yes,DSL,No,Yes,No,Yes,Yes,Yes,One year,No,Bank transfer,115.65,430.29,1,64.8,Yes
TC_4949,Female,32,0,No,No,1,Yes,No,Fiber optic,Yes,No,No,No,No,No,Month-to-month,No,Mailed check,84.65,82.86,0,399.0,Yes
TC_4950,Male,39,0,No,Yes,14,Yes,No,Fiber optic,No,Yes,No,No,No,Yes,One year,Yes,Electronic check,102.48,1406.71,12,206.2,No
TC_4951,Female,22,0,No,No,1,Yes,Yes,Fiber optic,No,No,No,No,Yes,Yes,Month-to-month,Yes,Bank transfer,104.28,108.83,7,278.0,Yes
TC_4952,Male,43,0,Yes,No,55,Yes,No,Fiber optic,Yes,Yes,No,No,No,No,One year,Yes,Credit card,96.55,5537.76,8,339.3,No
TC_4953,Female,45,0,Yes,Yes,51,Yes,No,Fiber optic,No,No,No,No,No,Yes,Two year,No,Bank transfer,82.92,,2,147.7,No
TC_4954,Female,39,0,Yes,Yes,47,Yes,Yes,Fiber optic,No,Yes,No,No,Yes,Yes,Two year,Yes,Electronic check,117.2,5352.14,0,251.8,No
TC_4955,Male,39,0,Yes,No,4,Yes,Yes,DSL,No,No,No,No,No,No,Month-to-month,Yes,Mailed check,62.04,250.65,0,47.6,Yes
TC_4956,Male,44,0,Yes,Yes,24,Yes,No,Fiber optic,Yes,No,Yes,Yes,No,Yes,One year,Yes,Mailed check,101.19,2428.69,2,259.3,No
TC_4957,Male,58,0,Yes,No,9,Yes,Yes,No,No internet service,No internet service,No internet service,No internet service,No internet service,No internet service,Two year,Yes,Bank transfer,,177.45,8,0.0,No
TC_4958,Male,45,0,No,No,57,Yes,No,DSL,No,Yes,Yes,Yes,No,No,Two year,Yes,Electronic check,85.63,4660.49,0,109.0,No
TC_4959,Female,45,0,Yes,Yes,60,Yes,No,Fiber optic,No,Yes,Yes,Yes,No,No,Two year,Yes,Electronic check,101.59,6157.27,6,261.7,No
TC_4960,Male,66,1,Yes,Yes,1,Yes,No,DSL,No,No,No,Yes,Yes,No,One year,No,Credit card,78.46,71.96,11,157.3,No
TC_4961,Male,52,0,Yes,No,7,Yes,Yes,Fiber optic,No,No,Yes,No,Yes,No,One year,No,Electronic check,111.56,714.8,10,98.8,No
TC_4962,Female,46,0,Yes,No,3,Yes,Yes,Fiber optic,No,Yes,Yes,Yes,Yes,No,Month-to-month,Yes,Electronic check,116.19,374.88,4,186.5,No
TC_4963,Male,44,0,No,No,16,Yes,Yes,DSL,No,No,No,No,No,Yes,Month-to-month,Yes,Electronic check,64.7,1103.34,1,92.7,No
TC_4964,Female,45,0,Yes,No,56,Yes,Yes,DSL,No,No,No,Yes,Yes,No,Two year,Yes,Bank transfer,89.31,5054.96,2,93.9,No
TC_4965,Male,48,0,No,No,18,Yes,No,No,No internet service,No internet service,No internet service,No internet service,No internet service,No internet service,One year,Yes,Bank transfer,20.0,389.68,0,0.0,No
TC_4966,Male,31,0,No,No,66,Yes,No,DSL,No,No,No,No,No,No,Month-to-month,Yes,Credit card,57.4,3540.71,9,134.1,Yes
TC_4967,Male,47,0,Yes,Yes,33,Yes,No,DSL,Yes,Yes,No,No,Yes,Yes,One year,No,Bank transfer,,3471.93,4,31.5,No
TC_4968,Female,69,1,Yes,No,37,No,No phone service,Fiber optic,No,No,No,No,Yes,Yes,One year,Yes,Mailed check,85.64,3032.62,8,163.9,No
TC_4969,Female,38,0,No,No,40,No,No phone service,DSL,Yes,No,No,No,Yes,Yes,Month-to-month,Yes,Credit card,74.62,2766.85,7,53.6,Yes
TC_4970,Male,42,0,No,No,1,Yes,Yes,DSL,No,No,No,No,Yes,No,One year,Yes,Electronic check,76.91,80.59,1,82.2,Yes
TC_4971,Female,32,0,Yes,Yes,49,No,No phone service,Fiber optic,No,No,No,No,No,No,One year,Yes,Credit card,47.45,2372.73,3,188.4,No
TC_4972,Male,35,0,No,No,8,Yes,No,Fiber optic,Yes,No,Yes,No,No,Yes,Two year,No,Credit card,111.12,877.09,0,354.0,No
TC_4973,Male,46,0,No,No,44,Yes,No,DSL,No,No,Yes,No,No,No,One year,No,Bank transfer,64.51,2954.39,4,42.3,No
TC_4974,Male,26,0,Yes,Yes,4,Yes,Yes,No,No internet service,No internet service,No internet service,No internet service,No internet service,No internet service,Month-to-month,Yes,Electronic check,20.0,86.13,8,0.0,Yes
TC_4975,Male,42,0,Yes,No,61,Yes,No,DSL,No,No,No,No,No,Yes,Month-to-month,Yes,Electronic check,,4144.2,2,75.0,Yes
TC_4976,Female,31,0,No,No,2,Yes,Yes,No,No internet service,No internet service,No internet service,No internet service,No internet service,No internet service,Month-to-month,Yes,Bank transfer,20.0,,12,0.0,Yes
TC_4977,Male,47,0,Yes,Yes,19,Yes,No,No,No internet service,No internet service,No internet service,No internet service,No internet service,No internet service,One year,No,Bank transfer,20.0,,1,0.0,No
TC_4978,Female,35,0,No,No,43,Yes,Yes,No,No internet service,No internet service,No internet service,No internet service,No internet service,No internet service,Month-to-month,Yes,Electronic check,20.0,882.48,4,0.0,Yes
TC_4979,Female,57,0,Yes,No,39,Yes,No,DSL,No,No,No,Yes,Yes,No,Month-to-month,Yes,Electronic check,79.33,3089.59,5,96.8,No
TC_4980,Female,58,0,Yes,Yes,65,Yes,Yes,Fiber optic,No,No,No,Yes,Yes,Yes,One year,Yes,Credit card,118.93,,11,126.4,No
TC_4981,Female,51,0,No,Yes,59,Yes,Yes,DSL,No,No,No,No,No,No,Month-to-month,No,Electronic check,64.37,4162.82,5,147.8,No
TC_4982,Female,55,0,Yes,Yes,1,No,No phone service,Fiber optic,No,No,Yes,Yes,No,No,Month-to-month,No,Bank transfer,84.2,90.98,2,181.6,Yes
TC_4983,Female,39,0,No,No,64,No,No phone service,DSL,Yes,No,No,Yes,Yes,No,Two year,Yes,Credit card,59.33,3666.35,8,124.6,No
TC_4984,Male,29,0,No,No,1,Yes,Yes,Fiber optic,No,No,Yes,No,Yes,No,Month-to-month,Yes,Electronic check,108.44,117.78,11,332.2,Yes
TC_4985,Male,51,0,Yes,No,,No,No phone service,DSL,No,Yes,Yes,No,Yes,Yes,One year,Yes,Bank transfer,73.55,462.34,3,126.2,No
TC_4986,Female,58,0,No,No,69,No,No phone service,DSL,No,No,Yes,No,No,Yes,Month-to-month,No,Bank transfer,60.08,4025.32,6,62.5,Yes
TC_4987,Male,49,0,No,No,44,Yes,No,No,No internet service,No internet service,No internet service,No internet service,No internet service,No internet service,Month-to-month,No,Mailed check,20.0,,2,0.0,No
TC_4988,Male,21,0,No,No,0,Yes,Yes,DSL,No,No,Yes,No,Yes,Yes,Month-to-month,No,Credit card,94.69,,2,137.9,Yes
TC_4989,Female,36,0,No,No,30,Yes,No,Fiber optic,No,Yes,Yes,No,Yes,No,One year,Yes,Bank transfer,97.57,3074.66,3,125.7,No
TC_4990,Male,40,0,Yes,No,11,Yes,No,DSL,No,No,Yes,Yes,No,No,Month-to-month,Yes,Electronic check,75.9,841.6,8,60.2,Yes
TC_4991,Female,25,0,No,No,1,Yes,No,Fiber optic,No,No,No,No,No,Yes,Month-to-month,Yes,Electronic check,102.98,105.08,7,420.5,Yes
TC_4992,Female,25,0,No,No,23,No,No phone service,Fiber optic,Yes,Yes,Yes,No,No,Yes,Month-to-month,Yes,Credit card,100.01,2353.97,1,132.2,No
TC_4993,Male,43,0,Yes,Yes,52,Yes,No,DSL,No,No,No,No,Yes,Yes,Two year,Yes,Credit card,72.85,3736.77,3,61.4,No
TC_4994,Male,54,0,Yes,No,2,Yes,Yes,Fiber optic,No,No,Yes,Yes,No,Yes,Month-to-month,No,Mailed check,102.56,185.22,4,169.1,Yes
TC_4995,Male,30,0,Yes,No,48,No,No phone service,Fiber optic,No,No,No,No,No,No,Two year,Yes,Bank transfer,63.27,2961.05,10,91.9,No
TC_4996,Male,44,0,Yes,Yes,3,Yes,No,Fiber optic,No,No,No,No,No,Yes,Month-to-month,Yes,Bank transfer,77.69,248.74,15,236.5,Yes
TC_4997,Female,33,0,No,No,55,Yes,Yes,DSL,No,Yes,Yes,No,Yes,Yes,Two year,Yes,Electronic check,96.25,5577.35,5,117.4,No
TC_4998,Male,52,0,No,No,11,Yes,No,Fiber optic,No,Yes,Yes,No,Yes,Yes,One year,No,Electronic check,111.16,1203.75,10,212.4,No
TC_4999,Male,21,0,No,No,4,Yes,No,No,No internet service,No internet service,No internet service,No internet service,No internet service,No internet service,Month-to-month,No,Mailed check,20.0,74.91,10,0.0,Yes
TC_5000,Female,50,0,Yes,Yes,11,Yes,No,Fiber optic,No,Yes,Yes,Yes,No,Yes,One year,Yes,Mailed check,120.0,1292.12,8,332.3,Yes
