Checking_Account_Status,Loan_Duration_Months,Credit_History,Loan_Purpose,Loan_Amount,Savings_Account_Status,Employment_Duration,Installment_Rate_Pct,Personal_Status,Other_Debtors_Guarantors,Current_Residence_Years,Property_Type,Age,Other_Installment_Plans,Housing_Type,Num_Existing_Credits,Job_Type,Num_Dependents,Has_Telephone,Is_Foreign_Worker,Loan_Default
no checking account,25,existing credits paid back duly,furniture/equipment,1020,unknown / no savings,4 - 7 years,3,male : single,none,2,unknown / no property,30,stores,own,1,skilled employee / official,2,yes,yes,No
< 0 DM,11,critical account / other credits existing,education,1380,< 100 DM,>= 7 years,4,male : single,none,3,real estate,54,stores,own,1,unskilled - resident,1,no,yes,No
0 - 200 DM,18,existing credits paid back duly,car (used),12976,< 100 DM,unemployed,3,female : divorced/separated/married,none,4,unknown / no property,38,none,for free,1,management / self-employed / highly qualified,1,yes,yes,Yes
< 0 DM,25,existing credits paid back duly,car (used),3004,unknown / no savings,4 - 7 years,3,female : divorced/separated/married,none,4,real estate,24,none,rent,1,skilled employee / official,1,yes,yes,No
0 - 200 DM,18,delay in paying off,business,2427,unknown / no savings,>= 7 years,4,male : single,none,2,building society savings / life insurance,42,none,own,2,skilled employee / official,1,no,yes,No
>= 200 DM,15,existing credits paid back duly,education,392,< 100 DM,< 1 year,4,female : divorced/separated/married,none,4,building society savings / life insurance,23,none,rent,1,skilled employee / official,1,yes,yes,No
0 - 200 DM,30,existing credits paid back duly,car (new),2150,< 100 DM,1 - 4 years,4,female : divorced/separated/married,guarantor,2,unknown / no property,24,bank,own,1,skilled employee / official,1,no,yes,Yes
no checking account,24,critical account / other credits existing,education,1597,< 100 DM,>= 7 years,4,male : single,none,4,unknown / no property,,none,for free,2,skilled employee / official,2,no,yes,No
0 - 200 DM,9,existing credits paid back duly,radio/television,1150,100 - 500 DM,1 - 4 years,2,male : divorced/separated,none,1,unknown / no property,29,none,own,1,skilled employee / official,1,yes,yes,No
no checking account,,critical account / other credits existing,education,701,< 100 DM,1 - 4 years,4,male : single,none,2,car or other,32,none,own,2,skilled employee / official,1,no,yes,No
no checking account,9,critical account / other credits existing,car (new),1357,< 100 DM,>= 7 years,3,male : single,none,4,real estate,63,none,own,2,unskilled - resident,2,no,yes,No
>= 200 DM,42,no credits taken,business,6289,< 100 DM,< 1 year,2,male : divorced/separated,none,1,building society savings / life insurance,33,none,own,2,skilled employee / official,1,no,yes,No
no checking account,22,delay in paying off,furniture/equipment,2411,100 - 500 DM,>= 7 years,4,male : single,none,2,real estate,52,none,own,3,management / self-employed / highly qualified,1,no,yes,No
no checking account,24,existing credits paid back duly,radio/television,1312,100 - 500 DM,1 - 4 years,4,male : married/widowed,none,2,building society savings / life insurance,30,none,own,1,skilled employee / official,1,no,yes,No
no checking account,18,existing credits paid back duly,radio/television,1453,< 100 DM,< 1 year,3,female : divorced/separated/married,none,1,real estate,26,none,own,1,skilled employee / official,1,no,yes,No
no checking account,25,existing credits paid back duly,car (new),6966,< 100 DM,4 - 7 years,1,male : single,none,4,building society savings / life insurance,41,none,rent,1,unemployed / unskilled - non-resident,2,no,yes,No
no checking account,8,existing credits paid back duly,domestic appliances,1468,500 - 1000 DM,4 - 7 years,1,male : divorced/separated,none,3,real estate,63,none,own,1,skilled employee / official,2,no,yes,No
< 0 DM,18,all credits paid back duly,furniture/equipment,1516,< 100 DM,1 - 4 years,3,male : single,none,4,car or other,45,bank,own,1,unskilled - resident,1,no,yes,Yes
< 0 DM,6,critical account / other credits existing,radio/television,,unknown / no savings,>= 7 years,4,male : single,none,4,real estate,67,none,own,2,skilled employee / official,1,yes,yes,No
no checking account,9,critical account / other credits existing,radio/television,1385,unknown / no savings,>= 7 years,4,female : divorced/separated/married,none,1,real estate,35,none,own,1,skilled employee / official,1,yes,yes,No
< 0 DM,12,all credits paid back duly,retraining,339,< 100 DM,>= 7 years,4,male : married/widowed,none,1,car or other,45,bank,own,1,unskilled - resident,1,no,yes,No
0 - 200 DM,10,existing credits paid back duly,car (new),722,< 100 DM,4 - 7 years,3,male : married/widowed,none,3,car or other,28,bank,own,1,unskilled - resident,1,no,yes,Yes
< 0 DM,11,critical account / other credits existing,car (new),749,< 100 DM,>= 7 years,4,male : single,none,3,real estate,50,stores,own,2,unskilled - resident,1,no,yes,No
no checking account,,existing credits paid back duly,repairs,1445,500 - 1000 DM,1 - 4 years,4,male : single,none,3,unknown / no property,40,none,rent,1,unskilled - resident,2,no,no,No
0 - 200 DM,13,existing credits paid back duly,radio/television,2101,< 100 DM,< 1 year,2,female : divorced/separated/married,guarantor,4,building society savings / life insurance,23,none,own,1,unskilled - resident,1,no,yes,No
>= 200 DM,27,existing credits paid back duly,radio/television,,< 100 DM,1 - 4 years,4,male : single,none,2,car or other,22,bank,for free,1,skilled employee / official,1,no,yes,No
< 0 DM,18,critical account / other credits existing,car (new),5302,< 100 DM,>= 7 years,2,male : single,none,4,unknown / no property,36,none,for free,3,management / self-employed / highly qualified,1,yes,yes,No
0 - 200 DM,8,existing credits paid back duly,business,907,< 100 DM,< 1 year,3,male : married/widowed,none,2,real estate,26,none,own,1,skilled employee / official,1,yes,yes,No
no checking account,5,critical account / other credits existing,furniture/equipment,1324,unknown / no savings,1 - 4 years,2,female : divorced/separated/married,none,3,real estate,,none,own,3,skilled employee / official,1,no,yes,No
< 0 DM,12,critical account / other credits existing,car (used),,< 100 DM,>= 7 years,4,male : single,none,4,unknown / no property,66,none,for free,2,management / self-employed / highly qualified,1,no,yes,No
no checking account,18,critical account / other credits existing,furniture/equipment,1817,< 100 DM,1 - 4 years,4,female : divorced/separated/married,none,2,unknown / no property,28,none,own,2,skilled employee / official,1,no,yes,No
0 - 200 DM,36,no credits taken,business,1953,< 100 DM,>= 7 years,4,male : single,none,4,unknown / no property,61,none,for free,1,management / self-employed / highly qualified,1,yes,yes,Yes
no checking account,39,delay in paying off,radio/television,4082,< 100 DM,1 - 4 years,4,male : single,none,2,car or other,24,none,own,2,management / self-employed / highly qualified,1,yes,yes,Yes
< 0 DM,8,critical account / other credits existing,car (new),612,< 100 DM,4 - 7 years,3,female : divorced/separated/married,none,4,building society savings / life insurance,35,none,own,3,skilled employee / official,1,no,no,No
no checking account,22,critical account / other credits existing,business,4296,< 100 DM,1 - 4 years,1,male : single,none,1,unknown / no property,31,none,for free,1,skilled employee / official,1,no,yes,No
no checking account,10,existing credits paid back duly,car (new),1597,500 - 1000 DM,1 - 4 years,3,male : single,none,2,unknown / no property,,none,rent,1,unskilled - resident,2,no,no,No
< 0 DM,18,existing credits paid back duly,car (new),3941,< 100 DM,1 - 4 years,2,female : divorced/separated/married,none,3,building society savings / life insurance,27,none,own,1,management / self-employed / highly qualified,1,yes,yes,Yes
no checking account,12,existing credits paid back duly,radio/television,760,unknown / no savings,1 - 4 years,4,female : divorced/separated/married,none,3,car or other,20,none,own,1,skilled employee / official,1,no,yes,No
< 0 DM,,existing credits paid back duly,furniture/equipment,3899,< 100 DM,>= 7 years,3,male : single,none,3,building society savings / life insurance,,none,own,2,skilled employee / official,2,no,yes,Yes
0 - 200 DM,45,no credits taken,others,17084,< 100 DM,1 - 4 years,1,female : divorced/separated/married,none,1,building society savings / life insurance,35,bank,own,1,management / self-employed / highly qualified,2,yes,no,Yes
0 - 200 DM,12,existing credits paid back duly,car (new),2002,< 100 DM,4 - 7 years,3,male : single,none,4,building society savings / life insurance,30,none,rent,1,skilled employee / official,2,yes,yes,No
no checking account,8,existing credits paid back duly,car (new),1463,< 100 DM,1 - 4 years,4,male : single,none,2,real estate,28,none,own,1,unskilled - resident,2,no,no,No
0 - 200 DM,15,existing credits paid back duly,repairs,1308,< 100 DM,>= 7 years,4,male : single,none,4,car or other,38,none,own,2,unskilled - resident,1,no,yes,No
no checking account,33,existing credits paid back duly,education,8634,unknown / no savings,< 1 year,2,male : single,none,4,unknown / no property,34,none,for free,1,unskilled - resident,2,yes,yes,No
no checking account,19,all credits paid back duly,furniture/equipment,2248,< 100 DM,,3,male : single,none,4,real estate,41,none,own,2,skilled employee / official,1,yes,yes,No
>= 200 DM,22,critical account / other credits existing,business,1309,>= 1000 DM,4 - 7 years,3,male : divorced/separated,none,4,real estate,34,none,own,2,skilled employee / official,1,yes,yes,No
no checking account,15,existing credits paid back duly,car (new),3556,unknown / no savings,1 - 4 years,3,male : single,none,2,unknown / no property,29,none,own,1,skilled employee / official,1,no,yes,No
>= 200 DM,21,existing credits paid back duly,furniture/equipment,1927,< 100 DM,>= 7 years,4,female : divorced/separated/married,none,2,car or other,24,none,own,1,management / self-employed / highly qualified,1,no,yes,No
< 0 DM,36,critical account / other credits existing,furniture/equipment,6229,< 100 DM,< 1 year,4,female : divorced/separated/married,co-applicant,4,unknown / no property,23,none,rent,2,unskilled - resident,1,yes,yes,Yes
< 0 DM,12,existing credits paid back duly,furniture/equipment,1282,< 100 DM,1 - 4 years,2,female : divorced/separated/married,none,4,car or other,20,none,rent,1,skilled employee / official,1,no,yes,Yes
>= 200 DM,6,no credits taken,radio/television,1182,< 100 DM,< 1 year,3,male : single,none,3,car or other,37,none,own,1,management / self-employed / highly qualified,1,yes,yes,Yes
no checking account,35,delay in paying off,car (used),,unknown / no savings,4 - 7 years,3,male : single,none,2,car or other,33,stores,own,1,management / self-employed / highly qualified,2,yes,yes,No
no checking account,6,critical account / other credits existing,car (new),2080,500 - 1000 DM,1 - 4 years,1,male : married/widowed,none,2,car or other,24,none,own,1,skilled employee / official,1,no,yes,No
no checking account,26,critical account / other credits existing,radio/television,2411,< 100 DM,>= 7 years,4,male : single,none,2,building society savings / life insurance,32,none,rent,2,skilled employee / official,1,no,yes,No
< 0 DM,21,no credits taken,car (new),2176,< 100 DM,< 1 year,3,male : single,co-applicant,4,unknown / no property,33,bank,for free,1,management / self-employed / highly qualified,1,yes,yes,No
>= 200 DM,30,critical account / other credits existing,radio/television,3017,< 100 DM,>= 7 years,4,male : single,none,4,building society savings / life insurance,47,none,own,1,skilled employee / official,1,no,yes,No
0 - 200 DM,12,existing credits paid back duly,radio/television,1800,< 100 DM,< 1 year,3,male : married/widowed,guarantor,4,building society savings / life insurance,25,none,own,1,unskilled - resident,1,no,yes,No
< 0 DM,17,delay in paying off,furniture/equipment,3590,< 100 DM,4 - 7 years,1,male : married/widowed,none,4,building society savings / life insurance,29,none,own,2,unskilled - resident,1,no,yes,No
0 - 200 DM,17,delay in paying off,car (used),3973,< 100 DM,>= 7 years,4,male : married/widowed,none,4,unknown / no property,38,none,own,1,management / self-employed / highly qualified,1,yes,yes,Yes
no checking account,16,existing credits paid back duly,repairs,2095,< 100 DM,< 1 year,4,female : divorced/separated/married,none,4,real estate,23,none,own,1,skilled employee / official,1,no,yes,Yes
0 - 200 DM,9,existing credits paid back duly,radio/television,1670,< 100 DM,< 1 year,4,female : divorced/separated/married,none,2,car or other,22,none,own,1,skilled employee / official,1,yes,yes,Yes
< 0 DM,3,existing credits paid back duly,radio/television,345,>= 1000 DM,4 - 7 years,4,male : married/widowed,none,4,building society savings / life insurance,40,none,own,1,skilled employee / official,1,no,yes,No
no checking account,15,existing credits paid back duly,domestic appliances,965,unknown / no savings,< 1 year,4,female : divorced/separated/married,none,1,real estate,24,none,rent,1,skilled employee / official,1,no,yes,No
0 - 200 DM,12,existing credits paid back duly,business,1037,100 - 500 DM,4 - 7 years,3,male : single,none,4,real estate,39,none,own,1,unskilled - resident,1,no,yes,No
< 0 DM,10,critical account / other credits existing,furniture/equipment,2132,unknown / no savings,< 1 year,2,female : divorced/separated/married,co-applicant,3,real estate,27,none,rent,2,skilled employee / official,1,no,no,No
0 - 200 DM,8,existing credits paid back duly,furniture/equipment,1244,< 100 DM,1 - 4 years,3,female : divorced/separated/married,none,4,real estate,26,none,own,1,skilled employee / official,1,no,yes,Yes
< 0 DM,9,existing credits paid back duly,others,2567,< 100 DM,< 1 year,4,male : single,none,1,real estate,36,none,own,1,unskilled - resident,2,no,yes,Yes
0 - 200 DM,9,critical account / other credits existing,furniture/equipment,1919,< 100 DM,,4,male : single,none,3,car or other,35,none,rent,1,skilled employee / official,1,yes,yes,No
< 0 DM,4,existing credits paid back duly,radio/television,668,< 100 DM,< 1 year,2,male : married/widowed,none,3,real estate,27,none,own,1,unskilled - resident,1,no,no,No
no checking account,12,existing credits paid back duly,car (new),2390,unknown / no savings,>= 7 years,4,male : single,none,3,car or other,50,none,own,1,skilled employee / official,1,yes,yes,No
0 - 200 DM,45,critical account / other credits existing,radio/television,4746,< 100 DM,< 1 year,4,male : single,none,2,building society savings / life insurance,25,none,own,2,unskilled - resident,1,no,yes,Yes
< 0 DM,22,existing credits paid back duly,car (used),2853,unknown / no savings,>= 7 years,1,female : divorced/separated/married,none,3,real estate,28,none,rent,1,unskilled - resident,1,no,yes,No
0 - 200 DM,9,existing credits paid back duly,car (new),732,100 - 500 DM,< 1 year,4,male : married/widowed,none,2,real estate,26,bank,own,1,unskilled - resident,1,no,yes,Yes
no checking account,16,delay in paying off,radio/television,1356,500 - 1000 DM,,3,male : single,none,3,real estate,44,stores,own,1,skilled employee / official,1,yes,yes,No
0 - 200 DM,16,existing credits paid back duly,car (used),2881,< 100 DM,< 1 year,1,male : married/widowed,none,2,car or other,23,none,rent,1,skilled employee / official,1,yes,yes,No
0 - 200 DM,20,delay in paying off,car (used),7057,unknown / no savings,,3,male : single,none,4,building society savings / life insurance,36,bank,rent,2,management / self-employed / highly qualified,2,yes,yes,No
0 - 200 DM,,existing credits paid back duly,radio/television,5424,unknown / no savings,unemployed,2,male : single,none,4,unknown / no property,37,bank,for free,1,unemployed / unskilled - non-resident,1,yes,yes,No
>= 200 DM,7,existing credits paid back duly,car (new),,>= 1000 DM,< 1 year,2,male : married/widowed,none,2,real estate,29,none,own,2,unemployed / unskilled - non-resident,1,no,no,No
no checking account,27,delay in paying off,business,8452,< 100 DM,1 - 4 years,2,male : single,none,2,car or other,26,bank,own,2,skilled employee / official,1,yes,yes,Yes
< 0 DM,30,critical account / other credits existing,car (used),6187,100 - 500 DM,4 - 7 years,1,male : married/widowed,none,4,car or other,24,none,rent,2,skilled employee / official,1,no,yes,No
no checking account,48,critical account / other credits existing,car (used),8858,unknown / no savings,4 - 7 years,2,male : single,none,1,unknown / no property,35,none,for free,2,skilled employee / official,1,yes,yes,No
0 - 200 DM,22,all credits paid back duly,furniture/equipment,3650,500 - 1000 DM,< 1 year,4,male : single,none,4,unknown / no property,32,none,rent,1,skilled employee / official,2,yes,yes,Yes
< 0 DM,,all credits paid back duly,car (new),717,< 100 DM,< 1 year,4,male : single,none,2,car or other,46,bank,own,2,skilled employee / official,1,yes,yes,Yes
no checking account,21,critical account / other credits existing,car (new),12680,unknown / no savings,>= 7 years,4,male : single,none,4,unknown / no property,30,none,for free,1,management / self-employed / highly qualified,1,yes,yes,Yes
no checking account,9,existing credits paid back duly,car (new),2507,500 - 1000 DM,,2,male : single,none,4,unknown / no property,51,none,for free,1,unskilled - resident,1,no,yes,No
no checking account,24,critical account / other credits existing,radio/television,,< 100 DM,1 - 4 years,4,male : single,none,2,real estate,,none,own,2,unskilled - resident,1,no,yes,No
0 - 200 DM,12,existing credits paid back duly,radio/television,1176,< 100 DM,>= 7 years,4,female : divorced/separated/married,none,4,car or other,24,none,own,2,unskilled - resident,1,no,yes,No
< 0 DM,12,critical account / other credits existing,car (new),4485,< 100 DM,>= 7 years,3,male : single,co-applicant,4,building society savings / life insurance,44,none,rent,1,skilled employee / official,1,yes,yes,Yes
no checking account,23,critical account / other credits existing,radio/television,3025,100 - 500 DM,>= 7 years,4,male : single,none,3,real estate,39,none,own,1,management / self-employed / highly qualified,2,yes,yes,No
0 - 200 DM,23,delay in paying off,others,2701,< 100 DM,1 - 4 years,2,male : single,none,3,car or other,31,bank,own,1,skilled employee / official,1,yes,yes,No
0 - 200 DM,9,all credits paid back duly,car (new),1437,100 - 500 DM,4 - 7 years,2,male : single,none,3,unknown / no property,29,none,own,1,skilled employee / official,1,no,yes,Yes
< 0 DM,15,existing credits paid back duly,domestic appliances,1275,unknown / no savings,1 - 4 years,4,female : divorced/separated/married,none,2,car or other,24,none,rent,1,skilled employee / official,1,no,yes,Yes
no checking account,38,critical account / other credits existing,business,6030,unknown / no savings,>= 7 years,4,male : single,none,4,real estate,33,none,own,1,skilled employee / official,1,no,yes,No
no checking account,12,existing credits paid back duly,radio/television,2944,100 - 500 DM,>= 7 years,2,male : single,co-applicant,3,car or other,37,none,own,1,skilled employee / official,1,yes,yes,No
>= 200 DM,43,delay in paying off,car (used),,100 - 500 DM,unemployed,2,male : single,none,3,car or other,24,none,own,1,management / self-employed / highly qualified,1,no,yes,No
no checking account,24,existing credits paid back duly,radio/television,3621,100 - 500 DM,>= 7 years,2,male : single,none,4,car or other,31,none,own,2,skilled employee / official,1,no,yes,Yes
0 - 200 DM,6,existing credits paid back duly,radio/television,753,< 100 DM,1 - 4 years,2,female : divorced/separated/married,guarantor,3,real estate,64,none,own,1,skilled employee / official,1,no,yes,No
no checking account,9,existing credits paid back duly,retraining,1078,< 100 DM,1 - 4 years,3,male : married/widowed,none,1,real estate,30,none,own,2,skilled employee / official,1,yes,yes,No
< 0 DM,13,critical account / other credits existing,radio/television,443,< 100 DM,4 - 7 years,4,female : divorced/separated/married,none,4,real estate,55,none,own,4,unskilled - resident,1,yes,yes,No
< 0 DM,23,all credits paid back duly,business,4080,< 100 DM,>= 7 years,3,male : single,none,4,car or other,30,bank,for free,1,skilled employee / official,1,no,yes,Yes
no checking account,5,delay in paying off,retraining,1228,unknown / no savings,unemployed,4,male : single,none,3,building society savings / life insurance,33,none,own,1,management / self-employed / highly qualified,2,yes,yes,No
no checking account,4,delay in paying off,car (new),,unknown / no savings,>= 7 years,3,female : divorced/separated/married,none,4,unknown / no property,35,none,for free,1,skilled employee / official,1,no,yes,No
no checking account,17,existing credits paid back duly,car (new),3559,unknown / no savings,1 - 4 years,3,male : single,none,2,unknown / no property,26,none,own,2,skilled employee / official,1,no,yes,No
< 0 DM,27,delay in paying off,radio/television,1433,< 100 DM,,4,female : divorced/separated/married,none,3,unknown / no property,30,none,rent,2,unskilled - resident,1,yes,yes,Yes
no checking account,51,existing credits paid back duly,radio/television,10847,unknown / no savings,4 - 7 years,4,male : single,none,3,car or other,37,stores,own,1,skilled employee / official,1,yes,no,No
0 - 200 DM,24,existing credits paid back duly,radio/television,5084,unknown / no savings,>= 7 years,2,female : divorced/separated/married,none,4,car or other,42,none,own,1,skilled employee / official,1,yes,yes,No
no checking account,12,critical account / other credits existing,car (new),682,100 - 500 DM,4 - 7 years,4,female : divorced/separated/married,none,3,car or other,,none,own,2,skilled employee / official,1,yes,yes,No
< 0 DM,17,existing credits paid back duly,radio/television,1147,< 100 DM,< 1 year,4,male : married/widowed,none,2,real estate,30,none,own,1,skilled employee / official,1,no,no,No
no checking account,24,delay in paying off,car (new),717,unknown / no savings,>= 7 years,4,male : married/widowed,none,4,car or other,54,none,own,2,skilled employee / official,1,yes,yes,No
< 0 DM,31,critical account / other credits existing,car (used),9380,< 100 DM,,4,male : divorced/separated,none,4,car or other,36,none,for free,3,management / self-employed / highly qualified,2,yes,yes,No
0 - 200 DM,9,existing credits paid back duly,furniture/equipment,1407,< 100 DM,4 - 7 years,3,male : divorced/separated,none,2,car or other,30,stores,own,1,unskilled - resident,1,no,yes,No
no checking account,47,all credits paid back duly,business,3521,< 100 DM,1 - 4 years,2,female : divorced/separated/married,none,1,real estate,24,stores,own,1,skilled employee / official,1,no,yes,No
< 0 DM,28,delay in paying off,furniture/equipment,3295,< 100 DM,< 1 year,1,male : divorced/separated,none,4,building society savings / life insurance,28,none,own,1,unskilled - resident,1,no,yes,Yes
0 - 200 DM,23,all credits paid back duly,business,3192,< 100 DM,1 - 4 years,3,male : single,none,2,building society savings / life insurance,29,none,rent,1,skilled employee / official,2,no,yes,Yes
< 0 DM,6,all credits paid back duly,education,1198,< 100 DM,>= 7 years,4,female : divorced/separated/married,none,4,unknown / no property,35,none,for free,1,skilled employee / official,1,no,yes,Yes
no checking account,14,existing credits paid back duly,car (used),4261,< 100 DM,1 - 4 years,2,male : single,none,3,car or other,29,none,own,1,skilled employee / official,1,yes,yes,No
0 - 200 DM,23,delay in paying off,furniture/equipment,2148,unknown / no savings,unemployed,4,male : single,none,3,building society savings / life insurance,28,bank,own,1,unskilled - resident,2,yes,yes,No
0 - 200 DM,12,existing credits paid back duly,radio/television,1701,< 100 DM,< 1 year,2,male : married/widowed,none,1,real estate,24,none,rent,1,skilled employee / official,1,yes,yes,Yes
no checking account,21,existing credits paid back duly,radio/television,1825,< 100 DM,< 1 year,4,male : single,none,1,real estate,31,bank,own,1,skilled employee / official,1,no,yes,No
no checking account,9,existing credits paid back duly,business,,< 100 DM,4 - 7 years,3,female : divorced/separated/married,none,2,car or other,27,none,own,2,skilled employee / official,1,no,yes,No
< 0 DM,48,existing credits paid back duly,car (used),10297,< 100 DM,4 - 7 years,4,male : single,none,4,unknown / no property,39,stores,for free,3,skilled employee / official,2,yes,yes,Yes
< 0 DM,6,delay in paying off,car (used),1286,500 - 1000 DM,unemployed,2,female : divorced/separated/married,none,2,building society savings / life insurance,23,none,rent,1,unemployed / unskilled - non-resident,1,yes,yes,No
no checking account,18,all credits paid back duly,radio/television,3246,unknown / no savings,>= 7 years,3,male : single,none,3,building society savings / life insurance,39,none,own,1,skilled employee / official,1,yes,yes,No
0 - 200 DM,60,existing credits paid back duly,education,6288,< 100 DM,1 - 4 years,4,male : single,none,4,unknown / no property,42,none,for free,1,skilled employee / official,1,no,yes,Yes
< 0 DM,,existing credits paid back duly,car (new),3299,< 100 DM,4 - 7 years,2,male : single,none,4,unknown / no property,41,bank,for free,1,management / self-employed / highly qualified,2,yes,yes,No
0 - 200 DM,12,existing credits paid back duly,radio/television,1331,< 100 DM,< 1 year,2,male : single,none,1,car or other,22,stores,own,1,skilled employee / official,1,no,yes,Yes
< 0 DM,24,all credits paid back duly,furniture/equipment,3552,< 100 DM,4 - 7 years,3,male : single,none,4,car or other,27,bank,own,1,skilled employee / official,1,no,yes,Yes
>= 200 DM,33,existing credits paid back duly,radio/television,3978,< 100 DM,1 - 4 years,2,male : single,none,2,real estate,26,bank,for free,1,skilled employee / official,1,yes,yes,No
< 0 DM,12,critical account / other credits existing,car (new),3715,< 100 DM,1 - 4 years,2,male : single,none,2,building society savings / life insurance,40,none,own,1,unskilled - resident,2,no,yes,No
0 - 200 DM,12,existing credits paid back duly,radio/television,1308,500 - 1000 DM,1 - 4 years,4,male : divorced/separated,none,1,car or other,23,none,own,1,skilled employee / official,1,no,yes,No
no checking account,23,existing credits paid back duly,furniture/equipment,2531,500 - 1000 DM,>= 7 years,2,male : single,none,4,building society savings / life insurance,50,none,own,1,management / self-employed / highly qualified,1,no,yes,No
< 0 DM,33,critical account / other credits existing,education,7348,< 100 DM,1 - 4 years,4,female : divorced/separated/married,none,2,unknown / no property,,none,own,1,management / self-employed / highly qualified,1,yes,yes,Yes
0 - 200 DM,18,critical account / other credits existing,business,3590,< 100 DM,unemployed,3,male : married/widowed,none,3,car or other,40,none,own,3,unemployed / unskilled - non-resident,2,yes,yes,No
>= 200 DM,36,existing credits paid back duly,radio/television,3913,< 100 DM,1 - 4 years,2,male : single,none,2,real estate,23,none,own,1,skilled employee / official,1,yes,yes,No
< 0 DM,9,all credits paid back duly,radio/television,538,< 100 DM,1 - 4 years,4,female : divorced/separated/married,none,3,real estate,,stores,own,1,unskilled - resident,1,no,yes,Yes
0 - 200 DM,,existing credits paid back duly,furniture/equipment,3792,>= 1000 DM,1 - 4 years,2,female : divorced/separated/married,none,4,building society savings / life insurance,49,none,own,1,unskilled - resident,1,yes,yes,No
no checking account,14,critical account / other credits existing,car (new),1238,500 - 1000 DM,1 - 4 years,4,male : single,none,4,real estate,47,none,own,1,skilled employee / official,1,no,yes,No
0 - 200 DM,15,existing credits paid back duly,repairs,2631,100 - 500 DM,1 - 4 years,3,female : divorced/separated/married,none,2,real estate,25,none,own,1,unskilled - resident,1,no,yes,No
no checking account,24,existing credits paid back duly,furniture/equipment,3062,500 - 1000 DM,>= 7 years,4,male : single,none,3,unknown / no property,32,none,rent,1,skilled employee / official,1,yes,yes,No
no checking account,15,critical account / other credits existing,furniture/equipment,2788,< 100 DM,4 - 7 years,2,female : divorced/separated/married,co-applicant,3,car or other,24,bank,own,2,skilled employee / official,1,no,yes,No
no checking account,33,delay in paying off,car (new),10617,< 100 DM,>= 7 years,2,male : single,none,2,car or other,,none,own,2,skilled employee / official,2,yes,yes,No
< 0 DM,21,critical account / other credits existing,car (new),511,< 100 DM,>= 7 years,4,male : single,none,4,real estate,68,none,own,3,skilled employee / official,1,yes,yes,No
no checking account,14,existing credits paid back duly,car (new),2589,unknown / no savings,unemployed,4,male : single,none,4,unknown / no property,36,none,own,1,management / self-employed / highly qualified,2,yes,yes,No
no checking account,,critical account / other credits existing,furniture/equipment,2387,< 100 DM,< 1 year,4,female : divorced/separated/married,none,4,building society savings / life insurance,26,none,own,1,skilled employee / official,2,yes,yes,No
>= 200 DM,18,existing credits paid back duly,furniture/equipment,3049,< 100 DM,< 1 year,1,female : divorced/separated/married,none,1,building society savings / life insurance,45,stores,own,1,unskilled - resident,1,no,yes,No
no checking account,11,critical account / other credits existing,radio/television,1019,100 - 500 DM,unemployed,3,female : divorced/separated/married,none,4,real estate,55,none,own,3,unemployed / unskilled - non-resident,1,no,yes,No
0 - 200 DM,9,existing credits paid back duly,radio/television,793,< 100 DM,>= 7 years,3,female : divorced/separated/married,guarantor,2,real estate,41,none,own,1,unskilled - resident,1,no,yes,No
no checking account,10,critical account / other credits existing,radio/television,1034,unknown / no savings,>= 7 years,4,male : single,none,4,car or other,,none,own,2,skilled employee / official,1,no,yes,No
no checking account,38,existing credits paid back duly,business,7095,>= 1000 DM,>= 7 years,3,male : single,none,2,building society savings / life insurance,37,none,own,2,skilled employee / official,1,yes,yes,No
0 - 200 DM,21,delay in paying off,car (new),2353,< 100 DM,1 - 4 years,1,male : divorced/separated,none,4,building society savings / life insurance,47,none,own,2,skilled employee / official,1,no,yes,No
0 - 200 DM,4,critical account / other credits existing,car (new),3637,< 100 DM,,2,male : divorced/separated,none,4,real estate,43,none,rent,1,management / self-employed / highly qualified,1,yes,yes,Yes
no checking account,24,existing credits paid back duly,radio/television,5943,unknown / no savings,< 1 year,1,female : divorced/separated/married,none,1,car or other,44,none,own,2,skilled employee / official,1,yes,yes,Yes
no checking account,25,existing credits paid back duly,car (new),1113,unknown / no savings,4 - 7 years,4,female : divorced/separated/married,none,4,building society savings / life insurance,23,none,rent,1,skilled employee / official,1,no,yes,No
< 0 DM,35,all credits paid back duly,furniture/equipment,3014,< 100 DM,>= 7 years,4,male : single,none,4,car or other,30,bank,own,1,skilled employee / official,1,yes,yes,Yes
0 - 200 DM,45,critical account / other credits existing,radio/television,4351,< 100 DM,< 1 year,4,male : single,none,2,building society savings / life insurance,28,none,own,2,unskilled - resident,1,no,yes,Yes
no checking account,15,critical account / other credits existing,radio/television,2545,unknown / no savings,>= 7 years,1,male : single,co-applicant,4,real estate,51,none,own,1,skilled employee / official,1,yes,yes,No
no checking account,12,critical account / other credits existing,business,1185,< 100 DM,1 - 4 years,3,female : divorced/separated/married,none,2,real estate,27,none,own,2,skilled employee / official,1,no,yes,No
< 0 DM,12,critical account / other credits existing,car (new),4843,< 100 DM,,3,male : single,co-applicant,4,building society savings / life insurance,43,none,rent,2,skilled employee / official,1,yes,yes,Yes
0 - 200 DM,36,existing credits paid back duly,car (new),14318,< 100 DM,>= 7 years,4,male : single,none,2,unknown / no property,57,none,for free,1,management / self-employed / highly qualified,1,yes,yes,Yes
0 - 200 DM,12,existing credits paid back duly,radio/television,2930,< 100 DM,4 - 7 years,2,female : divorced/separated/married,none,1,real estate,27,none,own,1,skilled employee / official,1,no,yes,No
no checking account,24,delay in paying off,business,8648,< 100 DM,< 1 year,2,male : single,none,2,car or other,27,bank,own,2,skilled employee / official,1,yes,yes,Yes
no checking account,21,critical account / other credits existing,car (new),1067,< 100 DM,< 1 year,4,female : divorced/separated/married,none,2,real estate,31,none,own,2,skilled employee / official,1,no,yes,No
< 0 DM,3,existing credits paid back duly,education,409,< 100 DM,< 1 year,4,female : divorced/separated/married,none,4,real estate,23,none,own,2,skilled employee / official,1,no,yes,Yes
0 - 200 DM,11,critical account / other credits existing,furniture/equipment,2151,100 - 500 DM,1 - 4 years,4,male : married/widowed,none,3,car or other,35,none,rent,1,skilled employee / official,1,yes,no,No
no checking account,12,critical account / other credits existing,car (new),2062,< 100 DM,1 - 4 years,4,male : single,none,4,car or other,48,none,own,2,skilled employee / official,1,yes,yes,No
no checking account,6,existing credits paid back duly,repairs,660,500 - 1000 DM,4 - 7 years,2,male : married/widowed,none,4,real estate,23,none,rent,1,unskilled - resident,1,no,yes,No
no checking account,37,delay in paying off,radio/television,7280,unknown / no savings,< 1 year,4,male : single,none,4,car or other,25,none,rent,3,skilled employee / official,1,yes,yes,Yes
no checking account,36,existing credits paid back duly,car (new),3174,unknown / no savings,< 1 year,3,male : single,none,4,real estate,34,none,own,1,skilled employee / official,1,no,yes,No
>= 200 DM,5,delay in paying off,car (new),1157,< 100 DM,>= 7 years,2,male : single,none,4,real estate,43,none,own,2,skilled employee / official,2,no,no,No
no checking account,6,critical account / other credits existing,radio/television,700,unknown / no savings,>= 7 years,4,male : single,none,4,unknown / no property,,none,for free,2,skilled employee / official,1,no,yes,No
no checking account,15,existing credits paid back duly,car (used),1300,unknown / no savings,>= 7 years,4,male : single,none,4,unknown / no property,45,bank,for free,1,skilled employee / official,2,no,yes,No
>= 200 DM,12,existing credits paid back duly,furniture/equipment,2254,< 100 DM,1 - 4 years,2,female : divorced/separated/married,none,3,building society savings / life insurance,46,none,own,1,unskilled - resident,1,no,yes,No
< 0 DM,6,existing credits paid back duly,car (new),1228,500 - 1000 DM,>= 7 years,3,male : single,none,3,building society savings / life insurance,46,none,own,1,skilled employee / official,1,yes,yes,No
>= 200 DM,9,existing credits paid back duly,radio/television,2663,< 100 DM,4 - 7 years,4,male : divorced/separated,guarantor,2,real estate,32,none,own,1,skilled employee / official,1,no,yes,No
>= 200 DM,10,critical account / other credits existing,car (new),805,500 - 1000 DM,4 - 7 years,4,male : married/widowed,none,2,real estate,27,none,own,3,skilled employee / official,1,yes,no,Yes
< 0 DM,17,no credits taken,furniture/equipment,3057,< 100 DM,< 1 year,2,female : divorced/separated/married,none,4,building society savings / life insurance,24,none,rent,1,skilled employee / official,1,no,yes,Yes
< 0 DM,24,existing credits paid back duly,furniture/equipment,,< 100 DM,< 1 year,4,male : single,co-applicant,1,building society savings / life insurance,24,none,own,1,unskilled - resident,1,no,no,No
0 - 200 DM,21,critical account / other credits existing,business,2212,< 100 DM,>= 7 years,4,male : divorced/separated,none,3,real estate,34,none,own,1,skilled employee / official,1,yes,yes,Yes
no checking account,8,critical account / other credits existing,car (new),1165,< 100 DM,,4,male : single,none,4,real estate,30,none,own,2,unskilled - resident,2,no,no,No
no checking account,15,critical account / other credits existing,furniture/equipment,1361,unknown / no savings,1 - 4 years,3,female : divorced/separated/married,none,1,building society savings / life insurance,35,none,own,1,skilled employee / official,1,yes,no,No
no checking account,9,critical account / other credits existing,business,1227,< 100 DM,4 - 7 years,4,female : divorced/separated/married,guarantor,2,real estate,26,none,own,2,management / self-employed / highly qualified,1,yes,yes,No
< 0 DM,18,existing credits paid back duly,car (new),4380,100 - 500 DM,1 - 4 years,3,male : single,none,4,car or other,35,none,own,1,unskilled - resident,2,yes,yes,No
0 - 200 DM,23,critical account / other credits existing,education,5941,< 100 DM,< 1 year,2,female : divorced/separated/married,none,4,unknown / no property,23,none,for free,3,skilled employee / official,1,yes,yes,No
no checking account,18,critical account / other credits existing,radio/television,1149,>= 1000 DM,1 - 4 years,4,male : single,none,3,real estate,46,none,own,2,skilled employee / official,1,no,yes,No
< 0 DM,48,critical account / other credits existing,car (used),6331,< 100 DM,>= 7 years,4,male : single,none,4,unknown / no property,46,none,for free,2,skilled employee / official,1,yes,yes,Yes
>= 200 DM,10,existing credits paid back duly,car (new),1240,100 - 500 DM,>= 7 years,1,female : divorced/separated/married,none,4,unknown / no property,48,none,for free,1,unskilled - resident,2,no,yes,Yes
no checking account,24,existing credits paid back duly,business,,500 - 1000 DM,1 - 4 years,4,male : single,none,2,building society savings / life insurance,46,none,own,2,skilled employee / official,2,yes,yes,No
no checking account,10,existing credits paid back duly,car (new),3801,100 - 500 DM,1 - 4 years,1,male : single,guarantor,3,building society savings / life insurance,26,none,rent,1,skilled employee / official,2,yes,yes,No
no checking account,39,existing credits paid back duly,car (used),2569,500 - 1000 DM,1 - 4 years,4,male : single,none,4,car or other,24,none,own,1,skilled employee / official,1,no,yes,No
0 - 200 DM,9,existing credits paid back duly,car (new),6307,< 100 DM,,2,male : single,none,4,unknown / no property,67,bank,for free,1,management / self-employed / highly qualified,1,yes,yes,No
no checking account,35,existing credits paid back duly,car (new),806,500 - 1000 DM,>= 7 years,3,female : divorced/separated/married,none,4,building society savings / life insurance,39,none,own,1,skilled employee / official,2,yes,yes,No
< 0 DM,47,existing credits paid back duly,car (new),10722,< 100 DM,< 1 year,1,female : divorced/separated/married,none,1,real estate,35,none,own,1,unskilled - resident,1,yes,yes,No
< 0 DM,10,existing credits paid back duly,radio/television,2315,< 100 DM,>= 7 years,3,male : single,none,4,real estate,52,none,own,1,unskilled - resident,1,no,yes,No
0 - 200 DM,7,existing credits paid back duly,radio/television,398,< 100 DM,4 - 7 years,4,male : single,none,3,real estate,21,none,own,1,skilled employee / official,2,no,yes,No
no checking account,30,critical account / other credits existing,radio/television,6742,unknown / no savings,4 - 7 years,2,male : single,none,3,building society savings / life insurance,36,none,own,2,skilled employee / official,1,no,yes,No
0 - 200 DM,18,existing credits paid back duly,car (new),5866,100 - 500 DM,1 - 4 years,2,male : single,none,2,car or other,30,none,own,2,skilled employee / official,1,yes,yes,No
no checking account,18,critical account / other credits existing,furniture/equipment,3780,< 100 DM,< 1 year,3,male : divorced/separated,none,2,car or other,35,none,own,2,management / self-employed / highly qualified,1,yes,yes,No
< 0 DM,24,all credits paid back duly,furniture/equipment,,500 - 1000 DM,1 - 4 years,4,male : single,none,4,real estate,22,stores,own,1,skilled employee / official,1,yes,yes,No
< 0 DM,10,existing credits paid back duly,radio/television,2085,< 100 DM,1 - 4 years,4,male : divorced/separated,none,2,unknown / no property,27,none,for free,1,skilled employee / official,1,no,yes,Yes
< 0 DM,24,delay in paying off,radio/television,,< 100 DM,< 1 year,4,female : divorced/separated/married,none,2,car or other,29,none,rent,1,unskilled - resident,1,yes,yes,Yes
no checking account,13,existing credits paid back duly,car (new),1438,< 100 DM,unemployed,4,male : single,none,1,real estate,28,none,own,1,skilled employee / official,1,no,yes,No
no checking account,6,all credits paid back duly,car (new),3737,< 100 DM,4 - 7 years,1,male : single,guarantor,2,building society savings / life insurance,27,none,rent,1,skilled employee / official,1,no,yes,No
>= 200 DM,9,no credits taken,retraining,1359,< 100 DM,1 - 4 years,3,male : single,none,3,real estate,29,none,own,1,unskilled - resident,1,yes,yes,No
no checking account,19,critical account / other credits existing,others,4252,< 100 DM,4 - 7 years,2,male : single,none,1,building society savings / life insurance,30,none,own,2,skilled employee / official,1,yes,yes,No
no checking account,21,delay in paying off,furniture/equipment,,100 - 500 DM,4 - 7 years,4,male : single,none,3,real estate,34,none,own,2,management / self-employed / highly qualified,1,no,yes,No
no checking account,17,existing credits paid back duly,radio/television,3189,< 100 DM,>= 7 years,4,female : divorced/separated/married,none,2,car or other,54,bank,rent,1,skilled employee / official,1,yes,yes,No
no checking account,21,existing credits paid back duly,business,1572,>= 1000 DM,>= 7 years,4,female : divorced/separated/married,none,4,real estate,36,bank,own,1,unskilled - resident,1,no,yes,No
0 - 200 DM,15,critical account / other credits existing,car (new),2734,< 100 DM,unemployed,2,male : single,none,3,real estate,51,bank,own,3,unskilled - resident,2,no,yes,No
no checking account,13,critical account / other credits existing,furniture/equipment,2339,unknown / no savings,4 - 7 years,3,male : married/widowed,none,1,car or other,29,none,own,3,skilled employee / official,1,no,no,No
< 0 DM,9,critical account / other credits existing,furniture/equipment,3092,< 100 DM,1 - 4 years,1,male : divorced/separated,none,4,real estate,44,none,rent,1,management / self-employed / highly qualified,1,no,yes,Yes
no checking account,26,critical account / other credits existing,car (used),1995,unknown / no savings,4 - 7 years,4,male : single,none,4,car or other,44,none,own,2,skilled employee / official,2,yes,yes,No
no checking account,36,delay in paying off,furniture/equipment,7678,500 - 1000 DM,4 - 7 years,2,female : divorced/separated/married,none,4,car or other,40,none,own,2,skilled employee / official,1,yes,yes,No
< 0 DM,36,critical account / other credits existing,furniture/equipment,5371,< 100 DM,1 - 4 years,3,male : single,guarantor,2,building society savings / life insurance,28,none,own,2,skilled employee / official,1,no,yes,No
no checking account,24,critical account / other credits existing,furniture/equipment,1585,< 100 DM,4 - 7 years,4,male : single,none,3,building society savings / life insurance,,none,own,2,skilled employee / official,1,no,yes,No
no checking account,48,delay in paying off,radio/television,12749,500 - 1000 DM,4 - 7 years,4,male : single,none,1,car or other,37,none,own,1,management / self-employed / highly qualified,1,yes,yes,No
no checking account,51,critical account / other credits existing,car (used),10348,100 - 500 DM,,1,female : divorced/separated/married,none,4,car or other,23,bank,rent,2,unskilled - resident,1,no,yes,Yes
0 - 200 DM,24,existing credits paid back duly,radio/television,,100 - 500 DM,< 1 year,2,male : single,none,1,car or other,29,none,own,1,skilled employee / official,1,no,yes,No
0 - 200 DM,23,critical account / other credits existing,furniture/equipment,2956,>= 1000 DM,4 - 7 years,3,male : single,none,1,car or other,34,none,own,1,skilled employee / official,1,yes,yes,No
no checking account,27,existing credits paid back duly,furniture/equipment,5308,100 - 500 DM,1 - 4 years,4,male : single,none,1,car or other,28,stores,own,1,skilled employee / official,1,no,yes,No
0 - 200 DM,10,existing credits paid back duly,repairs,1456,< 100 DM,1 - 4 years,4,male : single,guarantor,2,real estate,34,none,own,1,skilled employee / official,1,yes,no,No
no checking account,58,critical account / other credits existing,car (new),13421,unknown / no savings,>= 7 years,3,male : single,none,4,unknown / no property,64,bank,for free,1,management / self-employed / highly qualified,1,yes,yes,No
no checking account,26,critical account / other credits existing,furniture/equipment,3882,>= 1000 DM,4 - 7 years,3,male : single,none,4,real estate,48,none,own,1,skilled employee / official,2,yes,yes,No
0 - 200 DM,27,delay in paying off,radio/television,1413,100 - 500 DM,4 - 7 years,3,female : divorced/separated/married,none,2,building society savings / life insurance,20,none,rent,2,skilled employee / official,1,yes,yes,No
< 0 DM,,existing credits paid back duly,car (used),5729,< 100 DM,>= 7 years,3,male : single,none,4,unknown / no property,44,none,for free,1,skilled employee / official,2,no,yes,No
no checking account,36,existing credits paid back duly,car (used),4686,< 100 DM,1 - 4 years,2,male : single,none,2,unknown / no property,32,none,for free,1,management / self-employed / highly qualified,1,yes,yes,No
0 - 200 DM,,delay in paying off,education,3797,unknown / no savings,>= 7 years,2,male : single,none,3,car or other,38,none,own,1,management / self-employed / highly qualified,1,no,yes,No
0 - 200 DM,10,existing credits paid back duly,radio/television,805,< 100 DM,1 - 4 years,4,male : married/widowed,none,3,real estate,40,none,own,1,unskilled - resident,1,no,yes,No
no checking account,36,critical account / other credits existing,furniture/equipment,7127,< 100 DM,< 1 year,2,female : divorced/separated/married,none,4,building society savings / life insurance,23,none,rent,2,skilled employee / official,1,yes,yes,Yes
no checking account,16,existing credits paid back duly,furniture/equipment,2299,< 100 DM,1 - 4 years,3,male : single,none,4,real estate,43,none,own,1,skilled employee / official,1,yes,yes,No
0 - 200 DM,25,existing credits paid back duly,radio/television,2059,< 100 DM,>= 7 years,4,female : divorced/separated/married,none,3,car or other,22,none,rent,1,skilled employee / official,1,yes,yes,No
no checking account,26,critical account / other credits existing,business,4808,< 100 DM,1 - 4 years,4,male : single,none,1,real estate,76,none,own,1,management / self-employed / highly qualified,1,yes,yes,No
< 0 DM,18,existing credits paid back duly,furniture/equipment,1021,< 100 DM,unemployed,3,female : divorced/separated/married,none,1,car or other,32,none,own,1,skilled employee / official,1,no,yes,Yes
no checking account,10,critical account / other credits existing,others,1292,500 - 1000 DM,1 - 4 years,2,female : divorced/separated/married,none,4,unknown / no property,39,none,rent,1,skilled employee / official,1,yes,yes,No
0 - 200 DM,24,delay in paying off,radio/television,6403,< 100 DM,< 1 year,1,male : single,none,2,car or other,33,none,own,1,skilled employee / official,1,no,yes,No
0 - 200 DM,23,critical account / other credits existing,radio/television,1242,100 - 500 DM,1 - 4 years,4,male : single,none,4,unknown / no property,38,bank,own,2,skilled employee / official,2,no,yes,Yes
no checking account,24,critical account / other credits existing,car (used),6842,unknown / no savings,1 - 4 years,2,male : single,none,4,building society savings / life insurance,46,none,own,2,management / self-employed / highly qualified,2,yes,yes,No
no checking account,14,existing credits paid back duly,car (new),4627,500 - 1000 DM,>= 7 years,1,female : divorced/separated/married,none,3,unknown / no property,36,none,for free,2,management / self-employed / highly qualified,1,no,yes,No
0 - 200 DM,9,critical account / other credits existing,retraining,944,unknown / no savings,4 - 7 years,1,female : divorced/separated/married,none,2,building society savings / life insurance,36,none,own,2,unskilled - resident,1,no,yes,No
0 - 200 DM,18,existing credits paid back duly,furniture/equipment,3001,< 100 DM,4 - 7 years,2,female : divorced/separated/married,none,4,real estate,40,none,rent,1,skilled employee / official,1,no,yes,No
< 0 DM,24,critical account / other credits existing,car (used),6419,< 100 DM,>= 7 years,2,female : divorced/separated/married,none,4,unknown / no property,44,none,for free,2,management / self-employed / highly qualified,2,yes,yes,No
>= 200 DM,8,delay in paying off,car (new),764,100 - 500 DM,unemployed,1,female : divorced/separated/married,none,4,real estate,52,none,own,1,unemployed / unskilled - non-resident,1,yes,yes,No
0 - 200 DM,21,all credits paid back duly,education,1715,< 100 DM,4 - 7 years,4,male : married/widowed,none,4,unknown / no property,36,bank,for free,1,skilled employee / official,1,no,yes,Yes
< 0 DM,21,existing credits paid back duly,car (new),3763,unknown / no savings,4 - 7 years,2,male : single,co-applicant,2,real estate,24,none,own,1,unskilled - resident,1,no,no,No
0 - 200 DM,19,critical account / other credits existing,business,1971,unknown / no savings,1 - 4 years,3,male : married/widowed,none,3,real estate,28,bank,own,3,skilled employee / official,1,no,yes,No
no checking account,24,critical account / other credits existing,education,2202,unknown / no savings,1 - 4 years,2,female : divorced/separated/married,none,2,car or other,35,none,own,2,skilled employee / official,1,no,yes,No
no checking account,54,no credits taken,car (used),9436,unknown / no savings,1 - 4 years,2,male : single,none,2,building society savings / life insurance,39,none,own,1,unskilled - resident,2,no,yes,No
< 0 DM,15,all credits paid back duly,car (new),1332,< 100 DM,4 - 7 years,4,male : single,none,3,unknown / no property,34,none,rent,3,unskilled - resident,2,no,yes,Yes
no checking account,59,delay in paying off,radio/television,15082,< 100 DM,4 - 7 years,2,male : divorced/separated,none,4,car or other,19,none,own,2,management / self-employed / highly qualified,2,yes,yes,No
0 - 200 DM,42,all credits paid back duly,car (used),10672,< 100 DM,,1,male : single,none,1,unknown / no property,55,bank,for free,1,management / self-employed / highly qualified,1,yes,yes,No
< 0 DM,12,existing credits paid back duly,car (new),,< 100 DM,< 1 year,4,male : single,none,1,real estate,33,none,own,1,unskilled - resident,2,no,yes,Yes
no checking account,36,critical account / other credits existing,car (new),,< 100 DM,1 - 4 years,4,female : divorced/separated/married,none,2,real estate,25,stores,own,2,skilled employee / official,1,yes,yes,Yes
0 - 200 DM,19,delay in paying off,business,2573,unknown / no savings,,3,male : single,none,1,building society savings / life insurance,39,none,own,2,skilled employee / official,1,no,yes,No
no checking account,25,critical account / other credits existing,car (new),1938,>= 1000 DM,>= 7 years,3,male : single,none,3,real estate,57,none,own,1,skilled employee / official,1,no,yes,No
0 - 200 DM,18,delay in paying off,car (new),3971,< 100 DM,>= 7 years,1,female : divorced/separated/married,none,4,real estate,36,bank,rent,3,skilled employee / official,1,yes,yes,Yes
0 - 200 DM,20,critical account / other credits existing,education,1072,< 100 DM,>= 7 years,3,male : single,guarantor,4,real estate,31,bank,own,2,skilled employee / official,1,no,no,Yes
0 - 200 DM,24,delay in paying off,business,6967,100 - 500 DM,4 - 7 years,4,male : single,none,4,car or other,36,none,rent,1,management / self-employed / highly qualified,1,yes,yes,No
no checking account,19,existing credits paid back duly,radio/television,1406,< 100 DM,< 1 year,4,female : divorced/separated/married,none,1,real estate,27,none,own,1,skilled employee / official,1,no,yes,No
< 0 DM,13,all credits paid back duly,car (new),1632,< 100 DM,unemployed,3,male : single,none,2,real estate,37,none,own,1,skilled employee / official,2,no,yes,No
0 - 200 DM,12,existing credits paid back duly,radio/television,,< 100 DM,1 - 4 years,4,male : single,none,3,real estate,25,none,own,2,skilled employee / official,1,no,yes,No
no checking account,47,critical account / other credits existing,car (used),2610,unknown / no savings,>= 7 years,4,male : single,none,2,car or other,38,none,own,2,skilled employee / official,2,yes,yes,No
no checking account,13,existing credits paid back duly,radio/television,3047,< 100 DM,1 - 4 years,2,male : single,none,3,building society savings / life insurance,54,none,own,1,skilled employee / official,2,yes,yes,No
no checking account,6,existing credits paid back duly,furniture/equipment,2706,>= 1000 DM,< 1 year,2,male : single,none,2,car or other,29,none,own,1,skilled employee / official,1,yes,yes,No
0 - 200 DM,18,critical account / other credits existing,furniture/equipment,1928,< 100 DM,< 1 year,2,male : single,none,2,real estate,31,none,own,2,unskilled - resident,1,no,yes,Yes
0 - 200 DM,36,delay in paying off,car (new),8086,100 - 500 DM,>= 7 years,2,male : single,none,4,car or other,42,none,own,4,management / self-employed / highly qualified,1,yes,yes,Yes
< 0 DM,21,critical account / other credits existing,car (new),4621,< 100 DM,>= 7 years,2,male : single,none,4,unknown / no property,,none,for free,4,management / self-employed / highly qualified,1,yes,yes,No
< 0 DM,17,existing credits paid back duly,furniture/equipment,2261,< 100 DM,unemployed,3,male : single,none,1,car or other,28,none,own,2,unemployed / unskilled - non-resident,1,no,yes,Yes
0 - 200 DM,49,existing credits paid back duly,car (new),7270,100 - 500 DM,4 - 7 years,3,male : single,none,3,building society savings / life insurance,21,none,own,1,unskilled - resident,1,no,yes,Yes
0 - 200 DM,54,no credits taken,business,15945,< 100 DM,< 1 year,3,male : single,none,4,unknown / no property,58,none,rent,1,skilled employee / official,1,yes,yes,Yes
no checking account,12,critical account / other credits existing,radio/television,717,< 100 DM,>= 7 years,4,male : single,none,4,real estate,52,none,own,3,skilled employee / official,1,no,yes,No
< 0 DM,39,critical account / other credits existing,furniture/equipment,14179,unknown / no savings,4 - 7 years,4,male : single,none,4,building society savings / life insurance,30,none,own,2,management / self-employed / highly qualified,1,yes,yes,No
0 - 200 DM,12,existing credits paid back duly,radio/television,625,< 100 DM,< 1 year,4,male : married/widowed,guarantor,1,real estate,26,bank,own,1,unskilled - resident,1,no,yes,No
< 0 DM,48,existing credits paid back duly,radio/television,6758,< 100 DM,1 - 4 years,3,female : divorced/separated/married,none,2,car or other,31,none,own,1,skilled employee / official,1,yes,yes,Yes
0 - 200 DM,41,critical account / other credits existing,car (used),4947,< 100 DM,>= 7 years,4,male : single,none,4,unknown / no property,54,none,for free,1,skilled employee / official,1,no,yes,No
>= 200 DM,15,existing credits paid back duly,business,2687,< 100 DM,4 - 7 years,2,male : single,none,4,building society savings / life insurance,26,none,rent,1,skilled employee / official,1,yes,yes,No
< 0 DM,23,existing credits paid back duly,radio/television,3195,>= 1000 DM,< 1 year,4,female : divorced/separated/married,none,2,car or other,30,bank,own,1,skilled employee / official,1,no,yes,No
0 - 200 DM,21,delay in paying off,others,1940,< 100 DM,>= 7 years,4,female : divorced/separated/married,guarantor,3,real estate,60,none,own,1,skilled employee / official,1,yes,yes,No
< 0 DM,12,existing credits paid back duly,education,3243,< 100 DM,>= 7 years,3,male : single,none,4,unknown / no property,32,none,for free,1,skilled employee / official,1,yes,yes,Yes
0 - 200 DM,31,critical account / other credits existing,radio/television,4164,unknown / no savings,>= 7 years,4,male : single,none,4,building society savings / life insurance,49,stores,own,2,unskilled - resident,1,yes,yes,No
< 0 DM,15,delay in paying off,furniture/equipment,3643,< 100 DM,>= 7 years,1,female : divorced/separated/married,none,4,building society savings / life insurance,27,none,own,2,unskilled - resident,1,no,yes,No
< 0 DM,25,existing credits paid back duly,car (new),1484,< 100 DM,,4,female : divorced/separated/married,none,4,car or other,26,none,rent,2,skilled employee / official,1,no,yes,Yes
0 - 200 DM,18,existing credits paid back duly,repairs,3872,< 100 DM,unemployed,2,female : divorced/separated/married,none,4,car or other,67,none,own,1,skilled employee / official,1,yes,yes,No
no checking account,32,delay in paying off,radio/television,3177,>= 1000 DM,>= 7 years,4,male : single,none,2,car or other,41,none,own,1,skilled employee / official,1,yes,yes,No
0 - 200 DM,45,existing credits paid back duly,radio/television,3474,500 - 1000 DM,1 - 4 years,4,male : single,guarantor,3,building society savings / life insurance,19,none,rent,1,skilled employee / official,1,no,yes,Yes
0 - 200 DM,12,critical account / other credits existing,car (used),1804,100 - 500 DM,,3,male : single,none,4,building society savings / life insurance,44,none,own,1,skilled employee / official,1,no,yes,No
no checking account,24,existing credits paid back duly,furniture/equipment,988,unknown / no savings,>= 7 years,4,male : divorced/separated,none,3,car or other,31,stores,own,1,skilled employee / official,1,yes,yes,No
0 - 200 DM,60,existing credits paid back duly,car (new),14027,< 100 DM,4 - 7 years,4,male : single,none,2,unknown / no property,27,none,own,1,management / self-employed / highly qualified,1,yes,yes,Yes
no checking account,6,existing credits paid back duly,radio/television,1302,100 - 500 DM,>= 7 years,3,male : single,none,4,unknown / no property,,bank,for free,1,skilled employee / official,2,yes,yes,No
no checking account,20,existing credits paid back duly,furniture/equipment,2043,< 100 DM,4 - 7 years,4,female : divorced/separated/married,none,1,real estate,21,none,own,1,skilled employee / official,1,no,yes,Yes
>= 200 DM,39,all credits paid back duly,radio/television,4214,< 100 DM,1 - 4 years,1,male : single,none,1,real estate,23,none,own,1,skilled employee / official,1,yes,yes,No
0 - 200 DM,7,existing credits paid back duly,radio/television,1328,< 100 DM,>= 7 years,4,female : divorced/separated/married,none,4,real estate,22,none,own,1,skilled employee / official,1,no,yes,No
no checking account,,critical account / other credits existing,car (new),1704,unknown / no savings,1 - 4 years,4,female : divorced/separated/married,none,1,real estate,43,none,own,3,unskilled - resident,1,no,yes,No
< 0 DM,26,existing credits paid back duly,car (new),1559,unknown / no savings,1 - 4 years,4,female : divorced/separated/married,none,2,building society savings / life insurance,38,none,own,1,skilled employee / official,1,no,no,Yes
no checking account,21,existing credits paid back duly,car (new),1364,< 100 DM,>= 7 years,4,male : single,none,1,real estate,34,none,own,1,management / self-employed / highly qualified,2,yes,yes,No
0 - 200 DM,10,existing credits paid back duly,car (new),808,100 - 500 DM,>= 7 years,4,male : single,none,4,car or other,44,stores,own,1,unskilled - resident,2,no,yes,Yes
< 0 DM,3,critical account / other credits existing,car (new),3152,< 100 DM,1 - 4 years,1,male : single,none,3,real estate,40,none,rent,4,skilled employee / official,2,no,yes,No
< 0 DM,27,existing credits paid back duly,radio/television,1770,< 100 DM,1 - 4 years,3,male : single,none,4,real estate,23,none,rent,1,unskilled - resident,2,no,yes,Yes
no checking account,9,existing credits paid back duly,car (new),1927,unknown / no savings,>= 7 years,4,female : divorced/separated/married,none,4,unknown / no property,53,none,for free,1,management / self-employed / highly qualified,1,no,yes,No
0 - 200 DM,27,existing credits paid back duly,business,2528,< 100 DM,< 1 year,4,female : divorced/separated/married,none,1,building society savings / life insurance,32,none,own,1,skilled employee / official,2,yes,yes,No
< 0 DM,12,existing credits paid back duly,car (new),759,< 100 DM,4 - 7 years,4,male : single,none,2,real estate,26,none,own,1,skilled employee / official,1,no,yes,Yes
< 0 DM,9,existing credits paid back duly,car (used),3735,< 100 DM,>= 7 years,3,male : single,none,3,unknown / no property,32,none,for free,2,skilled employee / official,1,yes,yes,Yes
0 - 200 DM,16,existing credits paid back duly,retraining,1275,unknown / no savings,1 - 4 years,3,male : single,none,1,building society savings / life insurance,23,none,own,1,skilled employee / official,1,no,yes,No
0 - 200 DM,15,critical account / other credits existing,radio/television,1693,unknown / no savings,>= 7 years,4,male : single,guarantor,4,real estate,48,none,own,2,skilled employee / official,1,yes,yes,No
0 - 200 DM,18,existing credits paid back duly,repairs,2499,100 - 500 DM,< 1 year,2,female : divorced/separated/married,none,1,real estate,27,none,own,2,unskilled - resident,1,no,no,No
no checking account,12,critical account / other credits existing,radio/television,976,unknown / no savings,>= 7 years,4,male : single,none,4,car or other,35,none,own,2,skilled employee / official,1,no,yes,No
0 - 200 DM,26,delay in paying off,radio/television,7348,< 100 DM,< 1 year,1,male : single,none,2,car or other,34,none,own,2,skilled employee / official,1,no,yes,No
no checking account,24,delay in paying off,car (used),2595,< 100 DM,1 - 4 years,2,male : single,none,1,real estate,27,stores,own,3,unskilled - resident,1,no,yes,No
< 0 DM,13,existing credits paid back duly,car (new),794,< 100 DM,1 - 4 years,4,male : single,none,2,real estate,24,none,own,1,skilled employee / official,1,no,yes,Yes
no checking account,12,critical account / other credits existing,radio/television,1655,< 100 DM,>= 7 years,2,male : single,none,4,real estate,63,none,own,2,unskilled - resident,1,yes,yes,No
no checking account,24,critical account / other credits existing,others,6314,< 100 DM,unemployed,4,male : single,co-applicant,2,unknown / no property,27,bank,own,2,management / self-employed / highly qualified,1,yes,yes,No
< 0 DM,23,critical account / other credits existing,business,1227,100 - 500 DM,4 - 7 years,4,male : single,none,1,real estate,25,none,own,2,skilled employee / official,1,yes,yes,No
no checking account,12,existing credits paid back duly,radio/television,2171,< 100 DM,< 1 year,2,female : divorced/separated/married,none,2,car or other,29,bank,own,1,skilled employee / official,1,no,yes,No
no checking account,48,existing credits paid back duly,business,3914,unknown / no savings,1 - 4 years,4,male : divorced/separated,none,2,real estate,38,bank,own,1,skilled employee / official,1,no,yes,Yes
>= 200 DM,41,no credits taken,business,5398,< 100 DM,1 - 4 years,3,male : divorced/separated,none,1,building society savings / life insurance,33,none,rent,1,skilled employee / official,1,no,yes,No
0 - 200 DM,24,existing credits paid back duly,radio/television,3758,500 - 1000 DM,unemployed,1,female : divorced/separated/married,none,4,unknown / no property,23,none,rent,1,unemployed / unskilled - non-resident,1,no,yes,No
no checking account,8,critical account / other credits existing,furniture/equipment,2558,100 - 500 DM,unemployed,2,male : single,none,3,car or other,,none,for free,1,management / self-employed / highly qualified,1,no,yes,No
0 - 200 DM,32,existing credits paid back duly,car (new),1937,< 100 DM,1 - 4 years,4,female : divorced/separated/married,guarantor,2,unknown / no property,27,bank,own,1,unskilled - resident,1,no,yes,Yes
< 0 DM,12,no credits taken,car (new),1082,< 100 DM,1 - 4 years,4,male : single,none,4,car or other,48,bank,own,2,skilled employee / official,1,no,yes,Yes
>= 200 DM,54,no credits taken,business,16030,100 - 500 DM,< 1 year,3,male : single,none,4,unknown / no property,57,none,rent,1,skilled employee / official,1,yes,yes,Yes
no checking account,38,critical account / other credits existing,retraining,6529,unknown / no savings,>= 7 years,4,male : single,none,4,real estate,36,none,own,3,skilled employee / official,1,no,yes,No
0 - 200 DM,18,critical account / other credits existing,car (new),1056,< 100 DM,>= 7 years,3,male : single,guarantor,3,real estate,30,bank,own,2,skilled employee / official,1,no,yes,Yes
no checking account,24,existing credits paid back duly,retraining,937,< 100 DM,< 1 year,4,male : married/widowed,none,3,car or other,27,none,own,2,unskilled - resident,1,no,yes,No
no checking account,12,critical account / other credits existing,education,2012,unknown / no savings,4 - 7 years,4,female : divorced/separated/married,none,2,car or other,61,none,own,1,skilled employee / official,1,no,yes,No
no checking account,18,existing credits paid back duly,radio/television,1505,< 100 DM,1 - 4 years,4,male : single,none,2,unknown / no property,32,none,for free,1,management / self-employed / highly qualified,1,yes,yes,No
0 - 200 DM,12,existing credits paid back duly,car (new),888,< 100 DM,>= 7 years,4,male : single,none,4,car or other,41,bank,own,1,unskilled - resident,2,no,yes,Yes
no checking account,8,all credits paid back duly,car (new),1207,unknown / no savings,1 - 4 years,4,male : single,guarantor,4,building society savings / life insurance,25,none,own,2,unskilled - resident,1,no,yes,Yes
0 - 200 DM,18,no credits taken,furniture/equipment,3244,< 100 DM,1 - 4 years,1,female : divorced/separated/married,none,4,car or other,33,bank,own,2,skilled employee / official,1,yes,yes,No
no checking account,6,existing credits paid back duly,domestic appliances,,500 - 1000 DM,1 - 4 years,1,male : divorced/separated,none,4,real estate,62,none,own,1,skilled employee / official,1,no,yes,No
no checking account,15,existing credits paid back duly,others,3429,100 - 500 DM,1 - 4 years,1,female : divorced/separated/married,none,4,car or other,25,none,own,1,skilled employee / official,1,yes,yes,No
< 0 DM,6,existing credits paid back duly,car (new),662,< 100 DM,< 1 year,3,male : single,none,4,real estate,41,none,own,1,unskilled - resident,2,yes,yes,No
no checking account,12,existing credits paid back duly,radio/television,1963,< 100 DM,4 - 7 years,4,male : single,none,2,car or other,31,none,rent,2,management / self-employed / highly qualified,2,yes,yes,No
< 0 DM,15,existing credits paid back duly,furniture/equipment,,100 - 500 DM,4 - 7 years,4,male : single,none,3,unknown / no property,56,none,for free,1,management / self-employed / highly qualified,1,yes,yes,Yes
no checking account,8,critical account / other credits existing,car (used),1141,100 - 500 DM,4 - 7 years,1,female : divorced/separated/married,none,2,building society savings / life insurance,25,none,own,2,unskilled - resident,1,no,yes,No
< 0 DM,24,delay in paying off,radio/television,1024,< 100 DM,< 1 year,4,male : married/widowed,none,4,real estate,48,stores,own,1,skilled employee / official,1,no,yes,Yes
< 0 DM,35,critical account / other credits existing,car (used),2512,100 - 500 DM,1 - 4 years,3,male : married/widowed,none,1,building society savings / life insurance,,none,own,2,skilled employee / official,1,yes,yes,No
>= 200 DM,22,existing credits paid back duly,furniture/equipment,3801,< 100 DM,,3,female : divorced/separated/married,none,4,car or other,27,none,own,2,skilled employee / official,1,no,yes,No
no checking account,7,critical account / other credits existing,radio/television,730,unknown / no savings,>= 7 years,4,male : single,none,2,building society savings / life insurance,46,none,rent,2,unskilled - resident,1,yes,yes,No
< 0 DM,18,existing credits paid back duly,furniture/equipment,2285,unknown / no savings,4 - 7 years,4,male : single,none,4,car or other,40,none,own,1,skilled employee / official,1,yes,yes,No
< 0 DM,11,critical account / other credits existing,furniture/equipment,2313,< 100 DM,4 - 7 years,2,male : single,none,4,building society savings / life insurance,58,none,own,2,skilled employee / official,1,no,yes,Yes
0 - 200 DM,8,existing credits paid back duly,furniture/equipment,1237,< 100 DM,1 - 4 years,3,female : divorced/separated/married,none,4,real estate,24,none,own,1,skilled employee / official,1,no,yes,Yes
< 0 DM,24,existing credits paid back duly,furniture/equipment,4169,< 100 DM,1 - 4 years,4,male : single,none,4,building society savings / life insurance,28,none,own,1,skilled employee / official,1,no,yes,No
0 - 200 DM,30,critical account / other credits existing,furniture/equipment,8386,< 100 DM,4 - 7 years,2,male : single,none,2,building society savings / life insurance,,none,own,1,skilled employee / official,1,no,yes,Yes
0 - 200 DM,41,existing credits paid back duly,radio/television,7397,unknown / no savings,4 - 7 years,4,female : divorced/separated/married,none,4,car or other,29,none,own,1,management / self-employed / highly qualified,2,yes,yes,Yes
< 0 DM,35,critical account / other credits existing,furniture/equipment,3816,500 - 1000 DM,4 - 7 years,1,female : divorced/separated/married,none,4,car or other,24,none,own,2,skilled employee / official,1,no,yes,Yes
0 - 200 DM,11,delay in paying off,radio/television,,< 100 DM,4 - 7 years,2,male : single,none,4,building society savings / life insurance,51,none,own,1,skilled employee / official,1,no,yes,No
>= 200 DM,24,existing credits paid back duly,business,3137,100 - 500 DM,,1,female : divorced/separated/married,none,1,car or other,30,bank,own,1,management / self-employed / highly qualified,1,yes,yes,No
0 - 200 DM,12,existing credits paid back duly,furniture/equipment,3017,< 100 DM,< 1 year,3,female : divorced/separated/married,none,1,real estate,34,none,rent,1,management / self-employed / highly qualified,1,no,yes,No
no checking account,42,critical account / other credits existing,furniture/equipment,4042,500 - 1000 DM,1 - 4 years,4,male : single,none,4,real estate,36,none,own,2,skilled employee / official,1,yes,yes,No
no checking account,12,existing credits paid back duly,radio/television,3077,< 100 DM,1 - 4 years,2,male : single,none,4,car or other,52,none,own,1,skilled employee / official,1,yes,yes,No
< 0 DM,30,existing credits paid back duly,car (used),3857,< 100 DM,1 - 4 years,4,male : divorced/separated,none,4,building society savings / life insurance,40,none,own,1,management / self-employed / highly qualified,1,yes,yes,No
no checking account,6,critical account / other credits existing,radio/television,1740,< 100 DM,>= 7 years,2,male : married/widowed,none,2,real estate,30,none,rent,2,skilled employee / official,1,no,yes,No
0 - 200 DM,28,all credits paid back duly,furniture/equipment,3724,>= 1000 DM,1 - 4 years,4,male : single,none,2,car or other,35,stores,for free,1,skilled employee / official,2,yes,yes,No
< 0 DM,16,delay in paying off,education,8984,unknown / no savings,,2,female : divorced/separated/married,none,3,car or other,25,none,rent,3,skilled employee / official,1,yes,yes,No
0 - 200 DM,15,critical account / other credits existing,business,2326,500 - 1000 DM,1 - 4 years,2,male : single,none,4,car or other,27,bank,own,1,skilled employee / official,1,no,yes,No
0 - 200 DM,23,existing credits paid back duly,car (used),5738,unknown / no savings,unemployed,1,male : divorced/separated,none,4,real estate,61,bank,own,2,management / self-employed / highly qualified,1,yes,yes,No
< 0 DM,35,existing credits paid back duly,furniture/equipment,3123,< 100 DM,1 - 4 years,1,male : single,guarantor,3,building society savings / life insurance,37,none,own,1,skilled employee / official,2,no,yes,No
0 - 200 DM,14,delay in paying off,car (new),2134,< 100 DM,1 - 4 years,2,female : divorced/separated/married,none,1,car or other,38,stores,own,1,skilled employee / official,1,yes,yes,No
0 - 200 DM,24,existing credits paid back duly,car (new),2718,< 100 DM,1 - 4 years,3,female : divorced/separated/married,none,4,building society savings / life insurance,20,none,rent,1,unskilled - resident,1,yes,yes,Yes
>= 200 DM,11,delay in paying off,car (new),,< 100 DM,1 - 4 years,4,male : single,none,2,car or other,24,none,own,2,unskilled - resident,2,no,no,No
< 0 DM,18,existing credits paid back duly,radio/television,1882,< 100 DM,1 - 4 years,4,female : divorced/separated/married,none,4,car or other,25,bank,rent,2,skilled employee / official,1,no,yes,Yes
no checking account,18,critical account / other credits existing,car (new),1530,< 100 DM,1 - 4 years,3,male : single,none,2,building society savings / life insurance,32,bank,own,2,skilled employee / official,1,no,yes,Yes
no checking account,9,existing credits paid back duly,radio/television,1478,< 100 DM,4 - 7 years,4,male : single,none,2,car or other,22,none,own,1,skilled employee / official,1,no,yes,Yes
0 - 200 DM,24,existing credits paid back duly,furniture/equipment,4351,unknown / no savings,1 - 4 years,1,female : divorced/separated/married,none,4,building society savings / life insurance,48,none,own,1,unskilled - resident,1,yes,yes,No
< 0 DM,24,existing credits paid back duly,furniture/equipment,3021,< 100 DM,1 - 4 years,2,male : divorced/separated,none,2,real estate,24,none,rent,1,unskilled - resident,1,no,yes,No
< 0 DM,6,critical account / other credits existing,furniture/equipment,3384,< 100 DM,1 - 4 years,1,male : divorced/separated,none,4,real estate,44,none,rent,1,management / self-employed / highly qualified,1,yes,yes,Yes
0 - 200 DM,25,delay in paying off,car (used),5963,< 100 DM,>= 7 years,2,male : single,none,1,car or other,32,none,own,2,management / self-employed / highly qualified,1,yes,yes,No
0 - 200 DM,27,existing credits paid back duly,car (new),1343,< 100 DM,< 1 year,4,female : divorced/separated/married,none,4,building society savings / life insurance,22,none,rent,1,skilled employee / official,1,no,yes,Yes
0 - 200 DM,25,existing credits paid back duly,radio/television,3017,100 - 500 DM,< 1 year,3,male : divorced/separated,none,1,car or other,28,none,own,2,management / self-employed / highly qualified,1,no,yes,No
0 - 200 DM,50,no credits taken,business,12562,unknown / no savings,1 - 4 years,2,male : single,none,2,building society savings / life insurance,46,bank,own,1,management / self-employed / highly qualified,1,yes,yes,No
no checking account,18,existing credits paid back duly,radio/television,4594,< 100 DM,< 1 year,3,male : single,none,2,car or other,,none,own,1,skilled employee / official,1,yes,yes,No
no checking account,15,delay in paying off,furniture/equipment,960,>= 1000 DM,4 - 7 years,3,female : divorced/separated/married,none,2,building society savings / life insurance,30,none,own,2,skilled employee / official,1,no,yes,No
>= 200 DM,23,critical account / other credits existing,business,1355,>= 1000 DM,1 - 4 years,2,male : divorced/separated,none,4,real estate,36,none,own,3,skilled employee / official,2,yes,yes,No
no checking account,9,existing credits paid back duly,furniture/equipment,1313,< 100 DM,>= 7 years,1,male : single,none,4,car or other,20,none,own,1,skilled employee / official,1,no,yes,No
>= 200 DM,11,critical account / other credits existing,furniture/equipment,2171,< 100 DM,>= 7 years,4,male : single,none,4,building society savings / life insurance,41,none,own,2,skilled employee / official,1,yes,yes,No
no checking account,27,critical account / other credits existing,radio/television,5912,unknown / no savings,4 - 7 years,2,male : single,none,2,building society savings / life insurance,39,none,own,2,skilled employee / official,1,no,yes,No
no checking account,24,existing credits paid back duly,business,1258,< 100 DM,4 - 7 years,4,male : single,none,1,real estate,25,none,own,1,skilled employee / official,1,yes,yes,No
no checking account,11,critical account / other credits existing,car (new),1393,< 100 DM,< 1 year,4,female : divorced/separated/married,none,4,car or other,35,none,own,2,management / self-employed / highly qualified,1,no,yes,No
0 - 200 DM,9,delay in paying off,car (used),1869,100 - 500 DM,< 1 year,2,male : single,none,4,building society savings / life insurance,45,none,own,1,skilled employee / official,2,no,yes,No
< 0 DM,21,existing credits paid back duly,radio/television,2606,< 100 DM,< 1 year,4,female : divorced/separated/married,none,4,building society savings / life insurance,28,none,rent,1,management / self-employed / highly qualified,1,yes,yes,No
>= 200 DM,32,critical account / other credits existing,radio/television,4146,unknown / no savings,>= 7 years,4,male : single,none,3,building society savings / life insurance,52,stores,own,1,unskilled - resident,1,no,yes,No
no checking account,9,existing credits paid back duly,business,1584,< 100 DM,4 - 7 years,2,male : single,none,4,car or other,34,none,own,1,skilled employee / official,2,yes,yes,No
< 0 DM,11,critical account / other credits existing,car (new),4087,< 100 DM,4 - 7 years,2,male : single,none,2,real estate,,none,rent,2,skilled employee / official,2,no,yes,No
no checking account,15,existing credits paid back duly,radio/television,1979,unknown / no savings,>= 7 years,4,male : single,none,2,car or other,35,none,own,1,skilled employee / official,1,no,yes,No
0 - 200 DM,71,existing credits paid back duly,radio/television,5054,100 - 500 DM,4 - 7 years,2,male : married/widowed,none,1,car or other,,none,own,1,skilled employee / official,1,yes,no,Yes
< 0 DM,15,critical account / other credits existing,furniture/equipment,1097,< 100 DM,1 - 4 years,2,male : divorced/separated,none,2,building society savings / life insurance,26,none,own,2,skilled employee / official,1,no,yes,No
< 0 DM,9,critical account / other credits existing,radio/television,1138,< 100 DM,1 - 4 years,4,male : single,none,4,real estate,25,none,own,2,unskilled - resident,1,no,yes,No
0 - 200 DM,6,existing credits paid back duly,radio/television,631,< 100 DM,< 1 year,4,male : married/widowed,none,3,real estate,26,none,own,1,unskilled - resident,1,no,no,No
no checking account,25,critical account / other credits existing,others,7115,< 100 DM,unemployed,4,male : single,co-applicant,1,unknown / no property,30,bank,own,1,management / self-employed / highly qualified,1,yes,yes,No
no checking account,36,existing credits paid back duly,education,,unknown / no savings,1 - 4 years,2,male : single,none,4,unknown / no property,35,none,for free,1,unskilled - resident,2,yes,yes,No
0 - 200 DM,19,critical account / other credits existing,furniture/equipment,,< 100 DM,unemployed,4,male : single,none,4,building society savings / life insurance,41,stores,own,3,management / self-employed / highly qualified,1,yes,yes,No
< 0 DM,36,delay in paying off,business,,< 100 DM,4 - 7 years,2,male : single,none,1,car or other,,none,own,2,skilled employee / official,1,yes,yes,Yes
< 0 DM,9,existing credits paid back duly,domestic appliances,2115,< 100 DM,1 - 4 years,4,female : divorced/separated/married,guarantor,3,building society savings / life insurance,28,stores,own,2,skilled employee / official,1,yes,yes,No
< 0 DM,31,existing credits paid back duly,car (new),3797,< 100 DM,1 - 4 years,4,male : single,none,2,car or other,45,stores,own,2,unskilled - resident,1,no,yes,Yes
no checking account,24,critical account / other credits existing,furniture/equipment,5150,< 100 DM,>= 7 years,4,male : single,none,4,car or other,33,none,own,1,skilled employee / official,1,yes,yes,No
0 - 200 DM,60,delay in paying off,radio/television,9157,unknown / no savings,1 - 4 years,2,male : single,none,2,unknown / no property,,none,for free,1,management / self-employed / highly qualified,1,no,yes,No
no checking account,18,delay in paying off,business,2169,< 100 DM,1 - 4 years,4,male : married/widowed,none,2,car or other,28,none,own,1,skilled employee / official,1,yes,yes,Yes
no checking account,2,critical account / other credits existing,retraining,1428,< 100 DM,4 - 7 years,1,male : single,none,1,real estate,45,bank,own,1,unskilled - resident,2,no,yes,No
< 0 DM,12,no credits taken,radio/television,6199,< 100 DM,1 - 4 years,4,male : single,none,2,building society savings / life insurance,28,none,rent,2,skilled employee / official,1,yes,yes,Yes
no checking account,18,critical account / other credits existing,radio/television,2238,< 100 DM,,2,female : divorced/separated/married,none,1,car or other,25,none,own,2,skilled employee / official,1,no,yes,No
0 - 200 DM,16,delay in paying off,car (new),1023,< 100 DM,unemployed,3,male : single,none,2,building society savings / life insurance,70,none,for free,3,unemployed / unskilled - non-resident,1,yes,yes,No
< 0 DM,6,existing credits paid back duly,furniture/equipment,1374,< 100 DM,1 - 4 years,1,male : single,none,2,real estate,36,bank,own,1,unskilled - resident,1,yes,yes,No
no checking account,25,delay in paying off,car (new),1951,< 100 DM,>= 7 years,4,male : single,none,4,unknown / no property,62,none,for free,3,skilled employee / official,2,yes,yes,No
0 - 200 DM,36,all credits paid back duly,furniture/equipment,8604,100 - 500 DM,< 1 year,4,male : single,co-applicant,2,unknown / no property,,none,rent,1,management / self-employed / highly qualified,1,yes,yes,Yes
0 - 200 DM,24,delay in paying off,furniture/equipment,2064,< 100 DM,unemployed,3,female : divorced/separated/married,none,2,building society savings / life insurance,34,none,own,1,management / self-employed / highly qualified,1,yes,yes,Yes
0 - 200 DM,25,existing credits paid back duly,car (new),1518,< 100 DM,< 1 year,2,female : divorced/separated/married,none,4,car or other,22,none,own,2,unskilled - resident,1,yes,yes,Yes
>= 200 DM,9,existing credits paid back duly,radio/television,745,< 100 DM,1 - 4 years,3,female : divorced/separated/married,none,2,real estate,28,none,own,1,unskilled - resident,1,no,yes,Yes
no checking account,24,existing credits paid back duly,radio/television,1376,500 - 1000 DM,4 - 7 years,4,female : divorced/separated/married,none,1,car or other,28,none,own,1,skilled employee / official,1,no,yes,No
< 0 DM,12,no credits taken,repairs,,< 100 DM,4 - 7 years,4,male : single,none,3,real estate,28,none,own,2,skilled employee / official,1,no,yes,Yes
no checking account,21,critical account / other credits existing,furniture/equipment,2288,< 100 DM,< 1 year,4,female : divorced/separated/married,none,4,building society savings / life insurance,23,none,own,1,skilled employee / official,1,yes,yes,No
0 - 200 DM,22,critical account / other credits existing,car (used),6941,>= 1000 DM,4 - 7 years,2,female : divorced/separated/married,none,4,unknown / no property,29,none,rent,2,skilled employee / official,1,no,yes,No
no checking account,9,existing credits paid back duly,education,1746,< 100 DM,< 1 year,2,female : divorced/separated/married,none,1,unknown / no property,54,none,own,1,skilled employee / official,1,no,yes,No
no checking account,9,existing credits paid back duly,education,1184,100 - 500 DM,>= 7 years,4,male : single,none,4,building society savings / life insurance,45,bank,own,3,skilled employee / official,2,yes,yes,No
no checking account,,critical account / other credits existing,car (used),,>= 1000 DM,1 - 4 years,4,male : single,none,2,real estate,27,none,own,2,skilled employee / official,1,no,yes,No
no checking account,16,critical account / other credits existing,radio/television,935,< 100 DM,unemployed,4,female : divorced/separated/married,none,4,car or other,65,none,own,2,unemployed / unskilled - non-resident,1,no,yes,No
0 - 200 DM,34,existing credits paid back duly,car (used),6058,< 100 DM,,3,male : single,none,2,car or other,35,none,rent,1,management / self-employed / highly qualified,1,yes,yes,No
< 0 DM,28,no credits taken,business,6929,unknown / no savings,unemployed,2,male : single,none,3,car or other,27,bank,own,3,skilled employee / official,1,no,yes,No
0 - 200 DM,18,existing credits paid back duly,radio/television,3213,500 - 1000 DM,< 1 year,1,male : married/widowed,none,3,real estate,25,none,rent,1,skilled employee / official,1,no,yes,No
0 - 200 DM,48,no credits taken,car (new),8358,500 - 1000 DM,< 1 year,1,female : divorced/separated/married,none,1,car or other,30,none,own,2,skilled employee / official,1,no,yes,No
no checking account,10,critical account / other credits existing,radio/television,593,< 100 DM,>= 7 years,4,male : single,none,4,real estate,54,none,own,1,skilled employee / official,1,no,yes,No
< 0 DM,36,delay in paying off,education,6887,< 100 DM,1 - 4 years,4,male : single,none,3,building society savings / life insurance,29,stores,own,1,skilled employee / official,1,yes,yes,Yes
0 - 200 DM,15,no credits taken,car (new),1778,< 100 DM,< 1 year,2,female : divorced/separated/married,none,1,real estate,26,none,rent,2,unemployed / unskilled - non-resident,1,no,yes,Yes
no checking account,22,all credits paid back duly,retraining,874,< 100 DM,< 1 year,3,male : married/widowed,none,2,car or other,28,none,own,1,unskilled - resident,1,no,yes,No
>= 200 DM,14,existing credits paid back duly,radio/television,717,100 - 500 DM,1 - 4 years,3,male : married/widowed,none,2,real estate,31,none,own,1,skilled employee / official,1,no,yes,No
no checking account,10,critical account / other credits existing,radio/television,1449,< 100 DM,1 - 4 years,4,female : divorced/separated/married,none,1,building society savings / life insurance,32,none,own,2,skilled employee / official,1,no,yes,No
< 0 DM,8,critical account / other credits existing,repairs,1404,100 - 500 DM,>= 7 years,3,male : single,guarantor,3,real estate,47,none,own,2,skilled employee / official,2,no,no,No
0 - 200 DM,21,delay in paying off,furniture/equipment,2240,unknown / no savings,< 1 year,4,male : single,none,2,building society savings / life insurance,31,bank,own,2,unskilled - resident,1,no,yes,No
< 0 DM,49,all credits paid back duly,radio/television,7595,< 100 DM,1 - 4 years,2,male : married/widowed,guarantor,1,building society savings / life insurance,35,none,rent,1,management / self-employed / highly qualified,1,yes,yes,Yes
0 - 200 DM,13,no credits taken,radio/television,368,>= 1000 DM,< 1 year,4,female : divorced/separated/married,none,3,real estate,42,none,rent,2,skilled employee / official,1,no,yes,No
>= 200 DM,23,critical account / other credits existing,radio/television,2788,100 - 500 DM,>= 7 years,2,male : single,none,4,building society savings / life insurance,,none,own,1,skilled employee / official,2,yes,yes,No
< 0 DM,18,delay in paying off,education,8471,unknown / no savings,1 - 4 years,1,female : divorced/separated/married,none,2,car or other,23,none,rent,2,skilled employee / official,1,yes,yes,No
no checking account,9,delay in paying off,repairs,1497,>= 1000 DM,,4,male : single,none,4,unknown / no property,56,none,for free,3,skilled employee / official,2,yes,yes,Yes
< 0 DM,9,existing credits paid back duly,radio/television,574,500 - 1000 DM,4 - 7 years,3,male : married/widowed,none,1,building society savings / life insurance,22,none,own,1,skilled employee / official,1,no,yes,Yes
no checking account,12,existing credits paid back duly,radio/television,776,< 100 DM,1 - 4 years,4,male : married/widowed,none,2,real estate,28,none,own,1,skilled employee / official,1,no,yes,No
< 0 DM,26,no credits taken,domestic appliances,2316,100 - 500 DM,4 - 7 years,2,male : single,none,2,car or other,35,bank,own,2,skilled employee / official,1,no,yes,No
no checking account,22,existing credits paid back duly,radio/television,2675,500 - 1000 DM,>= 7 years,3,male : single,none,4,car or other,40,none,own,1,skilled employee / official,1,no,yes,No
0 - 200 DM,7,critical account / other credits existing,education,957,< 100 DM,,3,female : divorced/separated/married,none,4,building society savings / life insurance,53,none,own,1,unskilled - resident,1,no,yes,No
no checking account,22,existing credits paid back duly,car (new),1283,unknown / no savings,4 - 7 years,4,female : divorced/separated/married,none,4,building society savings / life insurance,25,none,rent,1,skilled employee / official,1,no,yes,No
no checking account,5,existing credits paid back duly,business,3448,< 100 DM,4 - 7 years,1,male : single,none,4,real estate,74,none,own,1,unskilled - resident,1,no,yes,No
no checking account,6,all credits paid back duly,radio/television,1750,500 - 1000 DM,>= 7 years,2,male : single,none,4,building society savings / life insurance,45,bank,own,1,unskilled - resident,2,no,yes,No
< 0 DM,24,existing credits paid back duly,car (used),2812,unknown / no savings,>= 7 years,2,female : divorced/separated/married,none,4,real estate,26,none,rent,1,skilled employee / official,1,no,yes,No
no checking account,18,all credits paid back duly,car (new),5847,< 100 DM,>= 7 years,3,male : single,none,4,unknown / no property,40,bank,own,3,skilled employee / official,2,yes,yes,Yes
>= 200 DM,15,existing credits paid back duly,education,1905,< 100 DM,>= 7 years,4,male : single,none,4,car or other,40,none,rent,1,management / self-employed / highly qualified,1,yes,yes,No
no checking account,18,existing credits paid back duly,radio/television,433,< 100 DM,unemployed,3,female : divorced/separated/married,co-applicant,4,real estate,22,none,rent,1,skilled employee / official,1,no,yes,Yes
< 0 DM,9,critical account / other credits existing,car (new),2799,< 100 DM,,2,male : single,none,2,real estate,36,none,rent,2,skilled employee / official,2,no,yes,No
>= 200 DM,8,existing credits paid back duly,radio/television,1178,< 100 DM,>= 7 years,4,male : single,none,3,car or other,31,none,own,2,skilled employee / official,2,no,yes,No
0 - 200 DM,17,existing credits paid back duly,business,1997,>= 1000 DM,1 - 4 years,4,male : single,none,1,building society savings / life insurance,35,none,own,1,unskilled - resident,1,yes,yes,No
< 0 DM,42,existing credits paid back duly,radio/television,3965,< 100 DM,< 1 year,4,male : single,none,3,car or other,34,none,own,1,skilled employee / official,1,no,yes,Yes
no checking account,30,critical account / other credits existing,car (used),7596,unknown / no savings,>= 7 years,1,male : single,none,4,car or other,63,none,own,2,skilled employee / official,1,no,yes,No
no checking account,12,existing credits paid back duly,business,4830,100 - 500 DM,1 - 4 years,3,male : single,none,2,building society savings / life insurance,40,none,own,1,management / self-employed / highly qualified,1,yes,yes,Yes
no checking account,25,critical account / other credits existing,radio/television,2070,< 100 DM,4 - 7 years,4,male : married/widowed,guarantor,3,car or other,36,none,own,2,unskilled - resident,1,yes,yes,No
no checking account,15,delay in paying off,radio/television,1478,< 100 DM,1 - 4 years,4,male : married/widowed,none,3,real estate,33,bank,own,2,skilled employee / official,1,no,yes,No
0 - 200 DM,20,critical account / other credits existing,radio/television,1340,100 - 500 DM,< 1 year,4,male : married/widowed,none,3,unknown / no property,36,none,own,1,skilled employee / official,1,no,yes,Yes
0 - 200 DM,31,critical account / other credits existing,furniture/equipment,8490,< 100 DM,4 - 7 years,1,male : single,none,2,real estate,47,none,own,1,skilled employee / official,1,no,yes,Yes
< 0 DM,11,existing credits paid back duly,car (new),,< 100 DM,< 1 year,4,female : divorced/separated/married,none,1,car or other,24,none,rent,1,skilled employee / official,2,no,yes,Yes
no checking account,24,existing credits paid back duly,radio/television,1901,100 - 500 DM,1 - 4 years,4,male : single,none,4,car or other,29,none,rent,1,management / self-employed / highly qualified,1,yes,yes,No
0 - 200 DM,39,delay in paying off,education,11760,100 - 500 DM,4 - 7 years,2,male : single,none,3,unknown / no property,32,none,rent,1,skilled employee / official,1,yes,yes,No
0 - 200 DM,36,existing credits paid back duly,education,3711,unknown / no savings,1 - 4 years,2,male : married/widowed,none,2,car or other,,none,own,1,skilled employee / official,1,no,yes,No
no checking account,18,critical account / other credits existing,car (new),1055,< 100 DM,< 1 year,4,female : divorced/separated/married,none,1,building society savings / life insurance,30,none,own,2,skilled employee / official,1,no,yes,No
0 - 200 DM,9,existing credits paid back duly,radio/television,2798,100 - 500 DM,4 - 7 years,3,female : divorced/separated/married,none,1,real estate,27,none,own,1,skilled employee / official,1,no,no,No
0 - 200 DM,3,all credits paid back duly,education,373,>= 1000 DM,< 1 year,3,female : divorced/separated/married,none,2,building society savings / life insurance,22,bank,rent,1,skilled employee / official,2,no,yes,Yes
0 - 200 DM,3,all credits paid back duly,education,371,>= 1000 DM,< 1 year,4,female : divorced/separated/married,none,2,building society savings / life insurance,27,bank,rent,1,unskilled - resident,2,no,yes,Yes
no checking account,63,existing credits paid back duly,car (new),11282,100 - 500 DM,4 - 7 years,2,male : single,none,4,car or other,,none,own,1,management / self-employed / highly qualified,2,yes,yes,No
no checking account,12,existing credits paid back duly,car (new),3336,unknown / no savings,1 - 4 years,2,male : single,none,2,unknown / no property,32,none,own,1,skilled employee / official,2,no,yes,No
< 0 DM,43,existing credits paid back duly,radio/television,1705,< 100 DM,1 - 4 years,4,male : single,none,4,unknown / no property,22,none,for free,1,skilled employee / official,1,yes,yes,Yes
0 - 200 DM,16,all credits paid back duly,car (new),6803,100 - 500 DM,unemployed,1,female : divorced/separated/married,none,3,building society savings / life insurance,32,none,own,1,skilled employee / official,2,no,yes,Yes
0 - 200 DM,15,delay in paying off,radio/television,987,< 100 DM,4 - 7 years,4,male : single,guarantor,4,real estate,,none,own,2,skilled employee / official,1,no,no,No
0 - 200 DM,27,existing credits paid back duly,car (new),1365,< 100 DM,< 1 year,4,male : single,none,3,real estate,25,stores,own,1,unskilled - resident,1,no,yes,Yes
0 - 200 DM,17,no credits taken,car (new),2029,100 - 500 DM,< 1 year,4,female : divorced/separated/married,none,2,car or other,25,none,own,1,skilled employee / official,2,no,no,Yes
0 - 200 DM,48,existing credits paid back duly,others,5381,unknown / no savings,unemployed,3,male : single,none,4,unknown / no property,40,bank,for free,1,unemployed / unskilled - non-resident,1,yes,yes,No
< 0 DM,48,existing credits paid back duly,car (new),3931,< 100 DM,4 - 7 years,4,male : single,none,4,unknown / no property,46,none,for free,1,skilled employee / official,2,no,yes,Yes
< 0 DM,30,existing credits paid back duly,furniture/equipment,2406,< 100 DM,4 - 7 years,4,female : divorced/separated/married,none,4,real estate,23,none,rent,1,skilled employee / official,1,no,yes,Yes
no checking account,18,existing credits paid back duly,radio/television,1324,100 - 500 DM,< 1 year,3,male : married/widowed,none,4,real estate,37,none,own,1,skilled employee / official,1,yes,yes,No
no checking account,24,existing credits paid back duly,radio/television,999,unknown / no savings,>= 7 years,4,male : single,none,2,car or other,25,none,own,2,skilled employee / official,1,no,yes,No
< 0 DM,13,existing credits paid back duly,car (new),1516,100 - 500 DM,1 - 4 years,1,female : divorced/separated/married,none,3,car or other,27,none,own,1,skilled employee / official,1,no,yes,No
no checking account,36,existing credits paid back duly,car (new),3079,unknown / no savings,1 - 4 years,4,male : single,none,4,real estate,36,none,own,1,skilled employee / official,1,no,yes,No
no checking account,15,critical account / other credits existing,radio/television,1360,< 100 DM,1 - 4 years,4,male : single,none,2,building society savings / life insurance,31,none,own,2,skilled employee / official,1,no,yes,No
no checking account,12,critical account / other credits existing,radio/television,1291,< 100 DM,,4,female : divorced/separated/married,none,2,building society savings / life insurance,35,none,own,2,skilled employee / official,1,no,yes,No
no checking account,6,existing credits paid back duly,car (used),1236,500 - 1000 DM,1 - 4 years,2,male : single,none,4,building society savings / life insurance,50,none,rent,1,skilled employee / official,1,no,yes,No
< 0 DM,12,existing credits paid back duly,radio/television,709,< 100 DM,>= 7 years,4,male : single,none,4,real estate,57,stores,own,1,unskilled - resident,1,no,yes,Yes
>= 200 DM,10,existing credits paid back duly,domestic appliances,1225,< 100 DM,1 - 4 years,2,male : single,none,2,car or other,37,none,own,1,skilled employee / official,1,yes,yes,No
< 0 DM,21,all credits paid back duly,furniture/equipment,3267,100 - 500 DM,1 - 4 years,1,female : divorced/separated/married,guarantor,4,car or other,23,bank,rent,1,skilled employee / official,1,no,no,No
< 0 DM,15,existing credits paid back duly,radio/television,,< 100 DM,< 1 year,4,male : married/widowed,none,2,real estate,27,none,own,1,skilled employee / official,1,no,no,No
no checking account,19,existing credits paid back duly,radio/television,1408,< 100 DM,1 - 4 years,4,male : single,none,1,unknown / no property,34,none,for free,1,management / self-employed / highly qualified,1,no,yes,No
no checking account,22,critical account / other credits existing,car (used),2301,< 100 DM,4 - 7 years,4,male : single,none,4,car or other,36,none,own,2,skilled employee / official,1,yes,yes,No
0 - 200 DM,15,existing credits paid back duly,business,840,100 - 500 DM,4 - 7 years,3,female : divorced/separated/married,none,4,building society savings / life insurance,25,none,rent,2,unemployed / unskilled - non-resident,1,no,yes,No
0 - 200 DM,18,critical account / other credits existing,radio/television,1245,< 100 DM,1 - 4 years,4,male : married/widowed,none,2,car or other,33,none,own,1,skilled employee / official,1,no,yes,Yes
< 0 DM,16,critical account / other credits existing,car (new),2625,< 100 DM,>= 7 years,2,male : single,guarantor,4,building society savings / life insurance,43,bank,rent,1,skilled employee / official,1,yes,yes,Yes
< 0 DM,7,existing credits paid back duly,education,2222,< 100 DM,< 1 year,4,male : married/widowed,none,4,car or other,31,none,rent,1,management / self-employed / highly qualified,1,yes,no,No
>= 200 DM,5,delay in paying off,business,1849,100 - 500 DM,1 - 4 years,1,male : single,none,1,real estate,31,none,own,2,unskilled - resident,1,no,yes,No
no checking account,6,critical account / other credits existing,car (new),362,100 - 500 DM,1 - 4 years,4,female : divorced/separated/married,none,4,car or other,52,none,own,2,unskilled - resident,1,no,yes,No
>= 200 DM,10,existing credits paid back duly,car (new),3949,< 100 DM,< 1 year,1,male : single,guarantor,1,building society savings / life insurance,37,none,own,1,unskilled - resident,2,no,yes,No
0 - 200 DM,23,existing credits paid back duly,business,2490,100 - 500 DM,>= 7 years,4,male : divorced/separated,none,2,car or other,58,stores,rent,3,unskilled - resident,1,no,yes,Yes
no checking account,18,existing credits paid back duly,furniture/equipment,1533,< 100 DM,< 1 year,4,male : married/widowed,co-applicant,1,building society savings / life insurance,43,none,own,1,unskilled - resident,2,no,yes,Yes
no checking account,26,delay in paying off,car (new),631,unknown / no savings,>= 7 years,4,male : married/widowed,none,4,car or other,56,none,own,3,management / self-employed / highly qualified,1,yes,yes,No
0 - 200 DM,72,existing credits paid back duly,radio/television,5595,100 - 500 DM,1 - 4 years,2,male : married/widowed,none,2,car or other,24,none,own,1,skilled employee / official,1,no,yes,Yes
no checking account,13,existing credits paid back duly,car (used),3150,500 - 1000 DM,1 - 4 years,1,male : single,co-applicant,2,real estate,35,stores,own,1,skilled employee / official,2,no,yes,No
>= 200 DM,8,existing credits paid back duly,car (new),1531,< 100 DM,1 - 4 years,2,female : divorced/separated/married,none,4,car or other,,none,own,1,skilled employee / official,1,yes,yes,No
0 - 200 DM,0,critical account / other credits existing,car (new),1406,>= 1000 DM,1 - 4 years,4,female : divorced/separated/married,none,3,car or other,40,none,own,2,skilled employee / official,1,no,yes,No
< 0 DM,25,existing credits paid back duly,car (used),2833,< 100 DM,1 - 4 years,4,male : single,guarantor,3,unknown / no property,63,bank,own,1,skilled employee / official,1,yes,yes,No
no checking account,27,existing credits paid back duly,furniture/equipment,4046,< 100 DM,4 - 7 years,3,female : divorced/separated/married,none,4,building society savings / life insurance,24,none,rent,1,skilled employee / official,1,yes,yes,No
no checking account,6,existing credits paid back duly,radio/television,1595,< 100 DM,4 - 7 years,3,male : single,none,2,building society savings / life insurance,51,none,own,1,skilled employee / official,2,no,yes,No
< 0 DM,43,existing credits paid back duly,radio/television,,unknown / no savings,4 - 7 years,4,female : divorced/separated/married,none,4,car or other,,none,own,2,management / self-employed / highly qualified,1,yes,yes,Yes
0 - 200 DM,36,existing credits paid back duly,education,2273,< 100 DM,4 - 7 years,3,male : single,none,1,car or other,32,none,own,2,skilled employee / official,2,no,yes,No
< 0 DM,18,critical account / other credits existing,repairs,1190,< 100 DM,unemployed,2,female : divorced/separated/married,none,4,unknown / no property,55,none,for free,3,unemployed / unskilled - non-resident,2,no,yes,Yes
no checking account,9,critical account / other credits existing,furniture/equipment,1421,< 100 DM,< 1 year,2,male : divorced/separated,none,4,car or other,20,none,rent,2,unskilled - resident,1,no,yes,No
< 0 DM,35,existing credits paid back duly,education,1921,unknown / no savings,>= 7 years,4,male : single,none,4,unknown / no property,43,none,own,2,management / self-employed / highly qualified,1,yes,yes,Yes
0 - 200 DM,6,existing credits paid back duly,radio/television,484,< 100 DM,4 - 7 years,3,male : married/widowed,guarantor,3,real estate,28,bank,own,1,unskilled - resident,1,no,yes,No
>= 200 DM,15,existing credits paid back duly,domestic appliances,2728,< 100 DM,,2,male : single,none,3,building society savings / life insurance,26,none,rent,1,skilled employee / official,1,yes,yes,No
0 - 200 DM,31,all credits paid back duly,furniture/equipment,3198,100 - 500 DM,1 - 4 years,2,female : divorced/separated/married,co-applicant,4,car or other,20,none,rent,1,skilled employee / official,1,no,yes,Yes
no checking account,35,existing credits paid back duly,radio/television,4236,unknown / no savings,>= 7 years,3,female : divorced/separated/married,none,4,real estate,43,none,own,1,unskilled - resident,1,yes,yes,No
0 - 200 DM,19,existing credits paid back duly,radio/television,3352,< 100 DM,< 1 year,2,female : divorced/separated/married,none,4,car or other,23,none,rent,1,skilled employee / official,1,no,no,No
no checking account,26,critical account / other credits existing,car (new),2639,< 100 DM,>= 7 years,4,male : single,none,2,car or other,26,none,own,2,skilled employee / official,1,no,yes,No
no checking account,12,critical account / other credits existing,radio/television,797,unknown / no savings,>= 7 years,4,female : divorced/separated/married,none,3,building society savings / life insurance,33,bank,own,1,unskilled - resident,2,no,yes,Yes
no checking account,12,existing credits paid back duly,car (new),2859,unknown / no savings,unemployed,4,male : single,none,4,unknown / no property,38,none,own,1,management / self-employed / highly qualified,1,yes,yes,No
no checking account,16,existing credits paid back duly,car (used),3313,< 100 DM,4 - 7 years,3,male : single,none,1,car or other,33,none,own,1,skilled employee / official,1,no,yes,No
no checking account,24,delay in paying off,business,2375,500 - 1000 DM,1 - 4 years,4,male : single,none,2,car or other,44,none,own,2,skilled employee / official,2,yes,yes,No
0 - 200 DM,24,existing credits paid back duly,radio/television,2053,< 100 DM,4 - 7 years,2,female : divorced/separated/married,none,1,building society savings / life insurance,22,none,own,3,skilled employee / official,1,yes,yes,Yes
0 - 200 DM,28,critical account / other credits existing,car (new),4581,< 100 DM,unemployed,4,male : married/widowed,none,2,car or other,25,bank,own,2,management / self-employed / highly qualified,1,yes,yes,Yes
< 0 DM,20,existing credits paid back duly,furniture/equipment,2212,unknown / no savings,4 - 7 years,4,male : single,none,4,car or other,39,none,own,1,skilled employee / official,1,yes,yes,No
0 - 200 DM,47,all credits paid back duly,radio/television,3474,< 100 DM,,4,male : single,none,4,real estate,25,none,own,2,skilled employee / official,1,no,yes,Yes
< 0 DM,12,existing credits paid back duly,car (new),767,< 100 DM,>= 7 years,4,male : single,none,4,car or other,44,bank,own,2,unskilled - resident,2,no,yes,Yes
no checking account,22,existing credits paid back duly,radio/television,5513,unknown / no savings,unemployed,1,female : divorced/separated/married,none,1,car or other,43,none,own,2,skilled employee / official,1,yes,yes,Yes
0 - 200 DM,6,all credits paid back duly,education,433,>= 1000 DM,< 1 year,4,female : divorced/separated/married,none,2,building society savings / life insurance,24,bank,rent,1,skilled employee / official,2,no,yes,Yes
no checking account,24,existing credits paid back duly,car (used),6313,unknown / no savings,>= 7 years,3,male : single,none,4,car or other,41,none,own,1,management / self-employed / highly qualified,2,yes,yes,No
no checking account,20,delay in paying off,business,2039,< 100 DM,4 - 7 years,4,male : single,none,1,car or other,34,stores,own,3,skilled employee / official,1,yes,yes,No
no checking account,,existing credits paid back duly,car (new),3518,< 100 DM,1 - 4 years,2,male : single,guarantor,3,building society savings / life insurance,26,none,rent,1,skilled employee / official,1,no,yes,No
0 - 200 DM,27,critical account / other credits existing,radio/television,2520,500 - 1000 DM,1 - 4 years,4,male : single,none,2,building society savings / life insurance,23,none,own,2,unskilled - resident,1,no,yes,Yes
0 - 200 DM,12,existing credits paid back duly,car (new),1232,< 100 DM,4 - 7 years,1,male : divorced/separated,none,2,car or other,35,none,own,1,skilled employee / official,1,no,yes,Yes
no checking account,12,existing credits paid back duly,radio/television,2073,100 - 500 DM,,4,female : divorced/separated/married,co-applicant,2,real estate,28,none,own,1,skilled employee / official,1,no,yes,No
0 - 200 DM,8,existing credits paid back duly,car (new),1701,unknown / no savings,< 1 year,4,male : single,none,3,real estate,36,none,own,2,unskilled - resident,1,no,yes,No
< 0 DM,20,critical account / other credits existing,furniture/equipment,4272,< 100 DM,>= 7 years,1,female : divorced/separated/married,none,4,building society savings / life insurance,24,none,own,2,skilled employee / official,1,no,yes,No
0 - 200 DM,27,existing credits paid back duly,furniture/equipment,4393,< 100 DM,4 - 7 years,3,male : divorced/separated,none,3,car or other,44,none,own,1,skilled employee / official,1,yes,yes,Yes
0 - 200 DM,11,existing credits paid back duly,business,1612,500 - 1000 DM,>= 7 years,1,male : married/widowed,none,3,real estate,35,none,own,1,skilled employee / official,1,yes,yes,No
no checking account,10,critical account / other credits existing,furniture/equipment,2069,unknown / no savings,1 - 4 years,2,male : married/widowed,none,1,car or other,26,none,own,2,skilled employee / official,1,no,no,No
< 0 DM,30,existing credits paid back duly,furniture/equipment,6183,unknown / no savings,4 - 7 years,4,male : single,none,4,building society savings / life insurance,34,none,own,1,skilled employee / official,1,no,yes,Yes
0 - 200 DM,6,critical account / other credits existing,retraining,932,unknown / no savings,4 - 7 years,1,female : divorced/separated/married,none,3,building society savings / life insurance,39,none,own,2,unskilled - resident,1,no,yes,No
< 0 DM,24,existing credits paid back duly,car (new),1285,unknown / no savings,4 - 7 years,4,female : divorced/separated/married,none,4,unknown / no property,32,none,rent,1,skilled employee / official,1,no,yes,Yes
no checking account,15,existing credits paid back duly,car (used),3812,100 - 500 DM,< 1 year,1,female : divorced/separated/married,none,4,car or other,23,none,own,1,skilled employee / official,1,yes,yes,No
< 0 DM,22,existing credits paid back duly,car (used),2557,unknown / no savings,>= 7 years,4,male : divorced/separated,none,4,unknown / no property,47,bank,for free,1,skilled employee / official,2,yes,yes,No
no checking account,21,all credits paid back duly,car (new),2711,500 - 1000 DM,,1,female : divorced/separated/married,none,1,car or other,32,bank,own,1,management / self-employed / highly qualified,1,no,yes,No
no checking account,36,critical account / other credits existing,radio/television,3342,unknown / no savings,>= 7 years,4,male : single,none,2,car or other,51,none,own,1,skilled employee / official,1,yes,yes,No
0 - 200 DM,48,existing credits paid back duly,radio/television,10961,>= 1000 DM,4 - 7 years,1,male : single,co-applicant,2,unknown / no property,27,bank,own,2,skilled employee / official,1,yes,yes,Yes
< 0 DM,22,existing credits paid back duly,furniture/equipment,3629,< 100 DM,1 - 4 years,1,male : married/widowed,none,4,car or other,28,none,rent,1,unskilled - resident,1,no,yes,No
0 - 200 DM,18,existing credits paid back duly,business,1913,>= 1000 DM,< 1 year,3,male : married/widowed,none,3,real estate,36,bank,own,1,skilled employee / official,1,yes,yes,No
no checking account,12,critical account / other credits existing,furniture/equipment,3331,< 100 DM,>= 7 years,2,male : single,none,4,building society savings / life insurance,42,stores,own,1,skilled employee / official,1,no,yes,No
< 0 DM,33,existing credits paid back duly,radio/television,2335,< 100 DM,>= 7 years,1,male : single,guarantor,2,building society savings / life insurance,42,none,own,1,skilled employee / official,2,no,yes,No
< 0 DM,21,existing credits paid back duly,radio/television,2894,< 100 DM,< 1 year,4,female : divorced/separated/married,none,4,building society savings / life insurance,25,none,rent,1,management / self-employed / highly qualified,1,yes,yes,No
< 0 DM,48,no credits taken,car (used),4605,< 100 DM,>= 7 years,3,male : single,none,4,unknown / no property,24,none,for free,2,skilled employee / official,2,no,yes,Yes
0 - 200 DM,9,existing credits paid back duly,retraining,792,>= 1000 DM,>= 7 years,4,female : divorced/separated/married,none,4,building society savings / life insurance,41,bank,own,2,skilled employee / official,2,no,yes,No
< 0 DM,35,delay in paying off,business,1930,< 100 DM,>= 7 years,2,male : single,none,2,car or other,23,none,own,3,skilled employee / official,2,yes,yes,Yes
0 - 200 DM,36,delay in paying off,business,4455,< 100 DM,1 - 4 years,2,male : divorced/separated,none,2,real estate,30,stores,own,2,management / self-employed / highly qualified,1,yes,yes,Yes
>= 200 DM,36,existing credits paid back duly,radio/television,4473,< 100 DM,>= 7 years,4,male : single,none,2,car or other,31,none,own,1,skilled employee / official,1,no,yes,No
< 0 DM,18,critical account / other credits existing,car (new),1549,< 100 DM,>= 7 years,4,male : married/widowed,none,3,car or other,29,none,own,2,unskilled - resident,1,yes,yes,No
0 - 200 DM,9,existing credits paid back duly,radio/television,1754,500 - 1000 DM,,4,male : married/widowed,none,1,real estate,32,none,rent,1,skilled employee / official,1,no,yes,No
0 - 200 DM,47,existing credits paid back duly,furniture/equipment,10977,< 100 DM,< 1 year,2,female : divorced/separated/married,none,2,car or other,23,none,own,1,skilled employee / official,1,yes,yes,Yes
no checking account,12,existing credits paid back duly,radio/television,2279,unknown / no savings,1 - 4 years,4,male : single,none,4,unknown / no property,37,none,for free,1,skilled employee / official,1,yes,yes,No
< 0 DM,23,delay in paying off,radio/television,2710,< 100 DM,,4,male : divorced/separated,none,4,real estate,33,none,own,1,skilled employee / official,1,yes,yes,Yes
0 - 200 DM,35,critical account / other credits existing,radio/television,2271,< 100 DM,>= 7 years,4,male : single,none,4,real estate,35,none,own,2,skilled employee / official,1,no,yes,No
no checking account,39,existing credits paid back duly,education,1550,< 100 DM,< 1 year,4,male : single,none,4,unknown / no property,40,none,for free,1,management / self-employed / highly qualified,1,yes,yes,Yes
>= 200 DM,13,existing credits paid back duly,furniture/equipment,1861,< 100 DM,4 - 7 years,4,male : single,none,2,building society savings / life insurance,36,none,own,1,unskilled - resident,1,no,yes,Yes
0 - 200 DM,18,existing credits paid back duly,education,1239,unknown / no savings,1 - 4 years,4,male : single,none,4,unknown / no property,61,none,for free,1,skilled employee / official,1,no,yes,No
no checking account,10,existing credits paid back duly,radio/television,1924,< 100 DM,1 - 4 years,1,male : single,none,4,building society savings / life insurance,38,none,own,1,skilled employee / official,1,yes,no,No
< 0 DM,16,all credits paid back duly,car (new),4220,500 - 1000 DM,1 - 4 years,3,male : single,none,3,car or other,35,none,own,2,unskilled - resident,2,yes,yes,No
>= 200 DM,21,existing credits paid back duly,car (new),904,100 - 500 DM,>= 7 years,4,male : single,none,3,unknown / no property,41,bank,for free,2,skilled employee / official,2,yes,yes,Yes
< 0 DM,24,existing credits paid back duly,car (used),3685,< 100 DM,>= 7 years,2,female : divorced/separated/married,none,4,car or other,24,none,rent,1,unskilled - resident,1,no,yes,No
0 - 200 DM,48,critical account / other credits existing,furniture/equipment,5096,< 100 DM,1 - 4 years,2,female : divorced/separated/married,none,3,car or other,30,none,own,1,management / self-employed / highly qualified,1,yes,yes,Yes
< 0 DM,13,no credits taken,car (new),1354,100 - 500 DM,4 - 7 years,1,male : married/widowed,none,2,building society savings / life insurance,23,none,rent,1,skilled employee / official,1,no,yes,Yes
0 - 200 DM,12,existing credits paid back duly,radio/television,2178,< 100 DM,4 - 7 years,3,male : single,none,3,real estate,40,none,own,1,unskilled - resident,2,no,yes,No
< 0 DM,24,all credits paid back duly,education,1751,< 100 DM,,4,female : divorced/separated/married,none,4,unknown / no property,33,none,for free,1,unemployed / unskilled - non-resident,1,no,yes,Yes
0 - 200 DM,6,delay in paying off,car (new),1146,< 100 DM,unemployed,3,male : single,none,1,car or other,34,none,own,1,management / self-employed / highly qualified,1,yes,yes,No
no checking account,26,existing credits paid back duly,domestic appliances,3377,100 - 500 DM,4 - 7 years,3,female : divorced/separated/married,none,4,car or other,26,none,own,1,skilled employee / official,1,no,yes,No
no checking account,15,critical account / other credits existing,business,1276,unknown / no savings,4 - 7 years,4,male : single,none,3,unknown / no property,54,none,rent,2,unskilled - resident,1,no,yes,No
< 0 DM,,existing credits paid back duly,radio/television,1515,< 100 DM,< 1 year,2,male : single,none,2,car or other,24,stores,own,1,skilled employee / official,1,no,yes,Yes
>= 200 DM,18,all credits paid back duly,radio/television,1445,unknown / no savings,4 - 7 years,4,male : single,none,4,car or other,49,bank,own,1,unskilled - resident,1,no,yes,No
no checking account,11,critical account / other credits existing,radio/television,1154,100 - 500 DM,unemployed,4,female : divorced/separated/married,none,4,real estate,57,none,own,3,unskilled - resident,1,no,yes,No
no checking account,9,existing credits paid back duly,furniture/equipment,2301,100 - 500 DM,< 1 year,2,female : divorced/separated/married,none,4,building society savings / life insurance,22,none,rent,1,skilled employee / official,1,no,yes,No
no checking account,21,critical account / other credits existing,car (new),1031,< 100 DM,< 1 year,4,female : divorced/separated/married,none,2,real estate,38,none,own,3,skilled employee / official,1,no,yes,No
no checking account,24,critical account / other credits existing,radio/television,2223,100 - 500 DM,>= 7 years,4,male : single,none,4,building society savings / life insurance,52,bank,own,2,skilled employee / official,1,no,yes,No
< 0 DM,16,critical account / other credits existing,repairs,1228,100 - 500 DM,unemployed,2,female : divorced/separated/married,none,4,unknown / no property,53,none,for free,2,unemployed / unskilled - non-resident,2,no,yes,Yes
< 0 DM,24,existing credits paid back duly,car (new),915,unknown / no savings,>= 7 years,4,female : divorced/separated/married,none,2,car or other,29,bank,own,1,skilled employee / official,1,no,yes,Yes
< 0 DM,60,delay in paying off,business,6836,< 100 DM,>= 7 years,3,male : single,none,4,unknown / no property,63,none,own,2,skilled employee / official,1,yes,yes,Yes
no checking account,12,critical account / other credits existing,furniture/equipment,1935,< 100 DM,>= 7 years,4,male : single,none,4,real estate,43,none,own,3,skilled employee / official,1,yes,yes,No
no checking account,12,existing credits paid back duly,car (new),2337,unknown / no savings,>= 7 years,4,male : single,none,2,car or other,51,none,own,1,skilled employee / official,1,yes,yes,No
< 0 DM,39,critical account / other credits existing,education,5971,< 100 DM,1 - 4 years,4,male : single,none,3,unknown / no property,29,bank,own,1,skilled employee / official,1,yes,yes,Yes
no checking account,24,critical account / other credits existing,radio/television,2611,< 100 DM,>= 7 years,4,male : married/widowed,co-applicant,3,real estate,46,none,own,2,skilled employee / official,1,no,yes,No
>= 200 DM,6,critical account / other credits existing,car (new),1299,< 100 DM,1 - 4 years,1,male : single,none,1,real estate,74,none,own,3,unemployed / unskilled - non-resident,2,no,no,No
>= 200 DM,10,existing credits paid back duly,furniture/equipment,1275,< 100 DM,< 1 year,4,female : divorced/separated/married,none,2,building society savings / life insurance,23,none,own,1,skilled employee / official,1,no,yes,No
no checking account,34,critical account / other credits existing,car (used),9962,unknown / no savings,>= 7 years,2,male : single,none,3,unknown / no property,39,none,for free,1,skilled employee / official,1,no,yes,No
no checking account,13,critical account / other credits existing,business,1201,unknown / no savings,>= 7 years,4,male : single,none,4,unknown / no property,60,none,for free,1,unskilled - resident,1,no,yes,No
no checking account,24,existing credits paid back duly,furniture/equipment,5511,100 - 500 DM,1 - 4 years,4,male : single,none,1,car or other,25,stores,own,1,skilled employee / official,1,no,yes,No
no checking account,24,critical account / other credits existing,car (new),1287,>= 1000 DM,>= 7 years,4,female : divorced/separated/married,none,4,real estate,37,none,own,2,skilled employee / official,1,yes,yes,No
< 0 DM,16,existing credits paid back duly,retraining,7324,>= 1000 DM,>= 7 years,1,male : single,none,4,building society savings / life insurance,48,none,for free,1,skilled employee / official,2,no,yes,Yes
0 - 200 DM,34,existing credits paid back duly,car (new),10723,unknown / no savings,1 - 4 years,1,male : single,none,4,unknown / no property,40,none,for free,1,management / self-employed / highly qualified,1,yes,yes,Yes
no checking account,36,existing credits paid back duly,furniture/equipment,3349,< 100 DM,1 - 4 years,4,female : divorced/separated/married,none,2,car or other,28,none,own,1,management / self-employed / highly qualified,1,yes,yes,Yes
0 - 200 DM,22,existing credits paid back duly,car (used),4301,500 - 1000 DM,< 1 year,3,female : divorced/separated/married,none,4,car or other,31,none,rent,1,skilled employee / official,1,no,yes,Yes
no checking account,9,existing credits paid back duly,radio/television,881,100 - 500 DM,1 - 4 years,3,male : married/widowed,none,2,real estate,31,none,own,1,management / self-employed / highly qualified,1,no,yes,No
< 0 DM,,existing credits paid back duly,radio/television,1835,< 100 DM,1 - 4 years,3,female : divorced/separated/married,none,2,real estate,25,none,own,2,skilled employee / official,1,yes,yes,Yes
< 0 DM,,existing credits paid back duly,education,1200,unknown / no savings,1 - 4 years,4,female : divorced/separated/married,none,4,building society savings / life insurance,23,bank,rent,1,skilled employee / official,1,yes,yes,No
no checking account,21,existing credits paid back duly,car (new),2782,500 - 1000 DM,4 - 7 years,1,female : divorced/separated/married,none,2,car or other,31,bank,own,1,management / self-employed / highly qualified,1,no,yes,No
0 - 200 DM,18,existing credits paid back duly,radio/television,866,< 100 DM,1 - 4 years,4,male : married/widowed,guarantor,2,real estate,25,none,own,1,unskilled - resident,1,no,yes,No
0 - 200 DM,,existing credits paid back duly,car (new),14555,unknown / no savings,unemployed,1,male : single,none,2,building society savings / life insurance,23,none,own,1,unemployed / unskilled - non-resident,1,yes,yes,Yes
0 - 200 DM,18,critical account / other credits existing,business,1887,unknown / no savings,1 - 4 years,4,male : married/widowed,none,4,real estate,28,bank,own,2,skilled employee / official,1,no,yes,No
< 0 DM,9,existing credits paid back duly,furniture/equipment,2136,< 100 DM,1 - 4 years,3,male : single,none,2,real estate,25,none,own,1,skilled employee / official,1,no,yes,No
< 0 DM,6,critical account / other credits existing,car (new),4716,unknown / no savings,< 1 year,1,male : single,none,3,real estate,44,none,own,2,unskilled - resident,2,no,yes,No
< 0 DM,16,delay in paying off,furniture/equipment,3571,< 100 DM,>= 7 years,1,female : divorced/separated/married,none,4,building society savings / life insurance,27,none,own,2,skilled employee / official,1,no,yes,No
0 - 200 DM,19,existing credits paid back duly,radio/television,820,< 100 DM,1 - 4 years,3,male : married/widowed,guarantor,1,real estate,22,none,own,1,unskilled - resident,1,no,yes,No
>= 200 DM,33,critical account / other credits existing,radio/television,2853,< 100 DM,>= 7 years,3,male : single,none,4,car or other,46,none,for free,1,skilled employee / official,1,no,yes,No
0 - 200 DM,21,critical account / other credits existing,furniture/equipment,6793,100 - 500 DM,>= 7 years,2,male : single,none,2,unknown / no property,39,none,own,1,skilled employee / official,1,yes,yes,No
0 - 200 DM,6,existing credits paid back duly,car (new),3392,unknown / no savings,< 1 year,2,female : divorced/separated/married,none,1,real estate,36,none,own,1,unskilled - resident,1,no,yes,No
< 0 DM,6,existing credits paid back duly,car (new),1574,unknown / no savings,< 1 year,4,male : single,none,2,real estate,33,none,own,1,unemployed / unskilled - non-resident,1,no,yes,No
no checking account,11,existing credits paid back duly,business,2142,>= 1000 DM,>= 7 years,1,male : divorced/separated,none,2,real estate,28,none,own,1,skilled employee / official,1,yes,yes,No
>= 200 DM,4,existing credits paid back duly,car (new),1494,unknown / no savings,< 1 year,1,male : single,none,2,real estate,29,none,own,1,unskilled - resident,2,no,no,No
no checking account,10,existing credits paid back duly,car (new),1287,unknown / no savings,>= 7 years,4,male : single,co-applicant,2,building society savings / life insurance,45,none,own,1,unskilled - resident,1,no,no,No
no checking account,8,no credits taken,car (new),716,unknown / no savings,4 - 7 years,1,male : single,guarantor,3,real estate,29,stores,own,1,unskilled - resident,2,no,yes,No
< 0 DM,15,no credits taken,car (new),1148,< 100 DM,1 - 4 years,3,male : single,none,3,unknown / no property,47,bank,own,3,skilled employee / official,1,no,yes,Yes
0 - 200 DM,5,delay in paying off,business,1391,100 - 500 DM,>= 7 years,1,male : divorced/separated,none,1,building society savings / life insurance,31,bank,own,2,skilled employee / official,2,no,yes,No
>= 200 DM,12,existing credits paid back duly,furniture/equipment,1474,< 100 DM,< 1 year,4,female : divorced/separated/married,none,1,building society savings / life insurance,33,bank,own,1,management / self-employed / highly qualified,1,yes,yes,No
no checking account,10,existing credits paid back duly,car (used),2848,100 - 500 DM,,1,male : single,co-applicant,2,real estate,32,none,own,1,skilled employee / official,2,no,yes,No
0 - 200 DM,23,existing credits paid back duly,car (used),7234,unknown / no savings,4 - 7 years,4,male : single,none,4,building society savings / life insurance,36,none,rent,2,skilled employee / official,2,yes,yes,No
< 0 DM,36,all credits paid back duly,furniture/equipment,2746,< 100 DM,>= 7 years,4,male : single,none,4,car or other,31,bank,own,1,skilled employee / official,1,no,yes,Yes
no checking account,21,delay in paying off,car (new),-773,unknown / no savings,>= 7 years,4,male : married/widowed,none,4,car or other,53,none,own,2,skilled employee / official,1,yes,yes,No
< 0 DM,9,existing credits paid back duly,furniture/equipment,668,500 - 1000 DM,unemployed,4,female : divorced/separated/married,none,2,car or other,,none,own,1,skilled employee / official,1,no,yes,Yes
0 - 200 DM,,critical account / other credits existing,radio/television,3348,< 100 DM,1 - 4 years,1,female : divorced/separated/married,none,1,real estate,24,none,own,1,unskilled - resident,1,no,no,No
0 - 200 DM,6,existing credits paid back duly,radio/television,1068,< 100 DM,>= 7 years,4,male : single,none,4,car or other,28,none,own,1,skilled employee / official,2,no,yes,No
0 - 200 DM,18,existing credits paid back duly,radio/television,1113,< 100 DM,1 - 4 years,4,female : divorced/separated/married,guarantor,4,real estate,26,none,own,1,unskilled - resident,2,no,yes,No
no checking account,36,critical account / other credits existing,car (new),3535,< 100 DM,4 - 7 years,4,male : single,none,4,car or other,37,none,own,2,skilled employee / official,1,yes,yes,No
no checking account,15,existing credits paid back duly,furniture/equipment,2708,< 100 DM,< 1 year,2,male : single,none,3,building society savings / life insurance,27,bank,own,2,unskilled - resident,1,no,yes,No
0 - 200 DM,12,existing credits paid back duly,repairs,637,< 100 DM,1 - 4 years,4,male : single,none,2,car or other,32,none,own,1,skilled employee / official,1,no,no,Yes
< 0 DM,12,critical account / other credits existing,car (new),2171,< 100 DM,1 - 4 years,4,male : single,none,4,building society savings / life insurance,38,bank,own,2,unskilled - resident,1,no,no,No
no checking account,24,delay in paying off,car (used),8366,500 - 1000 DM,1 - 4 years,3,male : single,none,1,car or other,30,none,own,2,skilled employee / official,1,no,yes,No
< 0 DM,22,delay in paying off,education,3364,100 - 500 DM,< 1 year,2,male : single,none,1,building society savings / life insurance,23,none,own,3,skilled employee / official,1,no,yes,Yes
< 0 DM,15,delay in paying off,radio/television,2335,< 100 DM,1 - 4 years,4,male : single,none,4,real estate,21,none,own,1,unskilled - resident,1,no,no,No
no checking account,12,existing credits paid back duly,furniture/equipment,763,< 100 DM,1 - 4 years,4,female : divorced/separated/married,none,1,real estate,26,none,own,1,skilled employee / official,1,yes,yes,No
no checking account,36,critical account / other credits existing,radio/television,9566,< 100 DM,1 - 4 years,2,female : divorced/separated/married,none,2,car or other,31,stores,own,2,skilled employee / official,1,no,yes,No
no checking account,15,existing credits paid back duly,radio/television,1252,< 100 DM,1 - 4 years,3,male : single,none,1,car or other,25,none,own,2,skilled employee / official,1,no,yes,No
< 0 DM,13,existing credits paid back duly,furniture/equipment,,< 100 DM,1 - 4 years,2,male : single,none,2,real estate,25,none,own,1,skilled employee / official,1,no,yes,No
>= 200 DM,12,delay in paying off,furniture/equipment,1191,< 100 DM,< 1 year,4,female : divorced/separated/married,guarantor,4,real estate,52,none,own,2,skilled employee / official,1,yes,yes,No
no checking account,36,existing credits paid back duly,education,1819,< 100 DM,1 - 4 years,4,male : single,none,4,unknown / no property,37,stores,for free,1,skilled employee / official,1,yes,yes,Yes
no checking account,6,critical account / other credits existing,car (new),7304,< 100 DM,4 - 7 years,2,male : single,none,4,unknown / no property,42,none,own,2,management / self-employed / highly qualified,2,yes,yes,No
>= 200 DM,24,critical account / other credits existing,furniture/equipment,3617,unknown / no savings,>= 7 years,4,male : single,co-applicant,4,unknown / no property,20,none,rent,2,skilled employee / official,1,no,yes,No
< 0 DM,14,existing credits paid back duly,car (new),3973,< 100 DM,unemployed,1,male : single,none,4,unknown / no property,22,none,for free,1,skilled employee / official,1,no,yes,No
0 - 200 DM,24,existing credits paid back duly,radio/television,,< 100 DM,< 1 year,1,male : married/widowed,none,1,building society savings / life insurance,22,none,own,1,skilled employee / official,1,yes,yes,Yes
>= 200 DM,12,critical account / other credits existing,car (new),1480,500 - 1000 DM,unemployed,2,male : single,none,4,unknown / no property,66,bank,for free,3,unemployed / unskilled - non-resident,1,no,yes,No
no checking account,7,existing credits paid back duly,furniture/equipment,4928,< 100 DM,< 1 year,2,female : divorced/separated/married,none,4,building society savings / life insurance,,none,own,1,skilled employee / official,1,no,yes,Yes
>= 200 DM,14,existing credits paid back duly,radio/television,2576,< 100 DM,< 1 year,2,female : divorced/separated/married,none,3,real estate,27,none,own,1,unskilled - resident,1,no,yes,Yes
no checking account,21,existing credits paid back duly,car (used),,unknown / no savings,1 - 4 years,1,male : single,none,3,car or other,26,none,own,1,skilled employee / official,1,no,yes,No
no checking account,11,critical account / other credits existing,education,1275,>= 1000 DM,>= 7 years,3,female : divorced/separated/married,none,4,building society savings / life insurance,40,none,rent,2,unskilled - resident,1,no,yes,No
no checking account,48,critical account / other credits existing,education,6110,< 100 DM,1 - 4 years,1,male : single,none,3,unknown / no property,31,bank,for free,1,skilled employee / official,1,yes,yes,No
no checking account,3,critical account / other credits existing,car (new),3423,< 100 DM,1 - 4 years,2,female : divorced/separated/married,none,1,real estate,37,none,own,1,skilled employee / official,2,no,yes,No
< 0 DM,20,existing credits paid back duly,furniture/equipment,,>= 1000 DM,1 - 4 years,4,male : divorced/separated,none,3,car or other,30,none,own,1,skilled employee / official,1,no,yes,No
0 - 200 DM,11,existing credits paid back duly,car (new),,100 - 500 DM,< 1 year,3,male : single,none,3,building society savings / life insurance,24,bank,own,2,unskilled - resident,1,no,no,Yes
>= 200 DM,27,no credits taken,business,4804,< 100 DM,1 - 4 years,1,male : single,none,3,real estate,39,none,rent,3,unskilled - resident,1,yes,yes,Yes
< 0 DM,15,existing credits paid back duly,car (new),1721,< 100 DM,< 1 year,2,male : single,none,3,real estate,36,none,own,1,skilled employee / official,1,no,yes,No
0 - 200 DM,,delay in paying off,car (new),1730,< 100 DM,,3,female : divorced/separated/married,none,4,building society savings / life insurance,32,none,own,1,skilled employee / official,2,yes,yes,Yes
no checking account,36,critical account / other credits existing,car (used),11054,unknown / no savings,1 - 4 years,4,male : single,none,2,car or other,30,none,own,1,management / self-employed / highly qualified,1,yes,yes,No
0 - 200 DM,9,existing credits paid back duly,education,1199,< 100 DM,4 - 7 years,4,female : divorced/separated/married,none,4,building society savings / life insurance,67,none,own,2,management / self-employed / highly qualified,1,yes,yes,No
0 - 200 DM,24,existing credits paid back duly,radio/television,,100 - 500 DM,< 1 year,3,male : married/widowed,none,2,car or other,22,none,rent,1,skilled employee / official,1,yes,yes,Yes
>= 200 DM,10,existing credits paid back duly,radio/television,1903,< 100 DM,1 - 4 years,2,male : single,none,2,building society savings / life insurance,43,none,rent,1,unskilled - resident,1,yes,yes,No
< 0 DM,20,critical account / other credits existing,repairs,1132,< 100 DM,< 1 year,3,female : divorced/separated/married,none,4,unknown / no property,53,none,for free,2,unemployed / unskilled - non-resident,2,no,yes,Yes
no checking account,24,existing credits paid back duly,radio/television,1278,< 100 DM,>= 7 years,4,male : single,none,1,real estate,36,none,own,1,management / self-employed / highly qualified,1,yes,yes,No
no checking account,22,critical account / other credits existing,radio/television,2540,100 - 500 DM,4 - 7 years,4,male : married/widowed,co-applicant,2,real estate,49,none,own,3,skilled employee / official,1,no,yes,No
< 0 DM,36,critical account / other credits existing,furniture/equipment,4714,100 - 500 DM,1 - 4 years,4,male : single,guarantor,2,building society savings / life insurance,25,none,own,2,skilled employee / official,2,no,yes,No
0 - 200 DM,,existing credits paid back duly,business,2622,100 - 500 DM,1 - 4 years,4,male : single,none,4,car or other,34,none,own,1,skilled employee / official,1,no,yes,No
no checking account,16,critical account / other credits existing,car (used),,>= 1000 DM,>= 7 years,3,male : single,none,4,unknown / no property,20,none,rent,1,skilled employee / official,1,yes,yes,No
no checking account,35,all credits paid back duly,radio/television,2572,500 - 1000 DM,>= 7 years,4,male : single,none,3,building society savings / life insurance,38,none,own,1,skilled employee / official,1,yes,yes,No
no checking account,39,delay in paying off,business,9645,< 100 DM,< 1 year,1,male : divorced/separated,none,2,car or other,28,bank,own,3,skilled employee / official,1,no,yes,Yes
0 - 200 DM,18,delay in paying off,repairs,6204,< 100 DM,1 - 4 years,2,male : single,none,4,real estate,,none,own,1,unskilled - resident,2,yes,yes,No
no checking account,24,critical account / other credits existing,radio/television,5103,< 100 DM,< 1 year,3,male : married/widowed,none,3,unknown / no property,47,none,for free,3,skilled employee / official,1,yes,yes,No
0 - 200 DM,36,all credits paid back duly,domestic appliances,3990,unknown / no savings,< 1 year,3,female : divorced/separated/married,none,2,unknown / no property,29,bank,own,1,unemployed / unskilled - non-resident,1,no,yes,No
no checking account,24,delay in paying off,business,3863,< 100 DM,1 - 4 years,1,male : single,none,2,unknown / no property,32,none,for free,1,skilled employee / official,1,no,yes,No
no checking account,27,existing credits paid back duly,radio/television,3512,500 - 1000 DM,4 - 7 years,4,male : single,none,2,car or other,33,none,own,2,skilled employee / official,1,yes,yes,No
no checking account,25,existing credits paid back duly,radio/television,1752,< 100 DM,>= 7 years,4,male : single,none,2,car or other,34,bank,own,1,skilled employee / official,2,no,yes,No
no checking account,22,existing credits paid back duly,radio/television,3303,100 - 500 DM,>= 7 years,2,male : single,none,3,car or other,28,none,own,2,skilled employee / official,1,no,yes,Yes
>= 200 DM,26,existing credits paid back duly,radio/television,2201,500 - 1000 DM,>= 7 years,3,male : single,none,3,car or other,34,bank,own,3,skilled employee / official,2,yes,yes,Yes
< 0 DM,5,existing credits paid back duly,car (used),1238,100 - 500 DM,unemployed,2,female : divorced/separated/married,none,1,building society savings / life insurance,20,none,rent,2,unemployed / unskilled - non-resident,1,yes,yes,No
0 - 200 DM,17,critical account / other credits existing,furniture/equipment,2005,< 100 DM,< 1 year,1,male : single,none,2,real estate,33,none,own,2,unskilled - resident,1,no,yes,Yes
< 0 DM,36,critical account / other credits existing,car (used),9629,< 100 DM,4 - 7 years,4,male : single,none,4,car or other,24,none,own,2,skilled employee / official,1,yes,yes,Yes
< 0 DM,18,critical account / other credits existing,car (new),3966,< 100 DM,>= 7 years,1,female : divorced/separated/married,none,4,real estate,33,bank,rent,3,skilled employee / official,1,yes,yes,Yes
no checking account,6,existing credits paid back duly,radio/television,,< 100 DM,1 - 4 years,3,female : divorced/separated/married,none,1,real estate,29,none,own,1,skilled employee / official,1,no,yes,No
< 0 DM,31,existing credits paid back duly,repairs,11216,< 100 DM,< 1 year,1,male : divorced/separated,none,1,unknown / no property,31,none,own,1,skilled employee / official,1,yes,yes,Yes
no checking account,12,existing credits paid back duly,car (used),1208,>= 1000 DM,4 - 7 years,4,male : single,none,2,building society savings / life insurance,56,none,own,1,skilled employee / official,1,no,no,No
< 0 DM,20,existing credits paid back duly,car (new),1385,< 100 DM,4 - 7 years,3,male : married/widowed,none,4,real estate,47,none,own,1,unskilled - resident,1,yes,yes,Yes
0 - 200 DM,39,no credits taken,domestic appliances,4575,unknown / no savings,< 1 year,3,female : divorced/separated/married,none,1,unknown / no property,32,bank,own,2,unemployed / unskilled - non-resident,1,no,yes,No
0 - 200 DM,36,delay in paying off,car (new),,100 - 500 DM,>= 7 years,4,male : single,none,3,unknown / no property,30,none,for free,1,skilled employee / official,1,no,yes,No
0 - 200 DM,30,existing credits paid back duly,business,4452,< 100 DM,1 - 4 years,4,male : single,none,3,building society savings / life insurance,,none,own,2,skilled employee / official,2,yes,yes,Yes
0 - 200 DM,6,delay in paying off,car (new),1209,< 100 DM,unemployed,4,male : single,none,4,building society savings / life insurance,47,none,own,1,management / self-employed / highly qualified,1,yes,yes,Yes
>= 200 DM,12,critical account / other credits existing,radio/television,697,unknown / no savings,>= 7 years,3,female : divorced/separated/married,none,3,building society savings / life insurance,36,bank,own,1,unskilled - resident,1,no,yes,Yes
no checking account,22,delay in paying off,car (new),3950,< 100 DM,>= 7 years,4,female : divorced/separated/married,co-applicant,4,unknown / no property,,none,for free,1,management / self-employed / highly qualified,1,yes,yes,No
< 0 DM,4,critical account / other credits existing,car (new),1284,< 100 DM,< 1 year,1,male : single,none,4,real estate,43,bank,own,1,unskilled - resident,2,no,no,No
no checking account,24,critical account / other credits existing,car (used),4042,unknown / no savings,4 - 7 years,3,male : single,none,4,building society savings / life insurance,43,none,own,2,skilled employee / official,1,yes,yes,No
0 - 200 DM,15,critical account / other credits existing,radio/television,2728,unknown / no savings,4 - 7 years,4,male : single,guarantor,2,real estate,35,bank,own,3,skilled employee / official,1,yes,yes,No
0 - 200 DM,36,no credits taken,radio/television,3804,< 100 DM,1 - 4 years,4,female : divorced/separated/married,none,1,car or other,42,none,own,1,skilled employee / official,1,yes,yes,Yes
0 - 200 DM,48,existing credits paid back duly,radio/television,3979,unknown / no savings,4 - 7 years,4,male : single,none,1,car or other,41,none,own,2,skilled employee / official,2,yes,yes,No
0 - 200 DM,22,existing credits paid back duly,others,1132,< 100 DM,>= 7 years,2,female : divorced/separated/married,none,4,building society savings / life insurance,,none,own,2,skilled employee / official,2,yes,yes,Yes
no checking account,24,existing credits paid back duly,radio/television,1533,< 100 DM,< 1 year,4,female : divorced/separated/married,none,3,car or other,,stores,own,1,skilled employee / official,1,yes,yes,No
0 - 200 DM,21,critical account / other credits existing,education,3171,< 100 DM,>= 7 years,3,female : divorced/separated/married,none,4,building society savings / life insurance,38,none,own,1,unskilled - resident,2,yes,yes,No
< 0 DM,23,existing credits paid back duly,others,3380,>= 1000 DM,1 - 4 years,4,female : divorced/separated/married,none,3,car or other,28,bank,own,1,unskilled - resident,1,no,yes,No
0 - 200 DM,20,existing credits paid back duly,furniture/equipment,3256,< 100 DM,4 - 7 years,1,female : divorced/separated/married,none,3,real estate,39,none,rent,1,skilled employee / official,1,no,yes,No
0 - 200 DM,27,delay in paying off,car (used),5965,< 100 DM,>= 7 years,1,male : single,none,2,car or other,30,none,own,2,management / self-employed / highly qualified,1,yes,yes,No
< 0 DM,44,existing credits paid back duly,radio/television,4078,< 100 DM,4 - 7 years,3,male : single,none,2,building society savings / life insurance,28,bank,own,2,skilled employee / official,2,yes,yes,Yes
>= 200 DM,8,existing credits paid back duly,radio/television,2108,100 - 500 DM,1 - 4 years,1,male : single,none,4,real estate,38,none,own,1,skilled employee / official,1,no,no,No
0 - 200 DM,46,delay in paying off,others,8023,100 - 500 DM,unemployed,3,male : single,none,4,unknown / no property,31,none,for free,1,management / self-employed / highly qualified,1,yes,yes,No
0 - 200 DM,12,existing credits paid back duly,radio/television,6468,unknown / no savings,unemployed,2,male : single,none,1,unknown / no property,52,none,own,1,management / self-employed / highly qualified,1,yes,yes,Yes
>= 200 DM,26,critical account / other credits existing,furniture/equipment,5078,>= 1000 DM,< 1 year,3,male : single,none,2,building society savings / life insurance,32,stores,own,3,unskilled - resident,1,yes,yes,No
no checking account,13,existing credits paid back duly,retraining,842,unknown / no savings,4 - 7 years,4,female : divorced/separated/married,none,3,building society savings / life insurance,39,none,own,1,skilled employee / official,1,yes,yes,No
0 - 200 DM,10,existing credits paid back duly,car (used),1856,unknown / no savings,1 - 4 years,4,male : single,none,1,car or other,28,none,own,1,skilled employee / official,1,no,yes,No
< 0 DM,10,existing credits paid back duly,education,2188,< 100 DM,1 - 4 years,3,male : single,none,3,building society savings / life insurance,25,none,own,1,unskilled - resident,1,no,yes,No
0 - 200 DM,12,existing credits paid back duly,radio/television,1092,< 100 DM,1 - 4 years,4,female : divorced/separated/married,guarantor,4,real estate,49,none,own,2,skilled employee / official,1,yes,yes,No
>= 200 DM,9,critical account / other credits existing,car (new),878,500 - 1000 DM,4 - 7 years,4,male : married/widowed,none,2,real estate,29,none,own,2,skilled employee / official,1,yes,yes,Yes
< 0 DM,18,existing credits paid back duly,furniture/equipment,,< 100 DM,< 1 year,1,female : divorced/separated/married,none,4,car or other,22,none,rent,1,skilled employee / official,1,no,yes,No
< 0 DM,24,existing credits paid back duly,domestic appliances,2633,< 100 DM,4 - 7 years,4,male : single,none,4,real estate,66,bank,rent,1,unskilled - resident,1,no,yes,No
< 0 DM,33,existing credits paid back duly,car (used),8992,< 100 DM,1 - 4 years,1,male : single,none,2,building society savings / life insurance,27,none,own,1,skilled employee / official,2,no,yes,Yes
no checking account,5,critical account / other credits existing,radio/television,1806,>= 1000 DM,1 - 4 years,1,male : single,none,3,real estate,34,none,own,3,unskilled - resident,2,no,yes,No
no checking account,10,critical account / other credits existing,car (used),808,< 100 DM,>= 7 years,4,male : single,none,4,real estate,53,none,own,3,skilled employee / official,1,no,yes,No
no checking account,27,delay in paying off,car (used),9316,unknown / no savings,,1,male : divorced/separated,none,4,unknown / no property,47,none,for free,1,skilled employee / official,1,yes,yes,No
< 0 DM,24,existing credits paid back duly,furniture/equipment,4020,< 100 DM,1 - 4 years,2,male : single,none,2,car or other,27,stores,own,1,skilled employee / official,1,no,yes,No
0 - 200 DM,31,existing credits paid back duly,furniture/equipment,4151,< 100 DM,< 1 year,2,male : married/widowed,none,2,building society savings / life insurance,23,none,own,1,skilled employee / official,1,no,yes,No
< 0 DM,25,existing credits paid back duly,car (new),1374,unknown / no savings,,4,female : divorced/separated/married,none,4,real estate,23,none,rent,1,skilled employee / official,1,no,yes,Yes
< 0 DM,25,existing credits paid back duly,furniture/equipment,3220,100 - 500 DM,< 1 year,2,male : divorced/separated,none,3,real estate,27,none,rent,1,unskilled - resident,1,no,yes,No
>= 200 DM,24,critical account / other credits existing,car (new),1344,unknown / no savings,4 - 7 years,4,male : single,none,2,real estate,,bank,own,2,unskilled - resident,2,no,yes,Yes
no checking account,6,existing credits paid back duly,car (new),2582,500 - 1000 DM,>= 7 years,2,male : single,none,4,unknown / no property,52,none,for free,2,unskilled - resident,1,yes,yes,No
< 0 DM,11,existing credits paid back duly,car (new),,unknown / no savings,1 - 4 years,3,male : married/widowed,none,1,car or other,26,none,own,1,skilled employee / official,1,no,yes,Yes
< 0 DM,60,existing credits paid back duly,business,7297,< 100 DM,>= 7 years,4,male : single,co-applicant,4,unknown / no property,,none,rent,1,skilled employee / official,1,no,yes,Yes
no checking account,25,existing credits paid back duly,radio/television,3551,< 100 DM,1 - 4 years,4,female : divorced/separated/married,none,4,building society savings / life insurance,25,none,own,1,skilled employee / official,2,yes,yes,No
no checking account,11,all credits paid back duly,repairs,1305,unknown / no savings,1 - 4 years,3,male : single,guarantor,3,building society savings / life insurance,29,none,own,1,unskilled - resident,1,no,yes,Yes
no checking account,12,existing credits paid back duly,education,719,< 100 DM,>= 7 years,4,male : single,none,4,car or other,41,bank,own,1,unskilled - resident,2,no,yes,Yes
no checking account,18,critical account / other credits existing,radio/television,1582,>= 1000 DM,>= 7 years,4,male : single,none,4,car or other,46,none,own,2,skilled employee / official,1,no,yes,No
< 0 DM,13,existing credits paid back duly,radio/television,806,100 - 500 DM,< 1 year,4,male : married/widowed,none,3,car or other,36,none,own,1,unemployed / unskilled - non-resident,1,yes,yes,Yes
no checking account,10,critical account / other credits existing,radio/television,1265,unknown / no savings,>= 7 years,4,female : divorced/separated/married,none,2,real estate,40,none,own,2,skilled employee / official,1,yes,yes,No
no checking account,6,no credits taken,car (new),1204,100 - 500 DM,1 - 4 years,4,male : single,none,1,unknown / no property,35,bank,rent,1,skilled employee / official,1,no,no,No
no checking account,24,existing credits paid back duly,radio/television,1311,100 - 500 DM,4 - 7 years,4,male : married/widowed,none,3,building society savings / life insurance,26,none,own,1,skilled employee / official,1,yes,yes,No
>= 200 DM,45,all credits paid back duly,business,12971,>= 1000 DM,1 - 4 years,1,male : single,none,1,car or other,47,bank,own,1,management / self-employed / highly qualified,1,yes,no,No
< 0 DM,12,critical account / other credits existing,car (new),691,< 100 DM,>= 7 years,4,male : single,none,3,building society savings / life insurance,35,none,own,2,skilled employee / official,1,no,yes,Yes
no checking account,33,critical account / other credits existing,car (used),7253,< 100 DM,4 - 7 years,3,male : single,none,2,car or other,35,none,own,2,management / self-employed / highly qualified,1,yes,yes,No
< 0 DM,14,delay in paying off,domestic appliances,2326,< 100 DM,1 - 4 years,4,male : single,none,1,building society savings / life insurance,32,none,own,2,skilled employee / official,1,no,yes,No
< 0 DM,6,existing credits paid back duly,car (new),1203,100 - 500 DM,>= 7 years,3,male : single,none,2,building society savings / life insurance,43,none,own,1,skilled employee / official,1,yes,yes,No
no checking account,25,delay in paying off,business,5269,< 100 DM,4 - 7 years,3,male : single,none,4,car or other,28,none,own,1,skilled employee / official,1,no,yes,No
< 0 DM,24,existing credits paid back duly,car (new),5114,< 100 DM,4 - 7 years,2,male : single,co-applicant,3,real estate,29,none,own,2,skilled employee / official,1,yes,yes,Yes
0 - 200 DM,36,critical account / other credits existing,car (new),2820,< 100 DM,< 1 year,4,male : divorced/separated,none,4,car or other,27,none,own,2,skilled employee / official,1,no,yes,Yes
< 0 DM,15,critical account / other credits existing,furniture/equipment,1478,< 100 DM,>= 7 years,4,male : single,none,4,car or other,44,none,own,2,skilled employee / official,2,yes,yes,No
>= 200 DM,15,critical account / other credits existing,car (used),2360,500 - 1000 DM,1 - 4 years,2,male : single,none,2,car or other,36,none,own,1,skilled employee / official,1,yes,yes,No
no checking account,12,critical account / other credits existing,education,2096,< 100 DM,4 - 7 years,2,male : single,none,3,real estate,49,none,own,1,unskilled - resident,2,no,yes,No
no checking account,19,delay in paying off,furniture/equipment,1517,100 - 500 DM,4 - 7 years,4,male : single,none,4,real estate,37,none,own,2,management / self-employed / highly qualified,1,no,yes,No
< 0 DM,24,existing credits paid back duly,radio/television,3211,100 - 500 DM,< 1 year,2,male : married/widowed,none,3,car or other,19,none,rent,1,skilled employee / official,1,yes,yes,Yes
0 - 200 DM,17,critical account / other credits existing,car (new),822,100 - 500 DM,>= 7 years,4,male : single,none,4,car or other,33,bank,own,1,skilled employee / official,2,yes,yes,Yes
< 0 DM,24,delay in paying off,car (new),1333,< 100 DM,unemployed,4,male : single,none,2,real estate,43,none,for free,2,skilled employee / official,2,no,yes,Yes
< 0 DM,12,existing credits paid back duly,furniture/equipment,1657,< 100 DM,1 - 4 years,2,male : single,none,2,real estate,27,none,own,1,skilled employee / official,1,no,yes,No
no checking account,12,all credits paid back duly,radio/television,904,unknown / no savings,1 - 4 years,3,female : divorced/separated/married,none,3,building society savings / life insurance,19,none,own,1,skilled employee / official,1,no,yes,No
< 0 DM,23,all credits paid back duly,car (new),1098,unknown / no savings,4 - 7 years,4,female : divorced/separated/married,none,4,unknown / no property,34,none,rent,1,skilled employee / official,1,no,yes,Yes
no checking account,21,delay in paying off,business,1345,>= 1000 DM,>= 7 years,4,female : divorced/separated/married,none,4,real estate,34,bank,own,1,unskilled - resident,1,no,yes,No
no checking account,36,existing credits paid back duly,furniture/equipment,10974,< 100 DM,unemployed,4,female : divorced/separated/married,none,2,car or other,26,none,own,2,management / self-employed / highly qualified,1,yes,yes,Yes
no checking account,3,critical account / other credits existing,car (new),227,>= 1000 DM,1 - 4 years,2,female : divorced/separated/married,none,3,real estate,,bank,own,1,unskilled - resident,1,no,yes,No
< 0 DM,49,existing credits paid back duly,domestic appliances,2780,100 - 500 DM,1 - 4 years,3,male : single,none,4,car or other,51,stores,own,1,skilled employee / official,1,no,yes,Yes
no checking account,35,critical account / other credits existing,car (used),9649,unknown / no savings,,4,male : single,none,3,car or other,33,none,own,1,management / self-employed / highly qualified,1,yes,no,No
0 - 200 DM,30,critical account / other credits existing,car (new),4249,< 100 DM,unemployed,4,male : married/widowed,none,2,car or other,28,none,own,2,management / self-employed / highly qualified,1,no,yes,Yes
0 - 200 DM,36,existing credits paid back duly,education,12612,100 - 500 DM,1 - 4 years,1,male : single,none,4,unknown / no property,47,none,for free,1,skilled employee / official,2,yes,yes,Yes
0 - 200 DM,6,all credits paid back duly,car (new),931,100 - 500 DM,< 1 year,1,female : divorced/separated/married,none,1,building society savings / life insurance,32,stores,own,1,unskilled - resident,1,no,yes,Yes
no checking account,24,critical account / other credits existing,business,4139,100 - 500 DM,1 - 4 years,3,male : single,none,3,building society savings / life insurance,27,none,own,2,unskilled - resident,1,yes,yes,No
no checking account,9,existing credits paid back duly,business,1675,< 100 DM,4 - 7 years,2,male : single,none,4,car or other,33,none,own,1,skilled employee / official,1,yes,no,No
>= 200 DM,20,critical account / other credits existing,radio/television,943,100 - 500 DM,unemployed,4,female : divorced/separated/married,none,3,car or other,67,none,own,3,unskilled - resident,1,no,yes,No
< 0 DM,36,existing credits paid back duly,furniture/equipment,,< 100 DM,4 - 7 years,4,male : single,none,2,building society savings / life insurance,29,none,own,1,skilled employee / official,1,no,yes,Yes
< 0 DM,6,existing credits paid back duly,education,408,< 100 DM,< 1 year,4,female : divorced/separated/married,none,4,building society savings / life insurance,26,none,own,1,skilled employee / official,1,no,yes,Yes
no checking account,14,critical account / other credits existing,furniture/equipment,1553,500 - 1000 DM,4 - 7 years,3,female : divorced/separated/married,none,3,car or other,38,none,rent,1,skilled employee / official,1,yes,yes,No
no checking account,30,critical account / other credits existing,radio/television,5771,< 100 DM,4 - 7 years,4,female : divorced/separated/married,none,2,car or other,25,none,own,2,skilled employee / official,1,no,yes,No
no checking account,18,existing credits paid back duly,business,1568,100 - 500 DM,1 - 4 years,3,female : divorced/separated/married,none,4,building society savings / life insurance,24,none,rent,1,unskilled - resident,1,no,yes,No
0 - 200 DM,16,existing credits paid back duly,radio/television,1400,< 100 DM,>= 7 years,3,male : married/widowed,guarantor,3,building society savings / life insurance,31,stores,own,2,unskilled - resident,1,no,yes,No
no checking account,15,existing credits paid back duly,radio/television,1213,500 - 1000 DM,>= 7 years,4,male : single,none,3,building society savings / life insurance,47,stores,own,1,skilled employee / official,1,yes,yes,No
< 0 DM,12,delay in paying off,car (new),1276,< 100 DM,1 - 4 years,3,male : single,none,1,real estate,44,none,own,1,unemployed / unskilled - non-resident,2,no,yes,No
0 - 200 DM,37,existing credits paid back duly,repairs,-2720,< 100 DM,unemployed,4,male : single,none,1,unknown / no property,30,none,rent,2,unskilled - resident,1,no,yes,Yes
no checking account,24,delay in paying off,business,2978,unknown / no savings,1 - 4 years,4,male : single,none,4,real estate,32,none,own,2,skilled employee / official,2,yes,yes,No
no checking account,11,critical account / other credits existing,business,1161,< 100 DM,1 - 4 years,3,female : divorced/separated/married,none,2,real estate,28,none,own,2,skilled employee / official,2,no,yes,No
0 - 200 DM,12,delay in paying off,radio/television,5058,< 100 DM,4 - 7 years,3,male : single,none,4,building society savings / life insurance,53,none,own,1,skilled employee / official,1,no,yes,No
no checking account,21,critical account / other credits existing,repairs,5761,< 100 DM,>= 7 years,4,male : single,none,3,car or other,45,none,for free,3,skilled employee / official,1,no,yes,No
0 - 200 DM,31,existing credits paid back duly,radio/television,3221,unknown / no savings,>= 7 years,3,female : divorced/separated/married,none,4,unknown / no property,28,none,own,1,skilled employee / official,1,no,yes,No
no checking account,27,critical account / other credits existing,car (used),3435,< 100 DM,>= 7 years,3,female : divorced/separated/married,none,2,car or other,42,none,rent,2,management / self-employed / highly qualified,1,yes,no,No
0 - 200 DM,25,existing credits paid back duly,furniture/equipment,14227,< 100 DM,4 - 7 years,3,female : divorced/separated/married,none,2,unknown / no property,45,none,for free,2,management / self-employed / highly qualified,1,yes,yes,Yes
>= 200 DM,7,delay in paying off,car (new),,100 - 500 DM,4 - 7 years,1,female : divorced/separated/married,none,4,unknown / no property,,stores,for free,1,unskilled - resident,2,no,yes,Yes
0 - 200 DM,51,existing credits paid back duly,others,4762,unknown / no savings,unemployed,2,male : single,none,4,car or other,39,bank,for free,2,unemployed / unskilled - non-resident,1,yes,yes,No
< 0 DM,12,existing credits paid back duly,car (new),2444,100 - 500 DM,unemployed,1,female : divorced/separated/married,none,4,building society savings / life insurance,26,none,rent,1,skilled employee / official,1,no,yes,No
>= 200 DM,4,existing credits paid back duly,radio/television,2297,100 - 500 DM,4 - 7 years,2,male : married/widowed,none,2,building society savings / life insurance,28,none,rent,1,skilled employee / official,1,no,yes,No
0 - 200 DM,18,existing credits paid back duly,car (new),1042,unknown / no savings,1 - 4 years,4,female : divorced/separated/married,none,2,building society savings / life insurance,33,none,own,1,skilled employee / official,1,no,yes,Yes
no checking account,12,existing credits paid back duly,radio/television,1229,unknown / no savings,1 - 4 years,4,male : married/widowed,none,3,real estate,42,none,rent,1,skilled employee / official,1,yes,yes,No
>= 200 DM,9,critical account / other credits existing,education,981,< 100 DM,1 - 4 years,2,female : divorced/separated/married,none,4,building society savings / life insurance,53,none,own,1,unskilled - resident,1,no,yes,No
0 - 200 DM,43,delay in paying off,car (new),2713,< 100 DM,1 - 4 years,4,male : single,guarantor,4,building society savings / life insurance,21,none,rent,1,skilled employee / official,1,no,yes,Yes
no checking account,6,critical account / other credits existing,business,1497,< 100 DM,4 - 7 years,3,male : single,none,1,real estate,40,none,own,4,unskilled - resident,2,no,yes,No
no checking account,9,existing credits paid back duly,car (new),1502,500 - 1000 DM,4 - 7 years,2,female : divorced/separated/married,none,2,building society savings / life insurance,23,none,own,1,skilled employee / official,1,no,yes,Yes
< 0 DM,49,all credits paid back duly,education,8282,< 100 DM,4 - 7 years,4,male : single,none,2,unknown / no property,49,none,for free,1,management / self-employed / highly qualified,1,yes,yes,No
no checking account,6,no credits taken,radio/television,426,< 100 DM,>= 7 years,4,male : married/widowed,none,4,car or other,39,none,own,1,unskilled - resident,1,no,yes,No
no checking account,9,critical account / other credits existing,education,1244,unknown / no savings,>= 7 years,4,female : divorced/separated/married,none,4,building society savings / life insurance,41,none,rent,2,unskilled - resident,1,no,yes,No
0 - 200 DM,51,all credits paid back duly,business,3033,100 - 500 DM,4 - 7 years,4,male : single,none,3,car or other,31,none,own,2,skilled employee / official,2,no,yes,No
no checking account,19,all credits paid back duly,business,4566,< 100 DM,1 - 4 years,2,male : single,none,3,unknown / no property,34,stores,own,2,skilled employee / official,2,yes,yes,Yes
< 0 DM,15,critical account / other credits existing,furniture/equipment,975,< 100 DM,1 - 4 years,2,male : divorced/separated,none,3,building society savings / life insurance,25,none,own,2,skilled employee / official,1,no,yes,No
0 - 200 DM,12,critical account / other credits existing,car (new),1995,100 - 500 DM,< 1 year,4,male : single,none,1,car or other,27,none,own,1,skilled employee / official,1,no,yes,No
0 - 200 DM,60,delay in paying off,radio/television,7418,unknown / no savings,1 - 4 years,1,male : single,none,1,real estate,27,none,own,1,unskilled - resident,1,no,yes,No
no checking account,14,existing credits paid back duly,car (new),1211,100 - 500 DM,< 1 year,1,female : divorced/separated/married,none,4,real estate,61,none,own,1,skilled employee / official,1,no,yes,No
no checking account,18,critical account / other credits existing,car (used),3229,unknown / no savings,unemployed,2,male : single,none,4,unknown / no property,38,none,own,1,management / self-employed / highly qualified,1,yes,yes,No
no checking account,27,delay in paying off,business,5117,< 100 DM,4 - 7 years,3,male : single,none,4,car or other,26,none,own,2,skilled employee / official,1,no,yes,No
no checking account,4,delay in paying off,business,1683,100 - 500 DM,< 1 year,2,male : single,none,3,real estate,36,none,own,2,skilled employee / official,1,no,yes,No
>= 200 DM,23,existing credits paid back duly,furniture/equipment,4178,< 100 DM,< 1 year,2,male : divorced/separated,none,3,unknown / no property,27,none,own,1,skilled employee / official,1,no,yes,No
< 0 DM,60,delay in paying off,business,6498,< 100 DM,4 - 7 years,3,male : single,none,4,unknown / no property,66,none,for free,3,skilled employee / official,1,yes,yes,Yes
0 - 200 DM,60,existing credits paid back duly,car (new),7408,100 - 500 DM,< 1 year,4,female : divorced/separated/married,none,2,building society savings / life insurance,24,none,own,1,management / self-employed / highly qualified,1,no,yes,Yes
no checking account,23,existing credits paid back duly,radio/television,1388,500 - 1000 DM,4 - 7 years,4,female : divorced/separated/married,none,2,building society savings / life insurance,27,none,for free,2,unskilled - resident,1,no,yes,No
no checking account,14,existing credits paid back duly,radio/television,2069,unknown / no savings,>= 7 years,4,male : single,none,2,car or other,34,stores,own,1,skilled employee / official,1,no,yes,No
0 - 200 DM,18,existing credits paid back duly,furniture/equipment,1924,unknown / no savings,< 1 year,4,female : divorced/separated/married,none,3,real estate,27,none,rent,1,skilled employee / official,1,no,yes,Yes
no checking account,49,delay in paying off,radio/television,14290,500 - 1000 DM,4 - 7 years,4,male : single,none,1,car or other,37,none,own,1,management / self-employed / highly qualified,1,yes,yes,No
no checking account,4,critical account / other credits existing,car (new),1455,< 100 DM,4 - 7 years,2,male : single,none,1,real estate,42,none,own,3,unskilled - resident,2,no,yes,No
< 0 DM,42,delay in paying off,radio/television,4370,< 100 DM,4 - 7 years,3,male : single,none,2,building society savings / life insurance,26,bank,own,2,skilled employee / official,2,yes,yes,Yes
0 - 200 DM,20,existing credits paid back duly,education,1296,unknown / no savings,1 - 4 years,4,male : single,none,3,unknown / no property,64,none,for free,1,management / self-employed / highly qualified,1,no,no,No
no checking account,9,existing credits paid back duly,furniture/equipment,1122,< 100 DM,4 - 7 years,1,male : single,none,4,car or other,23,none,own,2,skilled employee / official,1,no,yes,No
0 - 200 DM,24,critical account / other credits existing,car (used),7758,>= 1000 DM,>= 7 years,2,female : divorced/separated/married,none,4,unknown / no property,29,none,rent,1,skilled employee / official,1,no,yes,No
< 0 DM,45,all credits paid back duly,car (used),10583,< 100 DM,4 - 7 years,4,male : single,none,4,unknown / no property,14,stores,for free,3,skilled employee / official,2,yes,yes,Yes
0 - 200 DM,13,critical account / other credits existing,car (used),3002,unknown / no savings,4 - 7 years,4,male : single,guarantor,2,real estate,33,bank,own,3,skilled employee / official,1,no,yes,No
>= 200 DM,33,existing credits paid back duly,radio/television,3900,< 100 DM,>= 7 years,4,male : single,none,2,car or other,34,none,own,1,unskilled - resident,1,no,yes,No
0 - 200 DM,48,existing credits paid back duly,business,15672,< 100 DM,1 - 4 years,2,male : single,none,2,car or other,23,none,own,1,skilled employee / official,1,yes,yes,Yes
< 0 DM,6,critical account / other credits existing,car (new),1361,< 100 DM,< 1 year,2,male : single,none,4,real estate,40,none,own,1,unskilled - resident,2,no,no,No
< 0 DM,30,existing credits paid back duly,radio/television,2522,< 100 DM,>= 7 years,1,male : single,guarantor,3,building society savings / life insurance,39,none,own,1,skilled employee / official,2,no,yes,No
no checking account,36,delay in paying off,business,7980,unknown / no savings,< 1 year,4,male : single,none,4,car or other,27,none,rent,2,skilled employee / official,1,yes,yes,Yes
< 0 DM,18,existing credits paid back duly,car (new),1216,< 100 DM,< 1 year,4,female : divorced/separated/married,none,3,car or other,,none,rent,1,skilled employee / official,1,yes,yes,Yes
0 - 200 DM,8,critical account / other credits existing,domestic appliances,2676,< 100 DM,1 - 4 years,1,male : single,none,2,real estate,36,none,rent,2,skilled employee / official,2,no,yes,No
< 0 DM,27,existing credits paid back duly,furniture/equipment,2620,< 100 DM,4 - 7 years,4,female : divorced/separated/married,none,4,real estate,22,none,rent,1,skilled employee / official,1,no,yes,Yes
< 0 DM,17,existing credits paid back duly,repairs,1372,500 - 1000 DM,1 - 4 years,4,male : single,guarantor,2,real estate,23,stores,own,1,management / self-employed / highly qualified,1,no,yes,No
no checking account,48,critical account / other credits existing,car (used),11590,100 - 500 DM,1 - 4 years,2,female : divorced/separated/married,none,4,car or other,24,bank,rent,2,unskilled - resident,1,no,yes,Yes
0 - 200 DM,12,no credits taken,furniture/equipment,2969,< 100 DM,< 1 year,4,female : divorced/separated/married,none,3,building society savings / life insurance,25,none,rent,2,skilled employee / official,1,no,yes,Yes
>= 200 DM,6,critical account / other credits existing,education,,< 100 DM,1 - 4 years,2,female : divorced/separated/married,none,4,building society savings / life insurance,50,none,own,1,unskilled - resident,1,no,yes,No
< 0 DM,8,existing credits paid back duly,furniture/equipment,1367,< 100 DM,4 - 7 years,1,male : single,none,1,real estate,38,bank,for free,1,unskilled - resident,1,yes,yes,No
no checking account,18,delay in paying off,furniture/equipment,1777,100 - 500 DM,1 - 4 years,3,male : married/widowed,none,2,real estate,35,none,own,1,management / self-employed / highly qualified,1,no,yes,No
no checking account,10,existing credits paid back duly,car (new),1364,< 100 DM,1 - 4 years,2,female : divorced/separated/married,none,4,car or other,64,none,own,1,skilled employee / official,1,yes,yes,No
no checking account,9,existing credits paid back duly,education,793,< 100 DM,4 - 7 years,3,male : single,none,4,building society savings / life insurance,44,bank,own,2,unskilled - resident,1,no,yes,Yes
0 - 200 DM,4,all credits paid back duly,radio/television,991,< 100 DM,>= 7 years,4,male : single,none,4,car or other,26,none,own,1,skilled employee / official,2,no,yes,No
0 - 200 DM,18,critical account / other credits existing,furniture/equipment,1295,< 100 DM,< 1 year,4,female : divorced/separated/married,none,1,building society savings / life insurance,27,none,own,2,skilled employee / official,1,no,yes,No
>= 200 DM,12,all credits paid back duly,business,609,< 100 DM,< 1 year,4,female : divorced/separated/married,none,1,real estate,26,none,own,1,unemployed / unskilled - non-resident,1,no,yes,Yes
no checking account,48,existing credits paid back duly,radio/television,10222,unknown / no savings,4 - 7 years,4,male : single,none,3,car or other,37,stores,own,1,skilled employee / official,1,yes,yes,No
no checking account,,critical account / other credits existing,car (used),3868,< 100 DM,>= 7 years,4,female : divorced/separated/married,none,2,car or other,41,none,rent,2,management / self-employed / highly qualified,1,yes,yes,No
< 0 DM,12,existing credits paid back duly,furniture/equipment,1289,< 100 DM,1 - 4 years,4,male : single,guarantor,1,building society savings / life insurance,,none,own,1,unskilled - resident,1,no,yes,No
< 0 DM,36,existing credits paid back duly,others,15857,< 100 DM,unemployed,2,male : divorced/separated,co-applicant,3,car or other,43,none,own,1,management / self-employed / highly qualified,1,no,yes,No
no checking account,18,delay in paying off,radio/television,2320,< 100 DM,unemployed,2,male : married/widowed,none,3,real estate,34,none,own,2,skilled employee / official,1,no,yes,No
< 0 DM,12,existing credits paid back duly,furniture/equipment,7865,< 100 DM,>= 7 years,4,male : single,none,4,unknown / no property,53,none,for free,1,management / self-employed / highly qualified,1,yes,yes,Yes
>= 200 DM,12,existing credits paid back duly,furniture/equipment,1424,unknown / no savings,>= 7 years,3,female : divorced/separated/married,none,4,real estate,55,none,own,1,management / self-employed / highly qualified,1,yes,yes,No
>= 200 DM,12,existing credits paid back duly,furniture/equipment,2251,< 100 DM,1 - 4 years,1,female : divorced/separated/married,none,2,car or other,46,none,own,1,unskilled - resident,1,no,yes,No
no checking account,12,critical account / other credits existing,car (new),1163,500 - 1000 DM,1 - 4 years,4,male : single,none,4,real estate,44,none,own,1,skilled employee / official,1,yes,yes,No
no checking account,24,existing credits paid back duly,radio/television,1552,< 100 DM,4 - 7 years,3,male : single,none,1,car or other,32,bank,own,1,skilled employee / official,2,no,yes,No
>= 200 DM,16,critical account / other credits existing,radio/television,1149,unknown / no savings,1 - 4 years,4,male : single,none,4,real estate,44,none,own,2,skilled employee / official,1,no,yes,No
< 0 DM,47,existing credits paid back duly,radio/television,6989,< 100 DM,>= 7 years,2,male : married/widowed,guarantor,1,real estate,,none,own,2,skilled employee / official,1,yes,yes,Yes
0 - 200 DM,47,existing credits paid back duly,business,17757,< 100 DM,1 - 4 years,3,male : single,none,2,car or other,,none,own,1,skilled employee / official,1,yes,yes,Yes
0 - 200 DM,9,existing credits paid back duly,car (new),1430,>= 1000 DM,>= 7 years,4,male : single,none,4,real estate,52,none,own,2,skilled employee / official,1,yes,yes,No
no checking account,11,critical account / other credits existing,business,1263,< 100 DM,1 - 4 years,4,male : single,none,2,real estate,29,none,for free,2,skilled employee / official,1,no,yes,No
< 0 DM,12,no credits taken,retraining,310,< 100 DM,>= 7 years,4,male : married/widowed,none,1,car or other,48,bank,rent,1,unskilled - resident,1,no,yes,No
>= 200 DM,9,existing credits paid back duly,radio/television,2146,100 - 500 DM,4 - 7 years,3,male : single,none,1,unknown / no property,33,none,own,1,skilled employee / official,1,no,yes,No
no checking account,,existing credits paid back duly,retraining,1466,500 - 1000 DM,1 - 4 years,2,male : single,none,3,real estate,37,none,rent,1,unskilled - resident,1,no,no,No
no checking account,8,existing credits paid back duly,furniture/equipment,2385,< 100 DM,1 - 4 years,1,male : single,none,1,real estate,28,bank,rent,1,unskilled - resident,1,no,yes,Yes
0 - 200 DM,9,critical account / other credits existing,radio/television,1154,< 100 DM,>= 7 years,2,male : single,none,4,real estate,,none,own,3,unskilled - resident,1,no,yes,No
< 0 DM,18,existing credits paid back duly,furniture/equipment,4153,< 100 DM,1 - 4 years,2,male : single,co-applicant,3,car or other,42,none,own,1,skilled employee / official,1,no,yes,Yes
< 0 DM,16,no credits taken,car (new),1084,< 100 DM,>= 7 years,3,male : single,none,3,car or other,35,none,rent,2,skilled employee / official,2,no,yes,Yes
0 - 200 DM,51,all credits paid back duly,business,3674,100 - 500 DM,4 - 7 years,3,male : single,none,3,unknown / no property,32,none,for free,1,unskilled - resident,1,no,no,Yes
no checking account,17,delay in paying off,car (new),692,< 100 DM,1 - 4 years,3,male : single,none,2,car or other,,none,own,2,unskilled - resident,1,no,yes,No
< 0 DM,14,existing credits paid back duly,radio/television,667,< 100 DM,>= 7 years,4,male : single,none,3,real estate,57,stores,own,1,unskilled - resident,1,no,yes,Yes
0 - 200 DM,17,existing credits paid back duly,car (new),6284,100 - 500 DM,1 - 4 years,1,male : single,none,2,building society savings / life insurance,29,none,own,2,skilled employee / official,1,yes,yes,No
>= 200 DM,44,no credits taken,business,7217,< 100 DM,1 - 4 years,1,male : divorced/separated,none,1,car or other,32,none,own,2,skilled employee / official,2,no,yes,No
0 - 200 DM,12,existing credits paid back duly,car (new),,100 - 500 DM,< 1 year,4,female : divorced/separated/married,none,2,building society savings / life insurance,23,bank,own,1,unskilled - resident,1,no,yes,Yes
>= 200 DM,24,existing credits paid back duly,furniture/equipment,2892,< 100 DM,>= 7 years,3,male : divorced/separated,none,4,unknown / no property,51,none,for free,1,skilled employee / official,1,no,yes,No
< 0 DM,18,existing credits paid back duly,radio/television,2600,< 100 DM,1 - 4 years,4,male : single,none,4,unknown / no property,65,none,for free,2,skilled employee / official,1,no,yes,Yes
0 - 200 DM,32,no credits taken,business,3594,100 - 500 DM,1 - 4 years,1,female : divorced/separated/married,none,2,car or other,27,none,own,2,skilled employee / official,1,yes,yes,No
< 0 DM,42,existing credits paid back duly,radio/television,3885,< 100 DM,< 1 year,4,male : single,none,4,car or other,32,none,own,1,skilled employee / official,1,no,yes,Yes
0 - 200 DM,9,existing credits paid back duly,radio/television,1206,< 100 DM,>= 7 years,4,female : divorced/separated/married,none,4,real estate,25,none,own,1,skilled employee / official,1,no,yes,No
0 - 200 DM,,no credits taken,car (new),7511,500 - 1000 DM,< 1 year,1,female : divorced/separated/married,none,1,car or other,29,none,own,1,skilled employee / official,1,no,yes,No
0 - 200 DM,26,existing credits paid back duly,radio/television,1349,100 - 500 DM,4 - 7 years,4,female : divorced/separated/married,none,2,car or other,31,none,own,2,unskilled - resident,2,yes,yes,Yes
0 - 200 DM,19,existing credits paid back duly,radio/television,1408,< 100 DM,>= 7 years,4,male : married/widowed,guarantor,3,real estate,35,none,own,1,unskilled - resident,1,no,yes,No
< 0 DM,12,critical account / other credits existing,car (new),1072,100 - 500 DM,4 - 7 years,3,female : divorced/separated/married,co-applicant,4,building society savings / life insurance,51,none,own,3,skilled employee / official,1,yes,yes,No
0 - 200 DM,28,existing credits paid back duly,domestic appliances,4322,< 100 DM,< 1 year,1,male : married/widowed,none,2,building society savings / life insurance,19,none,own,1,skilled employee / official,1,no,yes,No
0 - 200 DM,8,existing credits paid back duly,radio/television,,< 100 DM,4 - 7 years,4,female : divorced/separated/married,guarantor,2,real estate,44,none,own,1,unskilled - resident,1,no,yes,No
0 - 200 DM,14,no credits taken,car (new),1828,< 100 DM,< 1 year,2,female : divorced/separated/married,none,1,real estate,24,none,rent,2,unemployed / unskilled - non-resident,1,no,yes,Yes
no checking account,18,existing credits paid back duly,education,4631,100 - 500 DM,1 - 4 years,3,male : single,none,2,building society savings / life insurance,43,none,own,1,management / self-employed / highly qualified,1,yes,yes,Yes
no checking account,5,critical account / other credits existing,retraining,386,100 - 500 DM,1 - 4 years,4,female : divorced/separated/married,none,4,unknown / no property,54,none,own,2,unskilled - resident,1,no,no,No
0 - 200 DM,47,all credits paid back duly,car (new),3856,< 100 DM,4 - 7 years,4,male : single,none,2,car or other,27,none,own,1,skilled employee / official,1,no,yes,No
no checking account,36,existing credits paid back duly,radio/television,3595,< 100 DM,>= 7 years,4,male : single,none,2,car or other,28,none,own,1,skilled employee / official,1,no,yes,No
no checking account,24,existing credits paid back duly,radio/television,3430,500 - 1000 DM,>= 7 years,3,male : single,none,2,car or other,31,none,own,1,skilled employee / official,2,yes,yes,No
< 0 DM,9,critical account / other credits existing,furniture/equipment,,< 100 DM,>= 7 years,2,male : single,none,3,building society savings / life insurance,62,none,own,2,skilled employee / official,1,no,yes,Yes
< 0 DM,50,critical account / other credits existing,furniture/equipment,5621,< 100 DM,1 - 4 years,2,female : divorced/separated/married,none,3,car or other,33,none,rent,1,management / self-employed / highly qualified,1,yes,yes,Yes
0 - 200 DM,21,all credits paid back duly,car (new),2441,< 100 DM,1 - 4 years,3,female : divorced/separated/married,none,4,building society savings / life insurance,23,none,rent,1,unskilled - resident,1,yes,yes,Yes
< 0 DM,18,existing credits paid back duly,radio/television,2389,< 100 DM,< 1 year,4,female : divorced/separated/married,none,1,car or other,27,stores,own,1,skilled employee / official,1,no,yes,No
>= 200 DM,31,delay in paying off,business,2111,< 100 DM,>= 7 years,4,male : single,none,3,real estate,64,none,own,1,management / self-employed / highly qualified,1,yes,yes,Yes
0 - 200 DM,27,critical account / other credits existing,car (used),8705,500 - 1000 DM,>= 7 years,1,male : married/widowed,none,4,unknown / no property,27,none,rent,1,skilled employee / official,1,no,yes,No
no checking account,24,critical account / other credits existing,furniture/equipment,3777,>= 1000 DM,1 - 4 years,4,male : single,none,4,real estate,50,none,own,1,skilled employee / official,1,yes,yes,No
< 0 DM,15,existing credits paid back duly,furniture/equipment,1845,< 100 DM,< 1 year,4,female : divorced/separated/married,guarantor,1,building society savings / life insurance,46,none,rent,1,skilled employee / official,1,no,yes,No
0 - 200 DM,51,existing credits paid back duly,car (new),7863,unknown / no savings,1 - 4 years,1,female : divorced/separated/married,none,1,building society savings / life insurance,27,none,own,1,skilled employee / official,2,no,yes,No
< 0 DM,24,all credits paid back duly,furniture/equipment,2828,500 - 1000 DM,1 - 4 years,4,male : single,none,4,real estate,22,stores,own,1,skilled employee / official,1,yes,yes,No
< 0 DM,12,critical account / other credits existing,car (new),1990,< 100 DM,1 - 4 years,4,male : single,none,4,building society savings / life insurance,40,bank,own,3,unskilled - resident,1,no,no,No
no checking account,4,critical account / other credits existing,radio/television,1544,< 100 DM,4 - 7 years,2,male : single,none,1,real estate,42,none,own,3,unskilled - resident,2,no,yes,No
no checking account,28,critical account / other credits existing,radio/television,2743,< 100 DM,>= 7 years,4,male : single,none,2,car or other,29,none,own,2,skilled employee / official,1,no,yes,No
no checking account,6,existing credits paid back duly,furniture/equipment,641,< 100 DM,< 1 year,1,female : divorced/separated/married,none,2,real estate,21,none,rent,1,unskilled - resident,2,no,yes,No
< 0 DM,,existing credits paid back duly,radio/television,7536,< 100 DM,,2,female : divorced/separated/married,none,1,unknown / no property,30,none,own,1,skilled employee / official,1,yes,yes,Yes
no checking account,13,delay in paying off,car (new),1315,500 - 1000 DM,1 - 4 years,4,male : single,none,4,real estate,41,none,own,1,skilled employee / official,1,yes,yes,No
no checking account,12,existing credits paid back duly,car (new),1884,< 100 DM,>= 7 years,4,male : single,none,4,car or other,39,none,own,1,management / self-employed / highly qualified,1,yes,yes,No
>= 200 DM,17,all credits paid back duly,car (new),2157,< 100 DM,>= 7 years,2,female : divorced/separated/married,none,3,car or other,23,none,own,1,management / self-employed / highly qualified,1,no,yes,No
no checking account,26,existing credits paid back duly,radio/television,3417,>= 1000 DM,>= 7 years,3,male : divorced/separated,none,1,car or other,25,none,own,1,management / self-employed / highly qualified,1,yes,yes,No
no checking account,15,existing credits paid back duly,education,4623,100 - 500 DM,1 - 4 years,3,male : single,none,2,building society savings / life insurance,40,none,own,1,management / self-employed / highly qualified,1,yes,yes,Yes
no checking account,48,delay in paying off,radio/television,7238,unknown / no savings,>= 7 years,3,male : single,none,3,car or other,32,bank,own,2,skilled employee / official,2,no,yes,No
no checking account,30,delay in paying off,business,4272,100 - 500 DM,1 - 4 years,2,male : single,none,2,building society savings / life insurance,26,none,own,2,unskilled - resident,1,no,yes,No
>= 200 DM,33,no credits taken,business,4894,100 - 500 DM,1 - 4 years,4,female : divorced/separated/married,none,4,car or other,28,stores,rent,2,unskilled - resident,1,no,yes,Yes
no checking account,,existing credits paid back duly,car (new),1451,< 100 DM,< 1 year,4,male : single,none,1,real estate,29,none,own,1,skilled employee / official,1,no,yes,No
>= 200 DM,12,existing credits paid back duly,radio/television,1881,< 100 DM,1 - 4 years,2,female : divorced/separated/married,none,2,car or other,44,none,rent,1,unskilled - resident,1,yes,yes,No
no checking account,23,critical account / other credits existing,business,4364,100 - 500 DM,1 - 4 years,3,male : single,none,2,real estate,27,none,own,1,unskilled - resident,1,yes,yes,No
< 0 DM,12,delay in paying off,car (new),771,< 100 DM,>= 7 years,4,male : single,none,2,building society savings / life insurance,35,none,own,1,skilled employee / official,2,no,yes,Yes
no checking account,12,critical account / other credits existing,repairs,,unknown / no savings,4 - 7 years,4,female : divorced/separated/married,none,4,real estate,23,none,own,2,skilled employee / official,1,no,yes,No
no checking account,43,delay in paying off,radio/television,7141,unknown / no savings,4 - 7 years,1,male : married/widowed,none,4,building society savings / life insurance,26,none,rent,1,skilled employee / official,1,yes,yes,No
< 0 DM,11,no credits taken,car (new),1038,< 100 DM,1 - 4 years,3,male : single,none,3,car or other,50,bank,own,3,skilled employee / official,1,no,yes,Yes
0 - 200 DM,49,existing credits paid back duly,radio/television,4198,unknown / no savings,4 - 7 years,3,male : single,none,1,car or other,41,none,own,2,skilled employee / official,2,yes,yes,No
no checking account,9,critical account / other credits existing,education,2123,unknown / no savings,4 - 7 years,4,female : divorced/separated/married,none,2,car or other,61,none,for free,2,skilled employee / official,1,no,yes,No
>= 200 DM,15,critical account / other credits existing,radio/television,6841,< 100 DM,>= 7 years,4,male : single,none,4,car or other,30,none,own,2,skilled employee / official,1,no,yes,No
< 0 DM,,critical account / other credits existing,car (new),731,< 100 DM,>= 7 years,4,male : single,none,4,real estate,47,none,own,2,unskilled - resident,1,no,yes,No
no checking account,22,critical account / other credits existing,car (used),7400,>= 1000 DM,4 - 7 years,2,male : single,none,4,building society savings / life insurance,43,none,own,1,management / self-employed / highly qualified,2,yes,yes,No
no checking account,15,critical account / other credits existing,education,1926,100 - 500 DM,1 - 4 years,4,female : divorced/separated/married,none,2,real estate,29,none,own,3,skilled employee / official,1,no,yes,Yes
< 0 DM,9,critical account / other credits existing,car (new),3188,< 100 DM,1 - 4 years,3,male : single,none,3,real estate,39,none,rent,2,skilled employee / official,2,no,yes,No
< 0 DM,3,critical account / other credits existing,furniture/equipment,1932,< 100 DM,unemployed,4,male : single,none,4,unknown / no property,36,none,own,3,management / self-employed / highly qualified,1,yes,yes,No
< 0 DM,10,existing credits paid back duly,furniture/equipment,1459,< 100 DM,1 - 4 years,2,female : divorced/separated/married,none,4,car or other,23,none,rent,1,skilled employee / official,1,no,no,Yes
no checking account,15,critical account / other credits existing,car (new),1376,< 100 DM,4 - 7 years,3,male : single,none,3,building society savings / life insurance,29,bank,own,3,skilled employee / official,1,no,no,Yes
0 - 200 DM,11,existing credits paid back duly,retraining,,< 100 DM,4 - 7 years,4,male : married/widowed,none,4,building society savings / life insurance,22,none,rent,1,management / self-employed / highly qualified,1,no,yes,Yes
< 0 DM,48,critical account / other credits existing,car (used),6143,< 100 DM,,4,female : divorced/separated/married,none,4,unknown / no property,58,stores,for free,2,unskilled - resident,1,no,yes,Yes
no checking account,14,critical account / other credits existing,radio/television,1158,unknown / no savings,1 - 4 years,3,male : single,none,3,unknown / no property,41,none,for free,3,skilled employee / official,1,yes,yes,Yes
no checking account,13,existing credits paid back duly,car (used),4281,>= 1000 DM,< 1 year,1,female : divorced/separated/married,none,3,car or other,20,none,own,1,skilled employee / official,1,no,yes,No
>= 200 DM,26,existing credits paid back duly,radio/television,4453,< 100 DM,4 - 7 years,4,male : single,none,1,car or other,28,bank,own,2,skilled employee / official,2,no,yes,No
no checking account,30,critical account / other credits existing,radio/television,6252,100 - 500 DM,4 - 7 years,3,male : single,co-applicant,3,car or other,40,none,own,1,skilled employee / official,1,yes,yes,No
< 0 DM,18,critical account / other credits existing,business,3166,< 100 DM,,3,male : married/widowed,none,3,car or other,43,none,own,2,unemployed / unskilled - non-resident,2,yes,yes,No
< 0 DM,26,all credits paid back duly,radio/television,1669,< 100 DM,>= 7 years,4,male : single,guarantor,4,car or other,21,bank,rent,1,unskilled - resident,1,no,yes,Yes
no checking account,18,existing credits paid back duly,radio/television,1126,unknown / no savings,< 1 year,4,female : divorced/separated/married,none,2,real estate,21,none,rent,1,skilled employee / official,1,yes,yes,No
no checking account,13,existing credits paid back duly,furniture/equipment,,unknown / no savings,4 - 7 years,1,female : divorced/separated/married,none,4,real estate,35,bank,rent,1,unskilled - resident,1,yes,yes,No
< 0 DM,36,existing credits paid back duly,car (used),5493,< 100 DM,>= 7 years,2,male : single,none,4,unknown / no property,42,none,for free,1,skilled employee / official,2,no,yes,No
no checking account,12,existing credits paid back duly,furniture/equipment,1736,< 100 DM,4 - 7 years,3,female : divorced/separated/married,none,4,real estate,31,none,own,1,unskilled - resident,1,no,yes,No
< 0 DM,12,existing credits paid back duly,education,684,< 100 DM,1 - 4 years,4,male : single,none,4,car or other,40,none,rent,1,unskilled - resident,2,no,yes,Yes
no checking account,39,existing credits paid back duly,business,7041,unknown / no savings,>= 7 years,3,male : single,none,2,car or other,40,none,own,3,skilled employee / official,1,no,yes,No
< 0 DM,25,existing credits paid back duly,car (new),977,unknown / no savings,>= 7 years,3,female : divorced/separated/married,none,2,car or other,30,bank,own,1,skilled employee / official,1,no,yes,Yes
no checking account,15,existing credits paid back duly,car (used),4657,< 100 DM,1 - 4 years,3,male : single,none,2,car or other,30,none,own,1,skilled employee / official,1,yes,yes,No
no checking account,49,critical account / other credits existing,business,7862,unknown / no savings,,4,male : divorced/separated,none,2,car or other,47,bank,own,1,management / self-employed / highly qualified,2,no,yes,No
< 0 DM,21,existing credits paid back duly,radio/television,2225,100 - 500 DM,unemployed,4,female : divorced/separated/married,none,4,building society savings / life insurance,30,none,rent,1,management / self-employed / highly qualified,2,yes,yes,No
< 0 DM,19,no credits taken,business,2984,< 100 DM,4 - 7 years,2,male : single,none,2,building society savings / life insurance,30,bank,own,1,management / self-employed / highly qualified,1,yes,yes,No
no checking account,24,existing credits paid back duly,business,,< 100 DM,4 - 7 years,4,male : single,none,1,real estate,28,none,own,2,skilled employee / official,1,yes,yes,No
no checking account,26,existing credits paid back duly,car (new),1137,100 - 500 DM,< 1 year,3,male : single,none,1,real estate,26,none,own,1,skilled employee / official,1,no,yes,No
< 0 DM,28,existing credits paid back duly,furniture/equipment,3727,>= 1000 DM,4 - 7 years,3,female : divorced/separated/married,none,4,building society savings / life insurance,56,none,rent,3,skilled employee / official,1,yes,yes,No
< 0 DM,6,critical account / other credits existing,car (new),860,< 100 DM,>= 7 years,1,female : divorced/separated/married,none,4,unknown / no property,39,none,own,2,skilled employee / official,1,yes,yes,No
0 - 200 DM,12,existing credits paid back duly,furniture/equipment,2584,< 100 DM,1 - 4 years,2,male : divorced/separated,none,1,car or other,42,none,own,1,skilled employee / official,1,no,yes,No
< 0 DM,13,critical account / other credits existing,car (new),3513,< 100 DM,1 - 4 years,1,male : single,none,3,real estate,34,none,rent,2,skilled employee / official,2,no,yes,No
0 - 200 DM,15,critical account / other credits existing,furniture/equipment,3565,< 100 DM,unemployed,1,male : single,none,4,real estate,47,bank,own,2,skilled employee / official,2,no,yes,No
no checking account,48,critical account / other credits existing,car (new),,500 - 1000 DM,1 - 4 years,3,male : single,none,2,unknown / no property,41,stores,rent,1,skilled employee / official,1,no,yes,Yes
no checking account,6,existing credits paid back duly,radio/television,1346,100 - 500 DM,>= 7 years,2,male : single,none,4,unknown / no property,42,bank,for free,1,skilled employee / official,2,yes,yes,No
0 - 200 DM,12,existing credits paid back duly,radio/television,766,500 - 1000 DM,1 - 4 years,4,male : single,none,3,real estate,66,none,own,1,unskilled - resident,1,no,yes,Yes
0 - 200 DM,,existing credits paid back duly,radio/television,2999,100 - 500 DM,1 - 4 years,4,female : divorced/separated/married,co-applicant,4,unknown / no property,47,none,for free,1,skilled employee / official,1,no,yes,Yes
0 - 200 DM,30,delay in paying off,radio/television,1919,100 - 500 DM,< 1 year,4,male : single,none,3,unknown / no property,30,stores,own,2,management / self-employed / highly qualified,1,no,yes,Yes
no checking account,30,critical account / other credits existing,radio/television,2442,< 100 DM,,4,female : divorced/separated/married,none,1,car or other,32,bank,own,1,skilled employee / official,1,yes,yes,No
< 0 DM,27,all credits paid back duly,furniture/equipment,3794,< 100 DM,< 1 year,4,male : single,none,4,building society savings / life insurance,27,none,own,1,skilled employee / official,1,no,yes,No
0 - 200 DM,,delay in paying off,car (new),2898,unknown / no savings,>= 7 years,3,male : single,none,4,car or other,42,none,own,1,skilled employee / official,2,no,yes,No
< 0 DM,21,existing credits paid back duly,furniture/equipment,2557,< 100 DM,unemployed,1,male : divorced/separated,none,1,building society savings / life insurance,32,none,own,1,skilled employee / official,1,no,yes,Yes
< 0 DM,13,critical account / other credits existing,furniture/equipment,2064,unknown / no savings,< 1 year,2,female : divorced/separated/married,co-applicant,3,real estate,30,none,rent,3,skilled employee / official,1,no,no,No
< 0 DM,30,critical account / other credits existing,car (used),10394,< 100 DM,>= 7 years,3,male : single,none,4,unknown / no property,38,none,for free,2,management / self-employed / highly qualified,2,yes,yes,No
0 - 200 DM,9,existing credits paid back duly,furniture/equipment,959,< 100 DM,1 - 4 years,1,female : divorced/separated/married,none,2,car or other,29,none,own,1,skilled employee / official,1,no,no,Yes
< 0 DM,30,existing credits paid back duly,furniture/equipment,3594,>= 1000 DM,4 - 7 years,4,female : divorced/separated/married,none,3,building society savings / life insurance,59,stores,rent,2,unskilled - resident,1,yes,yes,No
>= 200 DM,13,critical account / other credits existing,repairs,1176,unknown / no savings,1 - 4 years,3,male : single,none,4,unknown / no property,38,none,for free,3,unskilled - resident,1,yes,yes,Yes
no checking account,32,critical account / other credits existing,car (used),7406,unknown / no savings,>= 7 years,1,male : single,none,3,car or other,62,none,own,2,skilled employee / official,1,no,yes,No
>= 200 DM,30,existing credits paid back duly,furniture/equipment,2047,>= 1000 DM,4 - 7 years,4,male : single,none,2,car or other,31,bank,own,1,management / self-employed / highly qualified,1,no,yes,No
< 0 DM,3,all credits paid back duly,education,1070,< 100 DM,>= 7 years,4,female : divorced/separated/married,none,4,unknown / no property,33,none,for free,1,skilled employee / official,1,no,yes,Yes
0 - 200 DM,21,existing credits paid back duly,furniture/equipment,3976,unknown / no savings,4 - 7 years,2,male : single,none,3,car or other,35,none,own,1,skilled employee / official,1,yes,yes,No
0 - 200 DM,12,existing credits paid back duly,furniture/equipment,1569,500 - 1000 DM,,4,female : divorced/separated/married,none,1,building society savings / life insurance,23,none,own,1,skilled employee / official,1,no,yes,No
0 - 200 DM,59,existing credits paid back duly,radio/television,15353,< 100 DM,>= 7 years,2,female : divorced/separated/married,none,3,unknown / no property,59,bank,for free,2,management / self-employed / highly qualified,1,yes,yes,Yes
no checking account,9,existing credits paid back duly,furniture/equipment,1980,< 100 DM,< 1 year,2,female : divorced/separated/married,co-applicant,2,car or other,19,none,rent,2,skilled employee / official,1,no,yes,Yes
0 - 200 DM,48,existing credits paid back duly,radio/television,5951,< 100 DM,1 - 4 years,2,female : divorced/separated/married,none,2,real estate,22,none,own,1,skilled employee / official,1,no,yes,Yes
< 0 DM,12,critical account / other credits existing,furniture/equipment,2246,< 100 DM,>= 7 years,3,male : single,none,3,building society savings / life insurance,60,none,own,2,skilled employee / official,1,no,yes,Yes
no checking account,24,all credits paid back duly,business,1559,< 100 DM,4 - 7 years,4,male : single,none,4,car or other,50,bank,own,1,skilled employee / official,1,yes,yes,No
no checking account,,critical account / other credits existing,car (new),3993,unknown / no savings,< 1 year,2,male : divorced/separated,none,3,real estate,41,stores,own,3,skilled employee / official,1,yes,yes,No
>= 200 DM,26,existing credits paid back duly,car (new),1750,< 100 DM,>= 7 years,4,male : single,none,4,unknown / no property,57,none,for free,3,skilled employee / official,1,yes,yes,No
no checking account,3,all credits paid back duly,car (new),770,>= 1000 DM,,2,male : single,guarantor,1,real estate,24,stores,own,1,unskilled - resident,2,yes,yes,No
no checking account,22,critical account / other credits existing,car (used),2032,unknown / no savings,4 - 7 years,4,male : single,none,3,building society savings / life insurance,45,none,own,3,unskilled - resident,2,yes,yes,No
< 0 DM,35,existing credits paid back duly,furniture/equipment,3020,< 100 DM,>= 7 years,2,male : single,none,1,building society savings / life insurance,43,bank,own,1,skilled employee / official,2,no,yes,Yes
< 0 DM,19,all credits paid back duly,furniture/equipment,1379,100 - 500 DM,1 - 4 years,3,male : single,none,3,car or other,41,bank,own,1,skilled employee / official,1,no,yes,Yes
no checking account,41,critical account / other credits existing,furniture/equipment,4129,500 - 1000 DM,1 - 4 years,4,male : single,none,3,real estate,39,none,own,1,skilled employee / official,1,yes,yes,No
no checking account,5,existing credits paid back duly,car (new),,unknown / no savings,< 1 year,1,male : single,none,3,real estate,32,none,own,1,unskilled - resident,2,no,no,No
0 - 200 DM,36,existing credits paid back duly,repairs,2384,< 100 DM,< 1 year,4,male : single,none,1,unknown / no property,,none,rent,1,unskilled - resident,1,no,yes,Yes
0 - 200 DM,14,existing credits paid back duly,car (new),1685,100 - 500 DM,1 - 4 years,4,male : single,guarantor,3,real estate,22,none,own,1,skilled employee / official,1,no,yes,No
>= 200 DM,22,delay in paying off,education,1991,< 100 DM,,1,male : divorced/separated,none,1,building society savings / life insurance,30,bank,rent,1,skilled employee / official,1,no,yes,Yes
no checking account,15,existing credits paid back duly,furniture/equipment,1918,< 100 DM,1 - 4 years,3,male : single,none,3,real estate,22,none,own,1,unskilled - resident,1,no,yes,No
no checking account,21,existing credits paid back duly,car (used),2476,unknown / no savings,>= 7 years,4,male : single,none,4,real estate,46,none,own,1,management / self-employed / highly qualified,1,yes,yes,No
< 0 DM,,delay in paying off,business,6737,100 - 500 DM,4 - 7 years,4,male : single,none,4,car or other,38,none,rent,1,management / self-employed / highly qualified,1,yes,yes,No
>= 200 DM,,critical account / other credits existing,domestic appliances,1315,100 - 500 DM,1 - 4 years,3,male : single,none,2,car or other,24,none,own,1,skilled employee / official,1,no,yes,No
0 - 200 DM,24,existing credits paid back duly,car (new),1201,< 100 DM,< 1 year,4,male : single,none,1,building society savings / life insurance,26,none,own,1,skilled employee / official,1,no,yes,No
< 0 DM,15,critical account / other credits existing,furniture/equipment,1433,< 100 DM,1 - 4 years,4,female : divorced/separated/married,none,3,building society savings / life insurance,25,none,rent,2,skilled employee / official,1,no,yes,No
no checking account,21,existing credits paid back duly,car (new),2167,unknown / no savings,< 1 year,4,male : single,none,1,building society savings / life insurance,53,none,own,2,unskilled - resident,1,no,yes,No
>= 200 DM,10,existing credits paid back duly,radio/television,,< 100 DM,< 1 year,2,male : single,guarantor,2,real estate,35,none,for free,1,unskilled - resident,1,no,yes,No
< 0 DM,15,critical account / other credits existing,business,1595,< 100 DM,< 1 year,4,male : single,none,1,building society savings / life insurance,30,bank,own,3,unskilled - resident,1,no,yes,No
0 - 200 DM,18,existing credits paid back duly,radio/television,1301,< 100 DM,>= 7 years,4,male : married/widowed,guarantor,2,real estate,32,none,own,1,unskilled - resident,1,no,yes,No
>= 200 DM,21,existing credits paid back duly,repairs,4245,< 100 DM,unemployed,2,female : divorced/separated/married,none,4,building society savings / life insurance,65,none,own,1,skilled employee / official,2,no,yes,No
< 0 DM,12,existing credits paid back duly,car (new),900,unknown / no savings,1 - 4 years,4,male : married/widowed,none,2,car or other,23,none,own,1,skilled employee / official,1,no,yes,Yes
>= 200 DM,22,existing credits paid back duly,furniture/equipment,3067,< 100 DM,>= 7 years,3,male : divorced/separated,none,4,unknown / no property,49,none,for free,1,unskilled - resident,1,no,yes,No
0 - 200 DM,48,existing credits paid back duly,radio/television,3060,< 100 DM,4 - 7 years,4,male : single,none,4,real estate,,none,own,2,skilled employee / official,1,no,yes,Yes
no checking account,24,existing credits paid back duly,car (used),2796,< 100 DM,< 1 year,4,female : divorced/separated/married,none,1,unknown / no property,29,none,own,1,management / self-employed / highly qualified,1,yes,yes,No
0 - 200 DM,3,existing credits paid back duly,radio/television,2180,< 100 DM,< 1 year,3,male : married/widowed,none,3,car or other,28,none,rent,1,management / self-employed / highly qualified,1,no,yes,No
< 0 DM,36,critical account / other credits existing,education,8065,< 100 DM,1 - 4 years,3,female : divorced/separated/married,none,2,unknown / no property,25,none,own,2,management / self-employed / highly qualified,1,yes,yes,Yes
no checking account,24,critical account / other credits existing,repairs,5507,< 100 DM,>= 7 years,3,male : single,none,4,unknown / no property,44,none,for free,2,skilled employee / official,1,no,yes,No
0 - 200 DM,38,no credits taken,radio/television,4220,< 100 DM,1 - 4 years,4,female : divorced/separated/married,none,1,car or other,45,none,own,1,skilled employee / official,1,yes,yes,Yes
no checking account,10,existing credits paid back duly,radio/television,1598,< 100 DM,1 - 4 years,4,female : divorced/separated/married,none,2,car or other,36,none,own,1,skilled employee / official,2,no,yes,No
< 0 DM,36,existing credits paid back duly,car (new),1842,< 100 DM,< 1 year,4,female : divorced/separated/married,none,4,car or other,34,none,own,1,skilled employee / official,1,yes,yes,Yes
no checking account,60,critical account / other credits existing,car (new),13756,unknown / no savings,>= 7 years,2,male : single,none,4,unknown / no property,63,bank,for free,1,management / self-employed / highly qualified,1,yes,yes,No
no checking account,14,critical account / other credits existing,domestic appliances,1352,< 100 DM,4 - 7 years,4,male : single,none,2,building society savings / life insurance,31,none,own,2,management / self-employed / highly qualified,1,no,yes,No
>= 200 DM,18,existing credits paid back duly,furniture/equipment,2864,< 100 DM,1 - 4 years,2,male : single,none,1,real estate,34,none,own,1,unskilled - resident,2,no,yes,Yes
< 0 DM,18,critical account / other credits existing,car (new),3016,< 100 DM,>= 7 years,1,female : divorced/separated/married,guarantor,4,real estate,40,bank,rent,1,skilled employee / official,1,yes,yes,Yes
>= 200 DM,24,existing credits paid back duly,radio/television,4347,unknown / no savings,>= 7 years,2,female : divorced/separated/married,none,3,car or other,45,none,own,1,skilled employee / official,2,yes,yes,No
0 - 200 DM,25,critical account / other credits existing,radio/television,1572,< 100 DM,>= 7 years,4,male : single,none,2,building society savings / life insurance,49,none,own,2,unskilled - resident,1,no,yes,No
no checking account,21,critical account / other credits existing,others,1953,100 - 500 DM,>= 7 years,4,male : single,none,4,building society savings / life insurance,55,bank,own,1,skilled employee / official,1,no,yes,No
>= 200 DM,10,existing credits paid back duly,car (new),3909,< 100 DM,< 1 year,1,male : single,guarantor,1,real estate,36,none,own,1,unskilled - resident,2,no,yes,No
0 - 200 DM,35,existing credits paid back duly,car (new),15979,< 100 DM,,4,male : single,none,2,unknown / no property,60,none,for free,1,management / self-employed / highly qualified,1,yes,yes,Yes
no checking account,3,no credits taken,car (new),1187,100 - 500 DM,< 1 year,4,male : single,none,2,unknown / no property,34,bank,rent,1,skilled employee / official,1,no,no,No
0 - 200 DM,16,existing credits paid back duly,car (new),5984,100 - 500 DM,1 - 4 years,2,male : single,none,2,car or other,31,none,own,2,skilled employee / official,1,yes,yes,No
>= 200 DM,24,critical account / other credits existing,business,1275,>= 1000 DM,1 - 4 years,2,male : divorced/separated,none,4,real estate,36,none,own,2,skilled employee / official,1,yes,yes,No
no checking account,19,critical account / other credits existing,radio/television,1114,unknown / no savings,4 - 7 years,4,male : single,none,4,building society savings / life insurance,30,none,own,2,skilled employee / official,1,yes,yes,No
no checking account,51,delay in paying off,radio/television,6428,unknown / no savings,>= 7 years,4,male : single,none,2,car or other,,bank,own,1,skilled employee / official,2,no,yes,No
< 0 DM,38,critical account / other credits existing,furniture/equipment,6563,100 - 500 DM,1 - 4 years,4,female : divorced/separated/married,co-applicant,4,unknown / no property,20,none,rent,2,unskilled - resident,1,yes,yes,Yes
no checking account,15,critical account / other credits existing,education,1532,100 - 500 DM,1 - 4 years,4,female : divorced/separated/married,none,3,car or other,31,none,own,1,skilled employee / official,1,no,yes,No
0 - 200 DM,20,delay in paying off,others,2629,< 100 DM,1 - 4 years,2,male : single,none,3,car or other,29,bank,own,2,skilled employee / official,1,yes,yes,No
no checking account,12,existing credits paid back duly,domestic appliances,850,unknown / no savings,< 1 year,3,female : divorced/separated/married,none,1,real estate,25,none,own,1,skilled employee / official,1,no,yes,No
no checking account,13,critical account / other credits existing,radio/television,1446,500 - 1000 DM,1 - 4 years,3,male : married/widowed,none,3,building society savings / life insurance,48,none,own,2,unemployed / unskilled - non-resident,1,no,yes,No
< 0 DM,12,existing credits paid back duly,radio/television,1107,< 100 DM,1 - 4 years,2,male : single,none,2,real estate,20,none,rent,1,management / self-employed / highly qualified,2,yes,yes,No
0 - 200 DM,21,all credits paid back duly,radio/television,1267,500 - 1000 DM,1 - 4 years,3,female : divorced/separated/married,none,4,car or other,55,none,own,1,unskilled - resident,2,no,yes,No
no checking account,15,critical account / other credits existing,car (new),5045,unknown / no savings,>= 7 years,1,female : divorced/separated/married,none,4,car or other,,none,own,1,skilled employee / official,1,yes,yes,No
no checking account,21,existing credits paid back duly,furniture/equipment,2241,< 100 DM,>= 7 years,4,male : single,none,2,real estate,50,none,own,2,skilled employee / official,1,no,yes,No
no checking account,21,existing credits paid back duly,retraining,1614,100 - 500 DM,>= 7 years,4,male : married/widowed,none,4,real estate,39,none,for free,1,unskilled - resident,1,no,yes,No
no checking account,7,critical account / other credits existing,radio/television,665,>= 1000 DM,4 - 7 years,4,male : single,none,1,building society savings / life insurance,47,none,rent,2,unskilled - resident,1,yes,yes,No
no checking account,6,existing credits paid back duly,furniture/equipment,1543,>= 1000 DM,,4,male : divorced/separated,none,2,real estate,33,none,own,1,skilled employee / official,1,no,yes,No
0 - 200 DM,24,critical account / other credits existing,furniture/equipment,4736,< 100 DM,< 1 year,2,female : divorced/separated/married,none,4,car or other,25,bank,own,1,unskilled - resident,1,no,yes,Yes
>= 200 DM,12,existing credits paid back duly,business,2829,< 100 DM,1 - 4 years,3,male : single,none,4,building society savings / life insurance,27,none,rent,1,skilled employee / official,2,yes,yes,No
no checking account,9,existing credits paid back duly,education,3832,unknown / no savings,>= 7 years,1,male : single,none,4,real estate,64,none,own,1,unskilled - resident,1,no,yes,No
no checking account,12,critical account / other credits existing,car (new),1255,< 100 DM,>= 7 years,4,male : single,none,4,real estate,61,none,own,2,unskilled - resident,1,no,yes,No
0 - 200 DM,29,delay in paying off,car (used),2659,100 - 500 DM,>= 7 years,3,male : single,none,3,real estate,39,stores,for free,3,skilled employee / official,1,no,yes,No
0 - 200 DM,15,existing credits paid back duly,radio/television,1493,unknown / no savings,1 - 4 years,1,male : married/widowed,none,1,real estate,23,none,own,2,skilled employee / official,1,yes,yes,Yes
< 0 DM,31,critical account / other credits existing,radio/television,,< 100 DM,4 - 7 years,1,male : married/widowed,none,4,car or other,25,none,rent,2,skilled employee / official,1,no,yes,No
no checking account,24,critical account / other credits existing,furniture/equipment,2211,< 100 DM,1 - 4 years,4,female : divorced/separated/married,none,3,building society savings / life insurance,25,bank,own,2,skilled employee / official,1,yes,yes,No
no checking account,18,critical account / other credits existing,radio/television,6070,< 100 DM,>= 7 years,3,male : single,none,4,car or other,33,none,own,2,skilled employee / official,1,yes,yes,No
no checking account,36,existing credits paid back duly,radio/television,2299,500 - 1000 DM,>= 7 years,4,male : single,none,4,car or other,39,none,own,1,skilled employee / official,1,no,yes,No
no checking account,24,critical account / other credits existing,radio/television,2578,>= 1000 DM,>= 7 years,2,male : single,none,2,car or other,34,none,own,1,skilled employee / official,1,no,yes,No
no checking account,24,existing credits paid back duly,furniture/equipment,929,unknown / no savings,4 - 7 years,4,male : single,none,2,car or other,31,stores,own,1,skilled employee / official,1,yes,yes,No
0 - 200 DM,24,existing credits paid back duly,car (new),1246,< 100 DM,< 1 year,4,male : single,none,2,real estate,23,stores,own,1,unskilled - resident,1,no,yes,Yes
0 - 200 DM,25,existing credits paid back duly,car (new),1311,< 100 DM,< 1 year,3,female : divorced/separated/married,none,4,car or other,22,stores,own,2,unskilled - resident,1,yes,yes,Yes
0 - 200 DM,14,existing credits paid back duly,car (new),3548,< 100 DM,unemployed,1,male : single,none,4,unknown / no property,20,none,for free,1,skilled employee / official,1,no,yes,No
no checking account,22,existing credits paid back duly,business,4144,>= 1000 DM,1 - 4 years,2,male : single,none,2,building society savings / life insurance,55,none,own,3,management / self-employed / highly qualified,1,yes,yes,Yes
no checking account,10,critical account / other credits existing,car (new),1231,< 100 DM,>= 7 years,3,male : single,none,4,real estate,32,none,own,2,unskilled - resident,2,no,no,No
0 - 200 DM,36,critical account / other credits existing,car (used),,< 100 DM,1 - 4 years,3,male : single,none,4,car or other,34,none,own,2,skilled employee / official,1,yes,yes,No
no checking account,20,existing credits paid back duly,car (used),5922,unknown / no savings,1 - 4 years,2,male : single,none,4,car or other,25,none,own,1,skilled employee / official,1,no,yes,No
no checking account,36,critical account / other credits existing,car (used),5842,< 100 DM,>= 7 years,2,male : single,none,2,building society savings / life insurance,35,none,own,2,skilled employee / official,2,yes,yes,No
0 - 200 DM,36,existing credits paid back duly,car (used),9398,< 100 DM,< 1 year,1,male : married/widowed,none,4,car or other,28,none,rent,1,management / self-employed / highly qualified,1,yes,yes,Yes
no checking account,21,all credits paid back duly,business,1422,< 100 DM,4 - 7 years,4,male : single,none,1,real estate,23,none,own,2,skilled employee / official,1,yes,yes,No
no checking account,24,existing credits paid back duly,car (new),1393,< 100 DM,1 - 4 years,2,male : single,guarantor,2,real estate,31,none,own,1,skilled employee / official,1,yes,yes,No
no checking account,4,critical account / other credits existing,furniture/equipment,1395,< 100 DM,4 - 7 years,1,male : single,none,1,real estate,45,none,own,3,unskilled - resident,2,no,yes,No
< 0 DM,37,all credits paid back duly,education,2198,< 100 DM,4 - 7 years,3,male : single,none,2,unknown / no property,35,none,for free,2,skilled employee / official,2,no,yes,No
< 0 DM,,all credits paid back duly,furniture/equipment,8757,unknown / no savings,< 1 year,1,female : divorced/separated/married,none,2,building society savings / life insurance,30,none,own,1,skilled employee / official,2,yes,no,No
no checking account,36,existing credits paid back duly,car (used),8133,< 100 DM,1 - 4 years,1,female : divorced/separated/married,none,2,building society savings / life insurance,30,bank,own,1,skilled employee / official,1,no,yes,No
>= 200 DM,4,existing credits paid back duly,radio/television,950,< 100 DM,1 - 4 years,2,female : divorced/separated/married,none,2,real estate,23,none,own,2,skilled employee / official,1,no,yes,No
< 0 DM,11,existing credits paid back duly,car (new),720,< 100 DM,1 - 4 years,3,male : single,none,4,car or other,30,none,own,1,unskilled - resident,1,no,yes,Yes
no checking account,22,critical account / other credits existing,car (new),1214,>= 1000 DM,>= 7 years,3,female : divorced/separated/married,none,4,real estate,37,none,own,2,skilled employee / official,1,yes,yes,No
no checking account,11,existing credits paid back duly,car (new),,unknown / no savings,< 1 year,2,male : single,none,3,building society savings / life insurance,44,none,own,1,management / self-employed / highly qualified,2,yes,yes,No
no checking account,18,delay in paying off,furniture/equipment,1808,< 100 DM,4 - 7 years,4,female : divorced/separated/married,none,1,real estate,22,none,own,1,skilled employee / official,1,no,yes,Yes
no checking account,15,existing credits paid back duly,domestic appliances,874,unknown / no savings,< 1 year,4,female : divorced/separated/married,none,1,real estate,24,none,own,1,skilled employee / official,1,no,yes,No
0 - 200 DM,15,existing credits paid back duly,car (new),2631,100 - 500 DM,1 - 4 years,2,female : divorced/separated/married,none,4,car or other,28,none,rent,2,skilled employee / official,1,yes,yes,Yes
0 - 200 DM,51,existing credits paid back duly,radio/television,12393,unknown / no savings,>= 7 years,2,male : single,co-applicant,3,unknown / no property,24,bank,own,1,skilled employee / official,1,yes,yes,Yes
no checking account,37,all credits paid back duly,car (used),7050,< 100 DM,1 - 4 years,2,female : divorced/separated/married,none,3,building society savings / life insurance,33,stores,own,1,skilled employee / official,1,no,yes,No
< 0 DM,23,critical account / other credits existing,business,7222,< 100 DM,unemployed,3,male : single,none,4,unknown / no property,77,none,for free,2,management / self-employed / highly qualified,1,yes,yes,No
< 0 DM,29,no credits taken,business,5043,< 100 DM,unemployed,3,male : single,none,4,building society savings / life insurance,51,stores,own,3,skilled employee / official,1,yes,yes,Yes
0 - 200 DM,23,all credits paid back duly,car (new),1437,unknown / no savings,1 - 4 years,3,male : single,none,3,building society savings / life insurance,37,none,own,2,unskilled - resident,2,yes,yes,Yes
< 0 DM,,existing credits paid back duly,car (new),1374,unknown / no savings,unemployed,4,female : divorced/separated/married,none,3,building society savings / life insurance,75,none,own,1,management / self-employed / highly qualified,1,yes,yes,No
0 - 200 DM,36,delay in paying off,car (new),2225,< 100 DM,>= 7 years,4,male : single,none,4,unknown / no property,57,bank,for free,2,skilled employee / official,1,yes,yes,Yes
no checking account,22,existing credits paid back duly,car (used),2607,< 100 DM,< 1 year,4,female : divorced/separated/married,none,1,unknown / no property,30,none,own,1,management / self-employed / highly qualified,2,yes,yes,No
0 - 200 DM,8,delay in paying off,repairs,392,100 - 500 DM,< 1 year,4,male : married/widowed,none,2,building society savings / life insurance,23,none,rent,1,unskilled - resident,1,no,yes,No
no checking account,38,existing credits paid back duly,radio/television,4094,< 100 DM,,3,male : single,none,2,car or other,31,none,own,1,skilled employee / official,1,no,yes,No
no checking account,4,critical account / other credits existing,radio/television,1503,< 100 DM,4 - 7 years,2,male : single,none,1,real estate,14,none,own,2,unskilled - resident,2,no,yes,No
< 0 DM,13,existing credits paid back duly,domestic appliances,1315,unknown / no savings,1 - 4 years,3,male : divorced/separated,none,2,car or other,24,none,rent,1,skilled employee / official,1,no,yes,Yes
0 - 200 DM,36,existing credits paid back duly,radio/television,4795,< 100 DM,< 1 year,4,female : divorced/separated/married,none,1,unknown / no property,30,none,own,1,management / self-employed / highly qualified,1,yes,yes,No
< 0 DM,24,existing credits paid back duly,car (new),2303,< 100 DM,>= 7 years,4,male : single,co-applicant,1,real estate,45,none,own,1,skilled employee / official,1,no,yes,Yes
no checking account,11,critical account / other credits existing,education,752,< 100 DM,1 - 4 years,4,male : single,none,1,car or other,31,none,own,2,skilled employee / official,1,no,yes,No
< 0 DM,8,existing credits paid back duly,car (new),1574,unknown / no savings,unemployed,4,male : single,none,3,building society savings / life insurance,78,none,own,1,management / self-employed / highly qualified,1,yes,yes,No
no checking account,7,delay in paying off,radio/television,846,unknown / no savings,>= 7 years,3,male : single,none,4,unknown / no property,36,none,for free,1,skilled employee / official,1,no,yes,No
< 0 DM,,existing credits paid back duly,furniture/equipment,3071,< 100 DM,1 - 4 years,1,male : single,co-applicant,1,building society savings / life insurance,31,none,own,2,unskilled - resident,1,no,yes,No
no checking account,24,existing credits paid back duly,car (used),5433,unknown / no savings,unemployed,2,female : divorced/separated/married,none,4,building society savings / life insurance,26,none,rent,1,management / self-employed / highly qualified,1,yes,yes,No
no checking account,,critical account / other credits existing,radio/television,1577,< 100 DM,,3,male : single,none,4,unknown / no property,37,none,own,1,skilled employee / official,1,yes,yes,No
0 - 200 DM,33,critical account / other credits existing,car (new),3201,< 100 DM,< 1 year,4,male : divorced/separated,none,3,car or other,30,none,own,1,skilled employee / official,2,no,yes,Yes
>= 200 DM,23,critical account / other credits existing,business,3230,unknown / no savings,>= 7 years,4,male : single,none,3,unknown / no property,36,none,own,1,skilled employee / official,1,yes,yes,No
< 0 DM,19,no credits taken,business,2903,< 100 DM,,4,male : single,none,1,car or other,30,bank,own,1,skilled employee / official,2,yes,yes,No
no checking account,7,existing credits paid back duly,business,1513,100 - 500 DM,,4,female : divorced/separated/married,none,1,real estate,26,none,rent,1,skilled employee / official,1,no,yes,No
no checking account,15,existing credits paid back duly,domestic appliances,1262,500 - 1000 DM,4 - 7 years,4,male : single,none,3,building society savings / life insurance,36,none,own,2,skilled employee / official,1,yes,yes,No
0 - 200 DM,26,existing credits paid back duly,others,10486,< 100 DM,< 1 year,2,female : divorced/separated/married,none,3,car or other,,none,rent,1,management / self-employed / highly qualified,1,no,yes,Yes
0 - 200 DM,36,existing credits paid back duly,radio/television,2323,< 100 DM,4 - 7 years,4,male : single,none,4,car or other,24,none,rent,1,skilled employee / official,1,no,yes,No
< 0 DM,12,existing credits paid back duly,radio/television,727,100 - 500 DM,< 1 year,4,male : married/widowed,none,3,unknown / no property,33,none,own,1,unskilled - resident,1,yes,yes,Yes
no checking account,10,delay in paying off,car (used),1436,< 100 DM,1 - 4 years,4,male : single,none,4,real estate,44,none,rent,1,skilled employee / official,1,no,yes,No
< 0 DM,11,existing credits paid back duly,radio/television,1538,< 100 DM,4 - 7 years,3,male : single,none,4,real estate,59,none,own,1,skilled employee / official,1,no,yes,No
>= 200 DM,42,critical account / other credits existing,car (used),4796,< 100 DM,>= 7 years,4,male : single,none,4,unknown / no property,56,none,for free,1,skilled employee / official,1,no,yes,No
no checking account,8,critical account / other credits existing,car (new),1318,< 100 DM,1 - 4 years,3,male : single,none,1,real estate,27,none,own,2,skilled employee / official,1,no,yes,No
no checking account,12,existing credits paid back duly,car (used),1132,unknown / no savings,>= 7 years,4,male : single,none,3,unknown / no property,46,bank,for free,1,skilled employee / official,2,no,yes,No
no checking account,33,delay in paying off,business,2764,< 100 DM,1 - 4 years,2,female : divorced/separated/married,none,2,car or other,26,none,own,2,skilled employee / official,1,yes,yes,No
>= 200 DM,9,existing credits paid back duly,radio/television,2161,100 - 500 DM,< 1 year,3,male : divorced/separated,co-applicant,1,real estate,27,none,own,1,skilled employee / official,1,no,yes,No
>= 200 DM,22,critical account / other credits existing,business,,100 - 500 DM,1 - 4 years,3,male : single,none,2,building society savings / life insurance,26,none,own,1,unskilled - resident,1,no,yes,No
no checking account,7,all credits paid back duly,radio/television,1638,500 - 1000 DM,>= 7 years,2,male : divorced/separated,none,4,building society savings / life insurance,47,bank,own,1,unemployed / unskilled - non-resident,2,no,yes,No
< 0 DM,58,existing credits paid back duly,business,8365,< 100 DM,>= 7 years,4,male : single,co-applicant,3,unknown / no property,39,none,rent,2,skilled employee / official,1,no,yes,Yes
no checking account,12,critical account / other credits existing,radio/television,1934,< 100 DM,>= 7 years,2,male : single,none,2,unknown / no property,26,none,own,2,skilled employee / official,1,no,yes,No
0 - 200 DM,31,critical account / other credits existing,car (new),4783,< 100 DM,unemployed,4,male : married/widowed,none,2,car or other,28,none,own,2,management / self-employed / highly qualified,1,no,yes,Yes
0 - 200 DM,49,delay in paying off,education,,< 100 DM,>= 7 years,4,male : single,none,4,unknown / no property,47,none,rent,1,skilled employee / official,1,no,yes,Yes
0 - 200 DM,46,existing credits paid back duly,furniture/equipment,10140,< 100 DM,1 - 4 years,1,female : divorced/separated/married,none,2,car or other,23,none,own,1,management / self-employed / highly qualified,1,yes,yes,Yes
0 - 200 DM,17,existing credits paid back duly,business,2166,>= 1000 DM,1 - 4 years,4,male : single,none,2,building society savings / life insurance,32,none,own,1,unskilled - resident,1,yes,yes,No
0 - 200 DM,12,critical account / other credits existing,car (new),958,< 100 DM,4 - 7 years,2,male : single,none,3,real estate,47,none,own,2,unskilled - resident,2,no,yes,No
< 0 DM,47,existing credits paid back duly,car (used),4706,< 100 DM,4 - 7 years,4,male : single,none,2,building society savings / life insurance,25,bank,own,1,skilled employee / official,2,no,yes,No
no checking account,24,existing credits paid back duly,radio/television,2397,500 - 1000 DM,>= 7 years,3,male : single,none,2,car or other,35,bank,own,2,skilled employee / official,1,yes,yes,Yes
0 - 200 DM,18,existing credits paid back duly,business,4439,< 100 DM,>= 7 years,1,male : single,co-applicant,1,real estate,33,bank,own,1,management / self-employed / highly qualified,1,yes,yes,No
no checking account,12,critical account / other credits existing,radio/television,522,500 - 1000 DM,>= 7 years,4,male : single,none,4,building society savings / life insurance,42,none,own,2,skilled employee / official,2,yes,yes,No
no checking account,24,existing credits paid back duly,radio/television,3235,500 - 1000 DM,>= 7 years,3,male : divorced/separated,none,2,car or other,26,none,own,1,management / self-employed / highly qualified,1,yes,yes,No
no checking account,,critical account / other credits existing,car (used),3586,unknown / no savings,unemployed,3,male : single,none,4,unknown / no property,37,none,own,1,management / self-employed / highly qualified,1,no,yes,No
0 - 200 DM,48,existing credits paid back duly,car (new),8384,unknown / no savings,1 - 4 years,2,female : divorced/separated/married,none,2,car or other,25,none,own,2,skilled employee / official,1,no,yes,No
0 - 200 DM,42,critical account / other credits existing,car (used),4162,100 - 500 DM,unemployed,2,male : single,none,4,car or other,27,none,own,1,skilled employee / official,1,no,yes,No
>= 200 DM,21,existing credits paid back duly,furniture/equipment,2632,< 100 DM,4 - 7 years,2,male : divorced/separated,none,4,unknown / no property,53,none,for free,1,skilled employee / official,1,yes,yes,No
< 0 DM,26,existing credits paid back duly,retraining,3316,< 100 DM,1 - 4 years,2,female : divorced/separated/married,none,4,car or other,26,none,own,1,skilled employee / official,1,no,yes,No
< 0 DM,23,existing credits paid back duly,car (new),5331,< 100 DM,1 - 4 years,3,male : single,none,4,unknown / no property,51,none,for free,2,skilled employee / official,2,no,yes,Yes
no checking account,10,existing credits paid back duly,furniture/equipment,1939,< 100 DM,4 - 7 years,3,female : divorced/separated/married,none,4,real estate,28,none,own,2,unskilled - resident,1,no,yes,No
>= 200 DM,10,critical account / other credits existing,car (new),781,< 100 DM,>= 7 years,4,male : single,none,4,unknown / no property,63,none,for free,2,skilled employee / official,1,yes,yes,No
< 0 DM,13,delay in paying off,furniture/equipment,1828,>= 1000 DM,< 1 year,2,female : divorced/separated/married,co-applicant,3,real estate,27,none,rent,2,skilled employee / official,1,no,no,No
no checking account,23,existing credits paid back duly,radio/television,2923,500 - 1000 DM,>= 7 years,4,male : divorced/separated,none,3,car or other,24,none,own,1,management / self-employed / highly qualified,1,yes,yes,No
0 - 200 DM,3,existing credits paid back duly,radio/television,438,< 100 DM,4 - 7 years,3,male : married/widowed,guarantor,2,real estate,29,bank,own,2,unskilled - resident,1,no,yes,No
0 - 200 DM,11,existing credits paid back duly,furniture/equipment,1191,< 100 DM,1 - 4 years,3,female : divorced/separated/married,none,4,building society savings / life insurance,25,none,own,1,skilled employee / official,2,no,yes,Yes
< 0 DM,48,no credits taken,furniture/equipment,7119,< 100 DM,1 - 4 years,3,male : single,none,4,unknown / no property,53,none,for free,2,skilled employee / official,2,no,yes,Yes
< 0 DM,18,existing credits paid back duly,furniture/equipment,2462,< 100 DM,1 - 4 years,2,male : single,none,2,car or other,22,none,own,1,skilled employee / official,1,no,yes,Yes
0 - 200 DM,21,critical account / other credits existing,radio/television,1825,< 100 DM,>= 7 years,2,female : divorced/separated/married,guarantor,4,real estate,48,bank,rent,2,unskilled - resident,1,yes,yes,No
no checking account,27,critical account / other credits existing,radio/television,6215,< 100 DM,4 - 7 years,2,male : single,co-applicant,2,car or other,36,none,own,1,skilled employee / official,1,no,yes,No
0 - 200 DM,12,critical account / other credits existing,car (new),3124,< 100 DM,< 1 year,1,male : single,none,3,real estate,49,bank,own,2,unskilled - resident,2,no,yes,No
no checking account,10,existing credits paid back duly,radio/television,3537,< 100 DM,1 - 4 years,2,male : single,none,3,car or other,49,none,own,2,skilled employee / official,1,yes,yes,No
>= 200 DM,12,critical account / other credits existing,education,3107,unknown / no savings,< 1 year,1,male : divorced/separated,none,1,building society savings / life insurance,34,none,own,2,unskilled - resident,2,no,yes,No
< 0 DM,6,critical account / other credits existing,radio/television,1957,< 100 DM,4 - 7 years,1,female : divorced/separated/married,none,4,car or other,31,none,own,1,skilled employee / official,1,no,yes,No
< 0 DM,34,existing credits paid back duly,radio/television,2549,< 100 DM,1 - 4 years,4,male : divorced/separated,none,4,car or other,34,none,rent,1,skilled employee / official,1,no,yes,Yes
< 0 DM,24,existing credits paid back duly,radio/television,1938,< 100 DM,< 1 year,4,male : divorced/separated,none,3,building society savings / life insurance,32,none,own,1,skilled employee / official,1,no,yes,Yes
0 - 200 DM,24,delay in paying off,car (new),1965,unknown / no savings,1 - 4 years,4,female : divorced/separated/married,none,4,car or other,42,none,rent,2,skilled employee / official,1,yes,yes,No
no checking account,11,delay in paying off,furniture/equipment,988,500 - 1000 DM,1 - 4 years,4,female : divorced/separated/married,none,3,car or other,32,none,rent,2,unskilled - resident,1,no,yes,Yes
>= 200 DM,33,existing credits paid back duly,car (used),7551,< 100 DM,1 - 4 years,1,female : divorced/separated/married,none,2,building society savings / life insurance,30,bank,own,1,skilled employee / official,1,no,yes,No
no checking account,23,existing credits paid back duly,repairs,3514,500 - 1000 DM,>= 7 years,2,male : single,none,2,car or other,28,none,own,1,skilled employee / official,2,yes,yes,No
< 0 DM,12,delay in paying off,car (new),1433,< 100 DM,4 - 7 years,3,male : divorced/separated,none,3,car or other,36,none,own,1,skilled employee / official,1,no,yes,Yes
no checking account,18,existing credits paid back duly,car (new),6761,unknown / no savings,1 - 4 years,2,male : single,none,4,car or other,68,none,rent,2,skilled employee / official,1,no,yes,Yes
no checking account,6,existing credits paid back duly,business,1425,< 100 DM,4 - 7 years,3,female : divorced/separated/married,none,2,building society savings / life insurance,27,none,own,2,skilled employee / official,1,no,yes,No
0 - 200 DM,9,existing credits paid back duly,car (new),1549,unknown / no savings,< 1 year,4,male : single,none,2,real estate,35,none,own,1,unemployed / unskilled - non-resident,1,no,yes,No
0 - 200 DM,34,delay in paying off,business,11274,100 - 500 DM,4 - 7 years,1,male : single,none,4,building society savings / life insurance,28,none,own,2,unskilled - resident,2,yes,yes,No
>= 200 DM,60,existing credits paid back duly,car (new),12317,< 100 DM,4 - 7 years,3,male : single,none,2,unknown / no property,25,none,own,1,management / self-employed / highly qualified,1,yes,yes,Yes
< 0 DM,12,existing credits paid back duly,furniture/equipment,1858,< 100 DM,< 1 year,4,female : divorced/separated/married,none,1,car or other,22,none,rent,1,skilled employee / official,1,no,yes,No
< 0 DM,6,existing credits paid back duly,radio/television,1536,< 100 DM,< 1 year,3,female : divorced/separated/married,none,4,building society savings / life insurance,20,none,rent,2,skilled employee / official,1,no,yes,Yes
0 - 200 DM,39,no credits taken,business,1883,< 100 DM,>= 7 years,3,male : single,none,4,unknown / no property,61,none,for free,1,management / self-employed / highly qualified,1,yes,yes,Yes
0 - 200 DM,17,existing credits paid back duly,car (new),3566,< 100 DM,unemployed,3,female : divorced/separated/married,none,4,car or other,68,none,own,1,skilled employee / official,1,yes,yes,No
no checking account,17,critical account / other credits existing,furniture/equipment,2694,< 100 DM,4 - 7 years,2,female : divorced/separated/married,co-applicant,3,car or other,27,bank,own,2,skilled employee / official,2,no,yes,No
no checking account,12,critical account / other credits existing,furniture/equipment,,< 100 DM,< 1 year,2,female : divorced/separated/married,none,4,building society savings / life insurance,22,none,rent,2,unskilled - resident,1,no,yes,No
< 0 DM,22,existing credits paid back duly,car (used),2860,< 100 DM,4 - 7 years,2,male : single,none,1,unknown / no property,34,none,for free,1,management / self-employed / highly qualified,1,yes,yes,No
0 - 200 DM,7,existing credits paid back duly,car (new),7523,< 100 DM,unemployed,2,male : single,none,3,unknown / no property,72,bank,for free,1,management / self-employed / highly qualified,1,yes,yes,No
0 - 200 DM,20,existing credits paid back duly,car (new),1138,100 - 500 DM,< 1 year,3,female : divorced/separated/married,none,3,car or other,22,none,rent,1,skilled employee / official,1,yes,yes,Yes
< 0 DM,12,delay in paying off,car (new),1344,< 100 DM,1 - 4 years,4,male : single,none,2,real estate,,none,own,2,unskilled - resident,2,no,yes,No
no checking account,30,critical account / other credits existing,radio/television,5954,< 100 DM,4 - 7 years,3,male : single,co-applicant,2,car or other,,none,own,1,skilled employee / official,1,no,yes,No
< 0 DM,12,existing credits paid back duly,education,795,< 100 DM,< 1 year,4,female : divorced/separated/married,none,4,building society savings / life insurance,53,none,own,1,skilled employee / official,1,no,yes,Yes
no checking account,7,critical account / other credits existing,radio/television,,< 100 DM,4 - 7 years,1,female : divorced/separated/married,none,1,car or other,22,none,rent,3,skilled employee / official,1,yes,yes,No
< 0 DM,17,existing credits paid back duly,car (new),1058,< 100 DM,< 1 year,2,female : divorced/separated/married,none,3,car or other,25,none,own,1,unskilled - resident,1,no,yes,Yes
>= 200 DM,13,existing credits paid back duly,education,1727,< 100 DM,1 - 4 years,2,male : single,none,2,real estate,31,bank,for free,1,unskilled - resident,2,no,no,No
no checking account,16,critical account / other credits existing,car (new),2601,< 100 DM,>= 7 years,3,male : single,none,3,building society savings / life insurance,30,bank,own,2,skilled employee / official,1,no,yes,Yes
< 0 DM,26,critical account / other credits existing,car (used),2847,< 100 DM,>= 7 years,4,male : single,none,3,building society savings / life insurance,64,none,own,3,skilled employee / official,1,yes,yes,No
< 0 DM,36,existing credits paid back duly,education,1977,unknown / no savings,,4,male : single,none,4,unknown / no property,40,none,own,1,management / self-employed / highly qualified,1,yes,yes,Yes
< 0 DM,14,critical account / other credits existing,radio/television,,< 100 DM,4 - 7 years,4,female : divorced/separated/married,none,2,real estate,55,none,own,4,unskilled - resident,1,yes,yes,No
no checking account,6,existing credits paid back duly,furniture/equipment,1326,>= 1000 DM,1 - 4 years,4,male : divorced/separated,none,3,real estate,31,none,own,1,skilled employee / official,1,no,yes,No
no checking account,15,existing credits paid back duly,car (used),3859,unknown / no savings,1 - 4 years,1,male : single,none,1,building society savings / life insurance,33,none,own,1,skilled employee / official,1,yes,yes,No
< 0 DM,13,existing credits paid back duly,domestic appliances,2639,< 100 DM,unemployed,3,female : divorced/separated/married,none,4,unknown / no property,54,none,for free,2,management / self-employed / highly qualified,1,no,yes,No
no checking account,9,no credits taken,furniture/equipment,2444,< 100 DM,>= 7 years,1,male : single,none,4,building society savings / life insurance,31,none,own,3,unskilled - resident,1,no,yes,No
no checking account,14,existing credits paid back duly,car (used),-4077,unknown / no savings,< 1 year,1,female : divorced/separated/married,none,3,car or other,22,none,rent,1,management / self-employed / highly qualified,1,no,yes,No
< 0 DM,24,existing credits paid back duly,radio/television,1823,< 100 DM,unemployed,4,male : single,none,2,car or other,30,stores,own,1,management / self-employed / highly qualified,2,no,yes,Yes
0 - 200 DM,48,delay in paying off,education,6224,< 100 DM,>= 7 years,4,male : single,none,4,unknown / no property,50,none,for free,1,skilled employee / official,1,no,yes,Yes
0 - 200 DM,15,existing credits paid back duly,furniture/equipment,2870,< 100 DM,< 1 year,4,female : divorced/separated/married,none,1,real estate,35,none,rent,1,management / self-employed / highly qualified,1,no,yes,No
< 0 DM,21,existing credits paid back duly,radio/television,1655,< 100 DM,unemployed,4,male : single,none,2,unknown / no property,27,stores,own,1,management / self-employed / highly qualified,2,no,yes,Yes
no checking account,17,existing credits paid back duly,radio/television,1741,unknown / no savings,>= 7 years,4,male : single,none,1,building society savings / life insurance,38,none,own,1,skilled employee / official,1,no,yes,No
0 - 200 DM,42,all credits paid back duly,car (used),9283,< 100 DM,unemployed,1,male : single,none,2,unknown / no property,55,bank,for free,1,management / self-employed / highly qualified,1,yes,yes,No
< 0 DM,10,critical account / other credits existing,car (new),2241,< 100 DM,< 1 year,1,male : single,none,3,real estate,48,none,rent,2,unskilled - resident,2,no,no,No
< 0 DM,48,existing credits paid back duly,business,4308,< 100 DM,< 1 year,3,female : divorced/separated/married,none,4,building society savings / life insurance,24,none,rent,1,skilled employee / official,1,no,yes,Yes
< 0 DM,24,no credits taken,furniture/equipment,4510,< 100 DM,>= 7 years,2,male : single,none,3,unknown / no property,24,bank,rent,1,skilled employee / official,2,no,yes,Yes
< 0 DM,6,existing credits paid back duly,radio/television,2853,500 - 1000 DM,1 - 4 years,3,male : single,none,4,real estate,45,none,rent,2,skilled employee / official,2,no,yes,No
< 0 DM,13,delay in paying off,business,806,< 100 DM,1 - 4 years,4,female : divorced/separated/married,none,4,building society savings / life insurance,20,none,own,1,unskilled - resident,1,no,yes,No
no checking account,9,existing credits paid back duly,radio/television,2753,100 - 500 DM,>= 7 years,3,male : single,co-applicant,4,car or other,35,none,own,1,skilled employee / official,1,yes,yes,No
0 - 200 DM,18,critical account / other credits existing,furniture/equipment,3612,< 100 DM,>= 7 years,3,female : divorced/separated/married,none,4,building society savings / life insurance,37,none,own,1,skilled employee / official,1,yes,yes,No
0 - 200 DM,17,critical account / other credits existing,business,2128,unknown / no savings,1 - 4 years,4,male : married/widowed,none,4,real estate,28,bank,own,2,skilled employee / official,1,no,yes,No
no checking account,60,delay in paying off,radio/television,13665,< 100 DM,4 - 7 years,2,male : single,none,4,car or other,24,none,own,2,skilled employee / official,1,yes,yes,No
0 - 200 DM,,critical account / other credits existing,business,1935,< 100 DM,>= 7 years,4,male : divorced/separated,none,4,real estate,31,none,own,2,skilled employee / official,1,yes,yes,Yes
0 - 200 DM,46,no credits taken,others,19972,< 100 DM,4 - 7 years,1,female : divorced/separated/married,none,2,building society savings / life insurance,29,bank,own,1,management / self-employed / highly qualified,1,no,no,Yes
< 0 DM,,existing credits paid back duly,education,752,< 100 DM,1 - 4 years,4,male : single,none,4,car or other,37,none,rent,1,unskilled - resident,2,no,yes,Yes
0 - 200 DM,0,critical account / other credits existing,business,5954,< 100 DM,4 - 7 years,2,female : divorced/separated/married,none,1,real estate,41,bank,own,2,unskilled - resident,1,no,yes,No
0 - 200 DM,24,critical account / other credits existing,business,2825,unknown / no savings,4 - 7 years,4,male : single,none,3,unknown / no property,34,none,own,2,skilled employee / official,2,yes,yes,No
< 0 DM,21,existing credits paid back duly,furniture/equipment,3156,< 100 DM,< 1 year,4,female : divorced/separated/married,none,1,unknown / no property,23,bank,for free,1,skilled employee / official,1,no,yes,No
no checking account,5,existing credits paid back duly,radio/television,1622,< 100 DM,4 - 7 years,3,male : single,none,1,building society savings / life insurance,49,none,own,2,skilled employee / official,2,no,yes,No
>= 200 DM,38,existing credits paid back duly,radio/television,4757,< 100 DM,< 1 year,4,male : single,none,3,car or other,23,none,own,1,skilled employee / official,1,no,yes,Yes
< 0 DM,15,existing credits paid back duly,car (new),1403,< 100 DM,1 - 4 years,2,female : divorced/separated/married,none,4,car or other,28,none,rent,1,skilled employee / official,1,no,yes,No
0 - 200 DM,48,existing credits paid back duly,radio/television,5778,< 100 DM,1 - 4 years,2,female : divorced/separated/married,none,2,real estate,21,none,rent,1,skilled employee / official,1,no,yes,Yes
0 - 200 DM,31,existing credits paid back duly,radio/television,1531,unknown / no savings,4 - 7 years,4,female : divorced/separated/married,none,1,car or other,28,none,own,2,skilled employee / official,1,no,no,No
0 - 200 DM,8,existing credits paid back duly,radio/television,1414,< 100 DM,1 - 4 years,4,male : single,guarantor,2,real estate,33,none,own,1,skilled employee / official,1,no,no,No
< 0 DM,19,existing credits paid back duly,radio/television,1793,< 100 DM,1 - 4 years,2,female : divorced/separated/married,none,1,real estate,23,none,own,2,skilled employee / official,1,yes,yes,Yes
< 0 DM,14,existing credits paid back duly,car (new),1186,< 100 DM,1 - 4 years,4,female : divorced/separated/married,none,2,real estate,21,none,own,1,unskilled - resident,1,no,yes,Yes
>= 200 DM,13,existing credits paid back duly,radio/television,1431,< 100 DM,< 1 year,3,male : married/widowed,none,4,real estate,21,none,rent,1,skilled employee / official,2,no,yes,No
< 0 DM,39,critical account / other credits existing,education,5878,< 100 DM,1 - 4 years,4,male : single,none,3,unknown / no property,24,bank,own,1,skilled employee / official,1,no,yes,Yes
no checking account,10,all credits paid back duly,retraining,3963,500 - 1000 DM,< 1 year,3,female : divorced/separated/married,none,2,real estate,36,none,own,1,unskilled - resident,2,no,yes,No
0 - 200 DM,20,existing credits paid back duly,car (used),6468,unknown / no savings,unemployed,1,male : divorced/separated,none,4,real estate,60,none,own,1,management / self-employed / highly qualified,1,yes,yes,No
< 0 DM,12,critical account / other credits existing,car (new),2122,< 100 DM,1 - 4 years,3,male : single,none,2,real estate,39,none,rent,2,unskilled - resident,2,no,no,No
< 0 DM,27,existing credits paid back duly,car (new),2857,< 100 DM,< 1 year,4,female : divorced/separated/married,none,1,real estate,26,none,own,2,skilled employee / official,1,no,yes,Yes
no checking account,23,all credits paid back duly,business,1721,< 100 DM,4 - 7 years,3,male : single,none,4,car or other,52,bank,own,1,skilled employee / official,1,yes,yes,No
no checking account,23,delay in paying off,radio/television,2624,>= 1000 DM,4 - 7 years,2,male : single,none,2,building society savings / life insurance,34,none,own,1,unskilled - resident,1,no,no,No
no checking account,48,critical account / other credits existing,car (used),2751,unknown / no savings,>= 7 years,4,male : single,none,3,car or other,38,none,own,2,skilled employee / official,2,yes,yes,No
no checking account,33,existing credits paid back duly,car (new),840,500 - 1000 DM,>= 7 years,4,male : single,none,4,building society savings / life insurance,34,none,own,1,skilled employee / official,1,no,yes,No
0 - 200 DM,23,delay in paying off,car (used),7587,unknown / no savings,4 - 7 years,3,male : single,none,4,building society savings / life insurance,38,bank,rent,2,management / self-employed / highly qualified,2,yes,yes,No
< 0 DM,,existing credits paid back duly,radio/television,6010,< 100 DM,4 - 7 years,2,male : married/widowed,none,3,car or other,20,stores,own,1,unskilled - resident,1,no,yes,No
0 - 200 DM,36,all credits paid back duly,domestic appliances,,unknown / no savings,< 1 year,2,male : single,none,2,unknown / no property,27,bank,own,1,unemployed / unskilled - non-resident,1,no,yes,No
< 0 DM,36,existing credits paid back duly,furniture/equipment,3959,< 100 DM,unemployed,4,male : single,none,3,building society savings / life insurance,30,none,own,1,management / self-employed / highly qualified,1,yes,yes,No
< 0 DM,50,existing credits paid back duly,radio/television,4509,unknown / no savings,4 - 7 years,4,male : single,none,1,car or other,40,none,own,1,skilled employee / official,2,yes,yes,No
0 - 200 DM,26,existing credits paid back duly,car (new),3389,100 - 500 DM,4 - 7 years,3,male : single,none,3,car or other,,bank,own,2,skilled employee / official,1,yes,yes,No
0 - 200 DM,48,no credits taken,business,12204,unknown / no savings,1 - 4 years,2,male : single,none,2,car or other,48,bank,own,1,management / self-employed / highly qualified,1,yes,yes,No
no checking account,24,existing credits paid back duly,car (new),7393,< 100 DM,1 - 4 years,1,male : single,none,4,building society savings / life insurance,43,none,own,1,unskilled - resident,2,no,yes,No
0 - 200 DM,50,existing credits paid back duly,car (new),,100 - 500 DM,1 - 4 years,3,male : single,none,3,building society savings / life insurance,22,none,own,1,management / self-employed / highly qualified,1,no,yes,Yes
no checking account,23,delay in paying off,furniture/equipment,4460,100 - 500 DM,4 - 7 years,3,male : single,none,2,building society savings / life insurance,34,stores,own,1,skilled employee / official,1,no,yes,No
no checking account,27,existing credits paid back duly,radio/television,2447,500 - 1000 DM,>= 7 years,4,male : married/widowed,none,1,car or other,31,bank,own,1,management / self-employed / highly qualified,2,no,no,No
< 0 DM,22,all credits paid back duly,others,,>= 1000 DM,>= 7 years,4,male : single,none,4,car or other,40,stores,own,1,management / self-employed / highly qualified,1,yes,yes,Yes
< 0 DM,15,existing credits paid back duly,car (new),2143,500 - 1000 DM,4 - 7 years,3,male : single,none,4,car or other,29,none,own,1,skilled employee / official,2,yes,yes,No
< 0 DM,9,existing credits paid back duly,car (new),1422,< 100 DM,< 1 year,3,male : single,none,2,unknown / no property,27,none,for free,1,management / self-employed / highly qualified,1,yes,yes,Yes
< 0 DM,24,critical account / other credits existing,car (used),6615,< 100 DM,unemployed,2,male : single,none,4,unknown / no property,75,none,for free,2,management / self-employed / highly qualified,1,yes,yes,No
0 - 200 DM,,critical account / other credits existing,radio/television,1398,< 100 DM,4 - 7 years,4,male : single,none,2,car or other,34,none,own,2,skilled employee / official,1,no,yes,Yes
no checking account,6,critical account / other credits existing,radio/television,1898,unknown / no savings,,1,male : single,none,2,real estate,34,none,own,2,unskilled - resident,2,no,yes,No
< 0 DM,8,critical account / other credits existing,car (new),3398,< 100 DM,4 - 7 years,1,male : single,none,4,real estate,39,none,own,2,unskilled - resident,1,no,no,No
0 - 200 DM,24,critical account / other credits existing,education,5743,< 100 DM,< 1 year,2,female : divorced/separated/married,none,4,unknown / no property,24,none,for free,2,skilled employee / official,1,yes,yes,No
0 - 200 DM,27,existing credits paid back duly,business,3382,< 100 DM,1 - 4 years,4,male : single,none,1,car or other,,none,own,1,skilled employee / official,1,yes,yes,Yes
no checking account,24,critical account / other credits existing,radio/television,1851,< 100 DM,4 - 7 years,4,male : married/widowed,guarantor,2,car or other,33,none,own,2,skilled employee / official,1,yes,yes,No
no checking account,24,delay in paying off,furniture/equipment,4151,100 - 500 DM,1 - 4 years,2,male : single,none,3,building society savings / life insurance,35,none,own,2,skilled employee / official,1,no,yes,No
0 - 200 DM,21,existing credits paid back duly,business,1188,< 100 DM,>= 7 years,2,female : divorced/separated/married,none,4,building society savings / life insurance,39,none,own,1,skilled employee / official,2,no,yes,Yes
0 - 200 DM,24,delay in paying off,business,4712,unknown / no savings,1 - 4 years,4,male : single,none,2,building society savings / life insurance,37,bank,own,2,management / self-employed / highly qualified,1,yes,yes,No
no checking account,18,critical account / other credits existing,radio/television,2404,< 100 DM,1 - 4 years,2,female : divorced/separated/married,none,2,car or other,26,none,own,2,skilled employee / official,1,no,yes,No
no checking account,24,existing credits paid back duly,car (used),2679,< 100 DM,< 1 year,4,female : divorced/separated/married,none,1,unknown / no property,29,none,own,1,management / self-employed / highly qualified,1,yes,yes,No
no checking account,19,delay in paying off,car (new),6426,unknown / no savings,,3,male : married/widowed,none,4,car or other,71,none,rent,2,skilled employee / official,1,yes,yes,Yes
< 0 DM,24,existing credits paid back duly,furniture/equipment,7721,unknown / no savings,< 1 year,1,female : divorced/separated/married,none,2,building society savings / life insurance,,none,own,1,skilled employee / official,1,yes,no,No
0 - 200 DM,0,delay in paying off,business,4052,unknown / no savings,4 - 7 years,4,male : single,none,3,building society savings / life insurance,36,bank,own,2,management / self-employed / highly qualified,1,yes,yes,No
>= 200 DM,8,delay in paying off,radio/television,599,< 100 DM,< 1 year,3,female : divorced/separated/married,none,2,building society savings / life insurance,30,bank,own,1,skilled employee / official,1,no,yes,No
no checking account,6,existing credits paid back duly,education,1538,< 100 DM,< 1 year,1,female : divorced/separated/married,none,2,unknown / no property,56,none,own,1,skilled employee / official,1,no,yes,No
< 0 DM,13,existing credits paid back duly,radio/television,2191,< 100 DM,>= 7 years,4,male : single,none,3,real estate,50,none,own,1,skilled employee / official,1,no,yes,No
< 0 DM,18,existing credits paid back duly,radio/television,1936,unknown / no savings,4 - 7 years,2,male : married/widowed,none,4,car or other,23,none,rent,2,unskilled - resident,1,no,yes,No
< 0 DM,38,existing credits paid back duly,radio/television,8712,< 100 DM,1 - 4 years,1,male : single,none,3,building society savings / life insurance,24,none,own,1,skilled employee / official,2,no,yes,Yes
no checking account,36,existing credits paid back duly,car (new),909,500 - 1000 DM,>= 7 years,4,male : single,none,4,building society savings / life insurance,36,none,own,1,skilled employee / official,1,no,yes,No
0 - 200 DM,30,existing credits paid back duly,radio/television,2991,unknown / no savings,>= 7 years,2,female : divorced/separated/married,none,4,car or other,25,none,own,1,skilled employee / official,1,no,yes,No
< 0 DM,14,existing credits paid back duly,radio/television,700,100 - 500 DM,1 - 4 years,3,male : single,none,3,real estate,67,none,own,1,unskilled - resident,1,no,yes,Yes
< 0 DM,61,delay in paying off,radio/television,7427,< 100 DM,>= 7 years,3,male : single,none,4,unknown / no property,61,none,own,2,skilled employee / official,1,yes,yes,Yes
0 - 200 DM,12,existing credits paid back duly,repairs,1177,< 100 DM,>= 7 years,4,male : single,none,4,car or other,35,none,rent,2,unskilled - resident,2,no,yes,No
no checking account,12,existing credits paid back duly,car (new),3527,unknown / no savings,< 1 year,2,male : single,none,3,building society savings / life insurance,45,none,own,1,management / self-employed / highly qualified,2,yes,yes,No
< 0 DM,27,delay in paying off,radio/television,1040,< 100 DM,< 1 year,3,male : married/widowed,none,3,real estate,51,stores,own,1,skilled employee / official,1,no,yes,Yes
0 - 200 DM,,all credits paid back duly,furniture/equipment,3496,>= 1000 DM,1 - 4 years,4,male : single,none,2,car or other,34,stores,own,1,skilled employee / official,2,yes,yes,No
< 0 DM,18,existing credits paid back duly,car (used),7511,unknown / no savings,>= 7 years,1,male : single,none,4,building society savings / life insurance,51,none,for free,1,skilled employee / official,2,yes,yes,Yes
< 0 DM,15,existing credits paid back duly,radio/television,2652,100 - 500 DM,< 1 year,4,female : divorced/separated/married,none,1,car or other,27,stores,own,1,skilled employee / official,2,yes,yes,No
0 - 200 DM,50,all credits paid back duly,business,5456,< 100 DM,>= 7 years,3,female : divorced/separated/married,none,3,unknown / no property,58,none,rent,2,skilled employee / official,1,no,yes,Yes
no checking account,13,existing credits paid back duly,education,1415,< 100 DM,>= 7 years,4,male : single,none,4,building society savings / life insurance,48,bank,rent,3,skilled employee / official,2,yes,yes,No
0 - 200 DM,19,existing credits paid back duly,business,4596,< 100 DM,,2,male : single,co-applicant,1,real estate,35,bank,own,1,management / self-employed / highly qualified,2,yes,yes,No
no checking account,13,critical account / other credits existing,retraining,2223,< 100 DM,,1,male : single,none,2,real estate,47,none,own,1,unskilled - resident,2,no,yes,No
no checking account,18,critical account / other credits existing,car (new),1028,< 100 DM,1 - 4 years,4,female : divorced/separated/married,none,3,real estate,36,none,own,2,skilled employee / official,1,no,yes,No
no checking account,24,delay in paying off,car (used),7592,< 100 DM,>= 7 years,2,male : single,none,4,building society savings / life insurance,41,none,own,1,management / self-employed / highly qualified,2,yes,yes,No
no checking account,30,all credits paid back duly,car (used),7485,unknown / no savings,unemployed,4,female : divorced/separated/married,none,1,real estate,53,bank,own,1,management / self-employed / highly qualified,1,yes,yes,Yes
< 0 DM,17,existing credits paid back duly,education,792,< 100 DM,unemployed,4,female : divorced/separated/married,none,2,real estate,27,none,own,1,unemployed / unskilled - non-resident,1,no,yes,Yes
< 0 DM,11,critical account / other credits existing,radio/television,900,< 100 DM,< 1 year,3,male : single,guarantor,4,real estate,23,none,own,3,skilled employee / official,1,no,yes,No
0 - 200 DM,36,delay in paying off,business,9857,100 - 500 DM,4 - 7 years,1,male : single,none,3,building society savings / life insurance,31,none,own,2,unskilled - resident,2,yes,yes,No
no checking account,11,existing credits paid back duly,car (new),2132,unknown / no savings,>= 7 years,4,male : single,none,2,car or other,51,none,own,1,skilled employee / official,2,yes,yes,No
no checking account,20,critical account / other credits existing,radio/television,1841,< 100 DM,1 - 4 years,4,male : single,none,2,car or other,27,none,for free,1,skilled employee / official,1,no,yes,No
0 - 200 DM,22,critical account / other credits existing,furniture/equipment,5428,< 100 DM,unemployed,2,female : divorced/separated/married,none,4,car or other,23,bank,own,1,unemployed / unskilled - non-resident,1,no,yes,Yes
0 - 200 DM,,critical account / other credits existing,radio/television,882,< 100 DM,< 1 year,4,male : single,guarantor,4,real estate,23,none,own,2,skilled employee / official,1,no,yes,No
>= 200 DM,11,delay in paying off,radio/television,1116,100 - 500 DM,>= 7 years,2,male : divorced/separated,none,3,real estate,51,none,own,1,skilled employee / official,1,no,yes,No
no checking account,24,existing credits paid back duly,car (new),2255,unknown / no savings,< 1 year,4,male : single,none,1,building society savings / life insurance,54,none,own,1,skilled employee / official,1,no,yes,No
no checking account,30,critical account / other credits existing,radio/television,2831,< 100 DM,1 - 4 years,4,female : divorced/separated/married,none,2,car or other,33,none,own,1,skilled employee / official,1,yes,yes,No
< 0 DM,19,existing credits paid back duly,domestic appliances,1296,< 100 DM,1 - 4 years,4,male : divorced/separated,none,2,real estate,45,none,own,1,unskilled - resident,1,yes,yes,Yes
no checking account,12,critical account / other credits existing,radio/television,930,unknown / no savings,>= 7 years,4,male : single,none,4,real estate,65,none,own,4,skilled employee / official,1,no,yes,No
< 0 DM,35,critical account / other credits existing,furniture/equipment,4741,>= 1000 DM,1 - 4 years,1,male : divorced/separated,none,4,building society savings / life insurance,21,none,own,3,skilled employee / official,1,no,yes,Yes
no checking account,10,critical account / other credits existing,repairs,1039,unknown / no savings,4 - 7 years,4,female : divorced/separated/married,none,4,real estate,24,none,own,2,unskilled - resident,2,no,yes,No
0 - 200 DM,23,all credits paid back duly,furniture/equipment,6472,< 100 DM,1 - 4 years,2,male : divorced/separated,none,1,building society savings / life insurance,55,bank,own,1,skilled employee / official,1,yes,yes,Yes
no checking account,42,existing credits paid back duly,radio/television,7166,unknown / no savings,4 - 7 years,2,male : married/widowed,none,4,building society savings / life insurance,29,none,rent,1,skilled employee / official,1,yes,yes,No
no checking account,18,critical account / other credits existing,radio/television,1800,< 100 DM,1 - 4 years,4,male : single,none,2,car or other,24,none,own,2,skilled employee / official,1,no,yes,No
< 0 DM,,critical account / other credits existing,radio/television,2193,< 100 DM,>= 7 years,2,female : divorced/separated/married,none,4,car or other,29,none,own,1,skilled employee / official,1,no,no,No
no checking account,48,all credits paid back duly,business,3609,< 100 DM,1 - 4 years,1,female : divorced/separated/married,none,1,real estate,27,stores,own,1,skilled employee / official,1,no,yes,No
no checking account,22,existing credits paid back duly,radio/television,2884,500 - 1000 DM,>= 7 years,3,male : single,none,4,car or other,37,none,own,1,skilled employee / official,1,no,yes,No
< 0 DM,42,critical account / other credits existing,repairs,3394,< 100 DM,unemployed,4,male : single,co-applicant,4,car or other,,none,own,2,unemployed / unskilled - non-resident,1,no,yes,No
< 0 DM,42,existing credits paid back duly,furniture/equipment,7882,< 100 DM,4 - 7 years,2,male : single,guarantor,4,building society savings / life insurance,45,none,for free,1,skilled employee / official,2,no,yes,No
< 0 DM,17,existing credits paid back duly,radio/television,1752,unknown / no savings,4 - 7 years,2,male : married/widowed,none,4,car or other,20,none,rent,3,unskilled - resident,1,no,yes,No
< 0 DM,19,existing credits paid back duly,furniture/equipment,2809,< 100 DM,4 - 7 years,3,female : divorced/separated/married,none,4,real estate,,none,rent,1,skilled employee / official,1,no,yes,No
0 - 200 DM,38,delay in paying off,car (used),3065,100 - 500 DM,>= 7 years,3,male : single,none,2,unknown / no property,29,none,for free,1,skilled employee / official,1,no,yes,No
< 0 DM,20,delay in paying off,radio/television,1683,< 100 DM,1 - 4 years,4,female : divorced/separated/married,none,4,car or other,24,bank,rent,2,skilled employee / official,1,no,yes,Yes
< 0 DM,24,existing credits paid back duly,business,6568,< 100 DM,1 - 4 years,2,male : married/widowed,none,2,car or other,21,stores,own,1,unskilled - resident,1,no,yes,No
no checking account,15,critical account / other credits existing,radio/television,,500 - 1000 DM,>= 7 years,4,male : single,none,3,building society savings / life insurance,32,bank,own,2,management / self-employed / highly qualified,1,yes,yes,No
0 - 200 DM,11,existing credits paid back duly,radio/television,1422,< 100 DM,< 1 year,3,female : divorced/separated/married,none,2,car or other,23,none,own,1,skilled employee / official,1,yes,yes,Yes
no checking account,24,critical account / other credits existing,car (new),2022,< 100 DM,,4,female : divorced/separated/married,none,4,car or other,,none,own,1,skilled employee / official,1,yes,yes,No
0 - 200 DM,62,delay in paying off,radio/television,8597,unknown / no savings,,2,male : single,none,1,unknown / no property,29,bank,for free,2,management / self-employed / highly qualified,1,no,yes,No
>= 200 DM,18,existing credits paid back duly,car (new),1961,< 100 DM,>= 7 years,3,female : divorced/separated/married,none,2,car or other,23,none,own,1,management / self-employed / highly qualified,1,no,yes,No
0 - 200 DM,20,existing credits paid back duly,furniture/equipment,1024,< 100 DM,unemployed,4,female : divorced/separated/married,none,1,car or other,34,none,own,2,skilled employee / official,1,yes,yes,Yes
< 0 DM,18,existing credits paid back duly,radio/television,,< 100 DM,1 - 4 years,2,female : divorced/separated/married,none,2,real estate,24,none,own,1,skilled employee / official,1,no,yes,Yes
no checking account,24,existing credits paid back duly,radio/television,2284,< 100 DM,4 - 7 years,4,male : single,none,2,car or other,28,none,own,1,skilled employee / official,1,yes,yes,No
< 0 DM,24,existing credits paid back duly,radio/television,3660,< 100 DM,1 - 4 years,2,female : divorced/separated/married,none,4,car or other,28,none,own,1,skilled employee / official,1,no,yes,No
0 - 200 DM,9,existing credits paid back duly,radio/television,1872,< 100 DM,< 1 year,4,female : divorced/separated/married,none,2,car or other,25,stores,own,1,skilled employee / official,1,yes,yes,Yes
0 - 200 DM,12,all credits paid back duly,car (new),1547,100 - 500 DM,4 - 7 years,2,male : single,none,3,unknown / no property,30,none,own,1,skilled employee / official,1,no,yes,Yes
no checking account,19,delay in paying off,radio/television,1984,< 100 DM,unemployed,2,male : married/widowed,none,2,real estate,36,stores,own,1,skilled employee / official,1,yes,yes,No
< 0 DM,23,existing credits paid back duly,radio/television,2007,< 100 DM,1 - 4 years,4,male : divorced/separated,none,2,building society savings / life insurance,31,none,own,1,unskilled - resident,1,yes,yes,Yes
no checking account,6,critical account / other credits existing,radio/television,1554,< 100 DM,4 - 7 years,1,female : divorced/separated/married,none,2,car or other,24,none,rent,2,skilled employee / official,1,yes,yes,No
0 - 200 DM,13,existing credits paid back duly,radio/television,7065,unknown / no savings,unemployed,1,male : single,none,1,car or other,50,none,own,1,management / self-employed / highly qualified,1,yes,yes,Yes
0 - 200 DM,27,critical account / other credits existing,radio/television,1875,< 100 DM,>= 7 years,4,male : single,none,1,car or other,46,none,own,2,unskilled - resident,1,no,yes,No
no checking account,15,critical account / other credits existing,radio/television,1471,< 100 DM,1 - 4 years,4,male : single,none,4,unknown / no property,35,none,for free,2,skilled employee / official,1,yes,yes,No
0 - 200 DM,38,delay in paying off,education,2352,< 100 DM,4 - 7 years,4,male : single,none,1,car or other,35,none,own,1,skilled employee / official,2,no,yes,No
< 0 DM,15,existing credits paid back duly,car (new),1266,< 100 DM,< 1 year,4,female : divorced/separated/married,none,1,real estate,34,none,own,1,skilled employee / official,1,no,yes,Yes
>= 200 DM,11,existing credits paid back duly,domestic appliances,1094,< 100 DM,1 - 4 years,3,male : single,none,3,car or other,34,none,own,2,management / self-employed / highly qualified,1,yes,yes,No
>= 200 DM,,critical account / other credits existing,education,1855,unknown / no savings,1 - 4 years,2,female : divorced/separated/married,none,3,car or other,33,none,own,2,skilled employee / official,1,yes,yes,No
no checking account,14,critical account / other credits existing,radio/television,790,< 100 DM,>= 7 years,4,male : single,none,4,real estate,52,none,own,3,skilled employee / official,1,no,yes,No
no checking account,12,critical account / other credits existing,business,1412,< 100 DM,1 - 4 years,4,female : divorced/separated/married,guarantor,2,real estate,29,none,own,2,management / self-employed / highly qualified,1,yes,yes,No
no checking account,18,existing credits paid back duly,repairs,1943,< 100 DM,< 1 year,4,female : divorced/separated/married,none,4,real estate,23,none,own,1,skilled employee / official,1,no,yes,Yes
no checking account,15,critical account / other credits existing,radio/television,1316,500 - 1000 DM,1 - 4 years,2,male : married/widowed,none,2,building society savings / life insurance,47,none,own,2,unskilled - resident,1,no,yes,No
0 - 200 DM,17,critical account / other credits existing,furniture/equipment,1904,< 100 DM,< 1 year,2,male : single,none,1,real estate,29,none,own,2,unskilled - resident,1,no,yes,Yes
< 0 DM,48,existing credits paid back duly,domestic appliances,3051,< 100 DM,1 - 4 years,3,male : single,none,4,car or other,54,none,own,1,skilled employee / official,1,no,yes,Yes
0 - 200 DM,20,delay in paying off,furniture/equipment,1895,unknown / no savings,< 1 year,4,female : divorced/separated/married,none,3,real estate,26,none,for free,1,skilled employee / official,1,no,yes,Yes
no checking account,10,all credits paid back duly,radio/television,2332,100 - 500 DM,< 1 year,3,female : divorced/separated/married,none,3,car or other,28,bank,own,1,skilled employee / official,1,no,yes,No
0 - 200 DM,24,delay in paying off,radio/television,1553,100 - 500 DM,4 - 7 years,3,female : divorced/separated/married,none,2,building society savings / life insurance,23,none,rent,2,skilled employee / official,1,yes,yes,No
< 0 DM,36,existing credits paid back duly,repairs,2399,< 100 DM,,4,male : single,none,1,unknown / no property,36,none,own,2,unskilled - resident,1,no,yes,Yes
no checking account,18,critical account / other credits existing,radio/television,1517,>= 1000 DM,>= 7 years,4,male : single,none,4,car or other,46,none,own,2,skilled employee / official,1,no,yes,No
no checking account,3,existing credits paid back duly,furniture/equipment,2716,100 - 500 DM,1 - 4 years,1,male : single,none,3,car or other,29,none,own,1,skilled employee / official,1,yes,yes,No
< 0 DM,24,existing credits paid back duly,car (new),3123,< 100 DM,< 1 year,4,female : divorced/separated/married,none,1,building society savings / life insurance,27,none,own,1,skilled employee / official,1,no,yes,Yes
>= 200 DM,29,existing credits paid back duly,radio/television,2995,unknown / no savings,>= 7 years,3,female : divorced/separated/married,none,4,car or other,22,none,own,1,skilled employee / official,1,no,yes,No
no checking account,21,critical account / other credits existing,repairs,1758,< 100 DM,1 - 4 years,4,male : divorced/separated,none,2,real estate,34,none,for free,2,skilled employee / official,1,yes,yes,No
< 0 DM,12,existing credits paid back duly,radio/television,701,< 100 DM,1 - 4 years,4,male : married/widowed,none,2,real estate,40,none,own,1,unskilled - resident,1,no,yes,No
< 0 DM,12,existing credits paid back duly,domestic appliances,741,100 - 500 DM,unemployed,4,female : divorced/separated/married,none,3,building society savings / life insurance,22,none,own,1,skilled employee / official,1,no,yes,Yes
< 0 DM,36,existing credits paid back duly,car (used),8335,unknown / no savings,>= 7 years,3,male : single,none,4,unknown / no property,47,none,for free,1,skilled employee / official,1,no,yes,Yes
no checking account,20,delay in paying off,radio/television,4857,< 100 DM,< 1 year,2,male : single,none,1,car or other,31,none,for free,1,skilled employee / official,1,yes,yes,No
no checking account,27,delay in paying off,car (used),8613,>= 1000 DM,1 - 4 years,2,male : single,none,2,car or other,27,none,own,2,skilled employee / official,1,no,yes,No
no checking account,17,existing credits paid back duly,radio/television,1076,500 - 1000 DM,>= 7 years,4,male : single,none,3,car or other,48,stores,own,1,skilled employee / official,1,yes,yes,No
no checking account,24,critical account / other credits existing,car (used),3632,< 100 DM,>= 7 years,1,male : single,none,4,car or other,39,none,own,1,management / self-employed / highly qualified,1,yes,yes,No
no checking account,11,existing credits paid back duly,furniture/equipment,1414,< 100 DM,1 - 4 years,3,male : single,none,3,real estate,50,none,own,1,skilled employee / official,1,no,yes,No
< 0 DM,25,existing credits paid back duly,radio/television,2747,< 100 DM,< 1 year,4,male : single,none,1,unknown / no property,20,none,rent,2,skilled employee / official,1,yes,yes,Yes
no checking account,18,existing credits paid back duly,furniture/equipment,1984,< 100 DM,1 - 4 years,4,male : single,none,4,unknown / no property,47,bank,for free,2,skilled employee / official,1,no,yes,No
no checking account,6,existing credits paid back duly,car (new),672,< 100 DM,unemployed,1,female : divorced/separated/married,none,4,real estate,54,none,own,1,unemployed / unskilled - non-resident,1,yes,yes,No
0 - 200 DM,24,critical account / other credits existing,radio/television,1216,100 - 500 DM,< 1 year,4,male : single,none,4,unknown / no property,38,bank,own,2,skilled employee / official,2,no,yes,Yes
no checking account,62,critical account / other credits existing,car (new),13712,unknown / no savings,>= 7 years,2,male : single,none,4,unknown / no property,66,bank,for free,2,management / self-employed / highly qualified,1,yes,yes,No
no checking account,5,critical account / other credits existing,radio/television,1568,< 100 DM,4 - 7 years,2,male : single,none,1,real estate,45,none,own,3,unskilled - resident,2,no,yes,No
0 - 200 DM,14,existing credits paid back duly,business,1410,500 - 1000 DM,,1,male : married/widowed,none,2,real estate,35,none,own,1,skilled employee / official,1,yes,yes,No
< 0 DM,36,existing credits paid back duly,furniture/equipment,3511,< 100 DM,1 - 4 years,2,male : single,guarantor,1,car or other,34,none,own,1,skilled employee / official,2,no,yes,No
no checking account,12,existing credits paid back duly,car (used),4675,unknown / no savings,< 1 year,1,female : divorced/separated/married,none,4,car or other,,none,rent,1,skilled employee / official,1,no,yes,No
< 0 DM,20,all credits paid back duly,furniture/equipment,3826,< 100 DM,< 1 year,2,male : single,co-applicant,3,car or other,41,none,own,1,skilled employee / official,1,no,yes,Yes
no checking account,13,delay in paying off,furniture/equipment,1015,>= 1000 DM,4 - 7 years,4,female : divorced/separated/married,none,2,building society savings / life insurance,27,none,own,3,skilled employee / official,1,yes,yes,No
>= 200 DM,36,existing credits paid back duly,radio/television,4210,< 100 DM,1 - 4 years,4,male : single,none,2,car or other,26,none,own,1,skilled employee / official,1,no,yes,Yes
no checking account,6,critical account / other credits existing,radio/television,1779,< 100 DM,>= 7 years,2,male : married/widowed,none,2,real estate,33,none,rent,3,skilled employee / official,1,no,yes,No
no checking account,13,existing credits paid back duly,car (new),,< 100 DM,1 - 4 years,3,male : divorced/separated,none,1,real estate,49,none,own,1,unskilled - resident,1,yes,yes,No
no checking account,18,existing credits paid back duly,furniture/equipment,,< 100 DM,1 - 4 years,4,male : single,none,4,unknown / no property,47,bank,rent,2,skilled employee / official,1,no,yes,No
no checking account,15,existing credits paid back duly,car (new),1769,< 100 DM,< 1 year,2,female : divorced/separated/married,none,1,building society savings / life insurance,28,none,own,1,management / self-employed / highly qualified,2,yes,yes,No
0 - 200 DM,21,critical account / other credits existing,furniture/equipment,2745,>= 1000 DM,4 - 7 years,3,male : single,none,2,car or other,32,none,own,2,skilled employee / official,1,yes,yes,No
no checking account,24,delay in paying off,car (used),4679,< 100 DM,4 - 7 years,3,male : single,none,3,car or other,,none,own,2,unskilled - resident,1,yes,yes,No
no checking account,23,existing credits paid back duly,radio/television,1660,500 - 1000 DM,1 - 4 years,3,male : single,none,4,building society savings / life insurance,27,none,rent,1,management / self-employed / highly qualified,1,yes,yes,No
0 - 200 DM,41,critical account / other credits existing,business,6374,< 100 DM,4 - 7 years,1,female : divorced/separated/married,none,1,real estate,42,bank,own,3,unskilled - resident,1,no,no,No
0 - 200 DM,30,no credits taken,business,4221,< 100 DM,1 - 4 years,2,female : divorced/separated/married,none,1,car or other,28,none,own,2,skilled employee / official,1,no,yes,No
< 0 DM,24,existing credits paid back duly,car (new),1371,unknown / no savings,1 - 4 years,4,female : divorced/separated/married,none,4,real estate,25,none,rent,1,skilled employee / official,1,no,yes,Yes
no checking account,6,existing credits paid back duly,furniture/equipment,2978,500 - 1000 DM,1 - 4 years,1,male : single,none,2,car or other,32,none,own,1,skilled employee / official,1,yes,yes,No
no checking account,25,delay in paying off,car (used),4919,< 100 DM,4 - 7 years,3,male : single,none,3,car or other,37,none,own,2,unskilled - resident,1,yes,no,No
no checking account,21,existing credits paid back duly,business,1983,< 100 DM,4 - 7 years,4,male : single,none,2,unknown / no property,35,stores,own,2,skilled employee / official,1,yes,yes,No
< 0 DM,6,all credits paid back duly,others,1237,< 100 DM,4 - 7 years,4,female : divorced/separated/married,none,4,unknown / no property,35,none,for free,1,skilled employee / official,1,no,yes,Yes
0 - 200 DM,13,existing credits paid back duly,car (new),7961,unknown / no savings,unemployed,1,female : divorced/separated/married,none,2,real estate,27,none,rent,2,unemployed / unskilled - non-resident,1,no,yes,No
< 0 DM,15,existing credits paid back duly,radio/television,2831,< 100 DM,1 - 4 years,1,female : divorced/separated/married,none,2,real estate,26,bank,own,1,skilled employee / official,1,no,yes,Yes
>= 200 DM,21,existing credits paid back duly,car (new),7112,< 100 DM,>= 7 years,3,male : single,none,3,real estate,26,none,rent,2,unskilled - resident,1,no,yes,No
no checking account,25,existing credits paid back duly,car (used),3265,< 100 DM,< 1 year,4,female : divorced/separated/married,none,4,building society savings / life insurance,27,none,own,1,skilled employee / official,1,yes,yes,No
no checking account,26,delay in paying off,business,2599,unknown / no savings,1 - 4 years,4,male : divorced/separated,none,4,real estate,31,none,own,1,skilled employee / official,2,yes,yes,No
< 0 DM,14,existing credits paid back duly,car (new),8978,< 100 DM,>= 7 years,1,male : divorced/separated,none,4,building society savings / life insurance,45,none,own,1,management / self-employed / highly qualified,1,yes,no,Yes
no checking account,15,critical account / other credits existing,radio/television,1829,< 100 DM,>= 7 years,4,male : single,none,4,car or other,46,none,own,2,skilled employee / official,1,yes,yes,No
0 - 200 DM,18,critical account / other credits existing,radio/television,1795,< 100 DM,>= 7 years,3,female : divorced/separated/married,guarantor,4,real estate,48,bank,rent,2,unskilled - resident,1,yes,yes,No
no checking account,9,existing credits paid back duly,radio/television,1614,< 100 DM,4 - 7 years,4,male : single,none,3,car or other,21,none,own,1,skilled employee / official,1,no,yes,Yes
0 - 200 DM,30,existing credits paid back duly,furniture/equipment,3832,< 100 DM,< 1 year,2,male : married/widowed,none,1,building society savings / life insurance,22,none,own,1,skilled employee / official,1,no,yes,No
< 0 DM,6,critical account / other credits existing,car (new),3676,< 100 DM,1 - 4 years,1,male : single,none,3,real estate,37,none,rent,3,skilled employee / official,2,no,yes,No
no checking account,26,existing credits paid back duly,car (new),3915,< 100 DM,>= 7 years,4,female : divorced/separated/married,co-applicant,3,car or other,64,bank,for free,1,skilled employee / official,1,yes,yes,No
no checking account,24,critical account / other credits existing,radio/television,2593,>= 1000 DM,>= 7 years,3,male : single,none,2,car or other,33,none,for free,1,skilled employee / official,1,no,yes,No
no checking account,32,critical account / other credits existing,radio/television,7098,unknown / no savings,4 - 7 years,2,male : single,none,2,building society savings / life insurance,33,none,own,2,skilled employee / official,1,no,yes,No
< 0 DM,20,existing credits paid back duly,repairs,5278,100 - 500 DM,1 - 4 years,1,female : divorced/separated/married,none,3,real estate,45,none,own,1,unskilled - resident,2,yes,yes,No
no checking account,10,existing credits paid back duly,car (used),1532,500 - 1000 DM,4 - 7 years,2,male : single,none,3,building society savings / life insurance,58,none,own,1,skilled employee / official,1,no,no,No
no checking account,12,critical account / other credits existing,radio/television,1364,< 100 DM,1 - 4 years,4,male : single,none,3,building society savings / life insurance,30,none,own,2,skilled employee / official,1,no,yes,No
< 0 DM,9,critical account / other credits existing,radio/television,2034,100 - 500 DM,4 - 7 years,1,female : divorced/separated/married,none,3,unknown / no property,34,stores,own,2,skilled employee / official,1,yes,yes,No
< 0 DM,30,no credits taken,furniture/equipment,4583,< 100 DM,1 - 4 years,2,male : divorced/separated,guarantor,2,real estate,32,none,own,2,skilled employee / official,1,no,yes,No
>= 200 DM,24,critical account / other credits existing,radio/television,1988,100 - 500 DM,>= 7 years,3,male : single,none,4,building society savings / life insurance,50,bank,own,2,skilled employee / official,1,no,no,No
< 0 DM,24,existing credits paid back duly,others,1755,< 100 DM,>= 7 years,4,female : divorced/separated/married,guarantor,4,real estate,58,none,own,1,unskilled - resident,1,yes,yes,No
no checking account,13,existing credits paid back duly,domestic appliances,1116,500 - 1000 DM,>= 7 years,4,male : single,none,2,building society savings / life insurance,38,none,own,2,skilled employee / official,1,yes,no,No
0 - 200 DM,60,existing credits paid back duly,education,6677,< 100 DM,1 - 4 years,4,male : single,none,4,unknown / no property,40,stores,for free,1,skilled employee / official,1,no,yes,Yes
0 - 200 DM,12,critical account / other credits existing,furniture/equipment,3617,< 100 DM,>= 7 years,1,male : single,none,4,car or other,28,none,rent,3,skilled employee / official,1,yes,yes,No
no checking account,4,existing credits paid back duly,furniture/equipment,601,< 100 DM,< 1 year,1,female : divorced/separated/married,none,3,real estate,23,none,rent,1,unskilled - resident,2,no,yes,No
no checking account,9,existing credits paid back duly,radio/television,3380,>= 1000 DM,1 - 4 years,3,male : divorced/separated,none,4,real estate,60,none,own,1,unskilled - resident,1,no,yes,No
no checking account,32,delay in paying off,business,4002,100 - 500 DM,,2,female : divorced/separated/married,none,3,building society savings / life insurance,27,none,own,1,unskilled - resident,1,no,yes,No
no checking account,20,no credits taken,car (new),4396,unknown / no savings,1 - 4 years,1,female : divorced/separated/married,none,4,real estate,27,bank,for free,1,skilled employee / official,1,yes,yes,Yes
< 0 DM,6,existing credits paid back duly,radio/television,2647,500 - 1000 DM,1 - 4 years,2,male : single,none,3,real estate,44,none,rent,1,skilled employee / official,2,no,yes,No
0 - 200 DM,26,existing credits paid back duly,car (used),7966,< 100 DM,< 1 year,2,male : single,none,3,car or other,30,none,own,2,skilled employee / official,1,no,yes,No
0 - 200 DM,36,delay in paying off,car (new),7432,< 100 DM,1 - 4 years,2,female : divorced/separated/married,none,2,building society savings / life insurance,54,none,rent,1,skilled employee / official,1,no,yes,No
0 - 200 DM,7,existing credits paid back duly,radio/television,2329,< 100 DM,< 1 year,1,female : divorced/separated/married,guarantor,1,real estate,45,none,own,1,skilled employee / official,1,no,yes,No
no checking account,17,critical account / other credits existing,domestic appliances,1671,< 100 DM,>= 7 years,3,male : single,none,4,building society savings / life insurance,47,none,own,3,skilled employee / official,1,yes,yes,No
< 0 DM,23,existing credits paid back duly,furniture/equipment,2516,100 - 500 DM,unemployed,1,male : divorced/separated,none,1,building society savings / life insurance,35,none,own,1,skilled employee / official,2,no,yes,Yes
no checking account,15,delay in paying off,radio/television,1366,100 - 500 DM,,4,male : married/widowed,none,4,real estate,36,bank,own,2,skilled employee / official,1,no,no,No
< 0 DM,9,existing credits paid back duly,radio/television,1223,< 100 DM,< 1 year,3,female : divorced/separated/married,none,4,building society savings / life insurance,25,none,rent,1,skilled employee / official,2,no,yes,Yes
no checking account,18,critical account / other credits existing,car (new),2775,< 100 DM,4 - 7 years,2,male : single,none,2,building society savings / life insurance,31,bank,own,2,skilled employee / official,1,no,yes,Yes
no checking account,36,existing credits paid back duly,radio/television,2288,unknown / no savings,1 - 4 years,4,female : divorced/separated/married,none,3,car or other,25,none,own,2,skilled employee / official,1,no,yes,No
no checking account,16,existing credits paid back duly,furniture/equipment,1337,< 100 DM,< 1 year,4,male : married/widowed,co-applicant,1,building society savings / life insurance,45,none,own,1,unskilled - resident,2,no,yes,Yes
no checking account,27,delay in paying off,business,9139,< 100 DM,< 1 year,2,male : single,none,1,car or other,25,bank,own,3,skilled employee / official,1,yes,yes,Yes
no checking account,23,existing credits paid back duly,car (used),6177,unknown / no savings,< 1 year,1,female : divorced/separated/married,none,4,building society savings / life insurance,29,none,rent,2,management / self-employed / highly qualified,1,yes,yes,No
no checking account,6,critical account / other credits existing,car (new),250,>= 1000 DM,1 - 4 years,2,female : divorced/separated/married,none,2,real estate,41,bank,own,2,unskilled - resident,1,no,yes,No
no checking account,24,critical account / other credits existing,education,1927,unknown / no savings,1 - 4 years,3,female : divorced/separated/married,none,2,car or other,33,none,own,2,skilled employee / official,1,yes,yes,No
< 0 DM,26,existing credits paid back duly,car (used),3366,unknown / no savings,4 - 7 years,3,male : single,none,4,unknown / no property,47,bank,for free,1,skilled employee / official,2,yes,yes,No
no checking account,27,existing credits paid back duly,radio/television,,unknown / no savings,>= 7 years,4,male : single,none,4,building society savings / life insurance,55,none,own,1,skilled employee / official,1,yes,yes,No
0 - 200 DM,9,existing credits paid back duly,radio/television,1493,< 100 DM,1 - 4 years,1,female : divorced/separated/married,none,1,unknown / no property,21,none,rent,1,skilled employee / official,1,yes,yes,No
0 - 200 DM,15,all credits paid back duly,car (new),1264,100 - 500 DM,1 - 4 years,2,male : married/widowed,none,2,building society savings / life insurance,25,none,rent,1,skilled employee / official,1,no,yes,Yes
0 - 200 DM,6,all credits paid back duly,car (new),13893,unknown / no savings,unemployed,1,male : single,none,3,car or other,22,none,own,1,unskilled - resident,1,yes,yes,Yes
no checking account,12,existing credits paid back duly,radio/television,3059,>= 1000 DM,4 - 7 years,2,male : divorced/separated,none,4,real estate,61,none,own,1,unskilled - resident,1,no,yes,No
0 - 200 DM,20,existing credits paid back duly,car (new),2146,100 - 500 DM,1 - 4 years,1,male : divorced/separated,none,4,building society savings / life insurance,44,none,own,2,skilled employee / official,1,no,yes,No
no checking account,47,critical account / other credits existing,education,6641,< 100 DM,< 1 year,1,male : single,none,3,unknown / no property,33,bank,for free,1,skilled employee / official,1,yes,yes,No
no checking account,22,existing credits paid back duly,car (used),6073,unknown / no savings,unemployed,1,female : divorced/separated/married,none,3,building society savings / life insurance,23,stores,rent,1,management / self-employed / highly qualified,1,yes,yes,No
>= 200 DM,12,no credits taken,radio/television,1307,< 100 DM,< 1 year,3,male : single,none,3,car or other,34,none,own,2,management / self-employed / highly qualified,1,yes,yes,Yes
0 - 200 DM,15,critical account / other credits existing,furniture/equipment,1225,< 100 DM,< 1 year,4,female : divorced/separated/married,none,1,building society savings / life insurance,30,none,own,2,skilled employee / official,1,no,yes,No
0 - 200 DM,12,existing credits paid back duly,car (new),1318,>= 1000 DM,>= 7 years,4,male : single,none,4,real estate,54,none,own,1,skilled employee / official,1,yes,yes,No
no checking account,23,all credits paid back duly,furniture/equipment,2619,>= 1000 DM,1 - 4 years,1,female : divorced/separated/married,none,4,car or other,31,none,rent,1,skilled employee / official,1,yes,yes,No
< 0 DM,36,existing credits paid back duly,car (new),9271,< 100 DM,4 - 7 years,2,male : single,none,1,car or other,24,none,own,1,skilled employee / official,1,yes,yes,Yes
< 0 DM,12,critical account / other credits existing,car (used),1304,< 100 DM,>= 7 years,3,male : single,none,3,unknown / no property,65,none,for free,2,skilled employee / official,2,no,yes,No
< 0 DM,21,all credits paid back duly,car (new),1647,unknown / no savings,1 - 4 years,4,male : single,none,2,building society savings / life insurance,40,none,own,2,unskilled - resident,2,no,yes,Yes
>= 200 DM,26,delay in paying off,radio/television,4025,500 - 1000 DM,unemployed,1,female : divorced/separated/married,none,3,unknown / no property,24,none,rent,2,unemployed / unskilled - non-resident,1,no,yes,No
< 0 DM,19,existing credits paid back duly,business,2784,100 - 500 DM,1 - 4 years,3,male : single,none,4,building society savings / life insurance,34,none,own,1,skilled employee / official,2,no,yes,No
0 - 200 DM,23,critical account / other credits existing,business,4138,< 100 DM,4 - 7 years,2,male : single,none,2,building society savings / life insurance,26,none,own,1,skilled employee / official,1,no,yes,No
< 0 DM,34,existing credits paid back duly,furniture/equipment,3506,< 100 DM,,4,male : single,none,2,car or other,43,none,own,1,skilled employee / official,2,no,yes,Yes
>= 200 DM,13,critical account / other credits existing,radio/television,1404,unknown / no savings,1 - 4 years,3,male : single,none,2,building society savings / life insurance,27,none,own,1,skilled employee / official,1,yes,yes,No
no checking account,36,existing credits paid back duly,business,7409,unknown / no savings,>= 7 years,3,male : single,none,2,building society savings / life insurance,37,none,own,2,skilled employee / official,1,no,yes,No
no checking account,29,critical account / other credits existing,radio/television,6141,< 100 DM,4 - 7 years,3,female : divorced/separated/married,none,2,car or other,26,none,own,2,skilled employee / official,1,no,yes,No
< 0 DM,8,existing credits paid back duly,car (new),1392,< 100 DM,< 1 year,3,male : single,none,2,car or other,25,none,for free,2,management / self-employed / highly qualified,1,yes,yes,Yes
no checking account,24,critical account / other credits existing,car (new),1940,>= 1000 DM,>= 7 years,4,male : single,none,4,real estate,,none,own,1,skilled employee / official,1,yes,yes,No
no checking account,20,existing credits paid back duly,business,2824,>= 1000 DM,4 - 7 years,4,male : single,none,2,building society savings / life insurance,30,none,own,1,skilled employee / official,1,no,no,No
< 0 DM,44,critical account / other credits existing,repairs,3159,< 100 DM,unemployed,3,male : single,co-applicant,3,car or other,66,none,own,2,unemployed / unskilled - non-resident,1,no,yes,No
< 0 DM,27,existing credits paid back duly,radio/television,1016,< 100 DM,1 - 4 years,4,male : married/widowed,none,4,real estate,50,stores,own,1,management / self-employed / highly qualified,1,no,yes,Yes
0 - 200 DM,32,existing credits paid back duly,furniture/equipment,2915,100 - 500 DM,unemployed,2,male : divorced/separated,none,4,building society savings / life insurance,31,bank,own,1,unskilled - resident,1,no,yes,Yes
0 - 200 DM,21,existing credits paid back duly,business,4606,< 100 DM,>= 7 years,1,male : single,co-applicant,2,real estate,36,bank,own,1,management / self-employed / highly qualified,1,yes,yes,No
no checking account,25,critical account / other credits existing,radio/television,2455,< 100 DM,,4,male : single,none,3,unknown / no property,36,none,own,1,skilled employee / official,1,yes,yes,No
no checking account,39,delay in paying off,furniture/equipment,8101,500 - 1000 DM,1 - 4 years,2,female : divorced/separated/married,none,4,car or other,42,none,own,1,skilled employee / official,1,yes,yes,No
0 - 200 DM,38,delay in paying off,business,3991,< 100 DM,< 1 year,2,male : divorced/separated,none,3,real estate,28,stores,own,2,management / self-employed / highly qualified,2,no,no,Yes
< 0 DM,25,all credits paid back duly,furniture/equipment,3229,500 - 1000 DM,1 - 4 years,3,male : divorced/separated,none,4,real estate,24,stores,own,1,unskilled - resident,2,yes,yes,No
no checking account,58,existing credits paid back duly,car (new),5604,unknown / no savings,1 - 4 years,4,male : single,none,4,unknown / no property,31,none,for free,1,skilled employee / official,2,no,yes,No
0 - 200 DM,31,critical account / other credits existing,car (new),4990,< 100 DM,unemployed,3,male : married/widowed,none,2,unknown / no property,29,none,own,3,management / self-employed / highly qualified,1,no,yes,Yes
0 - 200 DM,24,existing credits paid back duly,furniture/equipment,4057,< 100 DM,4 - 7 years,3,male : divorced/separated,none,3,car or other,43,none,own,1,skilled employee / official,1,yes,yes,Yes
0 - 200 DM,45,critical account / other credits existing,car (used),4576,100 - 500 DM,unemployed,3,male : single,none,4,car or other,27,none,own,1,skilled employee / official,1,no,yes,No
< 0 DM,18,existing credits paid back duly,furniture/equipment,2659,>= 1000 DM,1 - 4 years,4,male : single,none,2,car or other,28,none,own,1,skilled employee / official,1,no,yes,No
< 0 DM,30,critical account / other credits existing,car (used),10623,< 100 DM,>= 7 years,3,male : single,none,4,unknown / no property,38,none,for free,3,management / self-employed / highly qualified,2,yes,yes,No
0 - 200 DM,6,existing credits paid back duly,radio/television,368,unknown / no savings,>= 7 years,4,male : single,none,4,building society savings / life insurance,38,none,own,1,skilled employee / official,1,no,yes,No
0 - 200 DM,12,delay in paying off,radio/television,,< 100 DM,4 - 7 years,3,male : single,none,4,building society savings / life insurance,48,none,own,1,skilled employee / official,1,no,yes,No
< 0 DM,9,existing credits paid back duly,radio/television,1366,< 100 DM,< 1 year,3,female : divorced/separated/married,none,4,building society savings / life insurance,22,none,rent,1,skilled employee / official,1,no,yes,Yes
0 - 200 DM,29,delay in paying off,car (used),5413,< 100 DM,>= 7 years,1,male : single,none,2,car or other,32,none,own,2,management / self-employed / highly qualified,1,yes,yes,No
< 0 DM,15,critical account / other credits existing,car (used),,< 100 DM,>= 7 years,4,male : single,none,4,real estate,56,none,own,1,skilled employee / official,1,no,yes,No
no checking account,34,critical account / other credits existing,radio/television,,100 - 500 DM,4 - 7 years,3,female : divorced/separated/married,none,1,car or other,31,stores,own,3,skilled employee / official,2,no,yes,No
no checking account,20,critical account / other credits existing,car (new),3485,unknown / no savings,< 1 year,2,male : divorced/separated,none,4,real estate,44,none,own,2,skilled employee / official,1,yes,yes,No
no checking account,22,existing credits paid back duly,business,1364,>= 1000 DM,>= 7 years,4,female : divorced/separated/married,none,3,real estate,33,bank,own,2,unskilled - resident,1,no,yes,No
< 0 DM,24,all credits paid back duly,others,1358,unknown / no savings,>= 7 years,4,male : single,none,3,car or other,40,stores,own,1,management / self-employed / highly qualified,1,yes,yes,Yes
< 0 DM,11,all credits paid back duly,others,1980,< 100 DM,1 - 4 years,4,male : divorced/separated,none,2,car or other,29,none,for free,1,skilled employee / official,1,no,yes,Yes
0 - 200 DM,9,existing credits paid back duly,furniture/equipment,918,< 100 DM,1 - 4 years,4,female : divorced/separated/married,none,1,building society savings / life insurance,30,none,own,1,skilled employee / official,1,no,yes,Yes
< 0 DM,26,existing credits paid back duly,furniture/equipment,1514,< 100 DM,< 1 year,4,male : single,co-applicant,1,building society savings / life insurance,26,none,own,2,unskilled - resident,2,no,no,No
>= 200 DM,9,existing credits paid back duly,car (new),3929,< 100 DM,1 - 4 years,2,male : single,guarantor,3,real estate,24,none,own,1,skilled employee / official,1,no,yes,No
no checking account,24,existing credits paid back duly,furniture/equipment,2835,500 - 1000 DM,>= 7 years,3,male : single,none,4,building society savings / life insurance,53,none,own,1,skilled employee / official,1,no,yes,No
no checking account,36,critical account / other credits existing,car (new),,< 100 DM,>= 7 years,4,male : single,none,4,car or other,34,none,own,2,management / self-employed / highly qualified,1,yes,yes,No
no checking account,10,existing credits paid back duly,furniture/equipment,2210,< 100 DM,1 - 4 years,2,male : single,none,2,real estate,25,bank,rent,1,unskilled - resident,1,no,yes,Yes
< 0 DM,36,critical account / other credits existing,furniture/equipment,2348,< 100 DM,1 - 4 years,3,male : married/widowed,none,2,building society savings / life insurance,46,none,own,2,skilled employee / official,1,yes,yes,No
>= 200 DM,14,existing credits paid back duly,education,1962,< 100 DM,>= 7 years,4,male : single,none,4,car or other,41,none,rent,1,management / self-employed / highly qualified,1,yes,yes,No
no checking account,22,existing credits paid back duly,radio/television,1425,100 - 500 DM,4 - 7 years,4,female : divorced/separated/married,none,2,unknown / no property,45,none,for free,1,skilled employee / official,1,yes,yes,No
0 - 200 DM,36,existing credits paid back duly,radio/television,2030,< 100 DM,4 - 7 years,4,male : single,none,4,unknown / no property,25,none,rent,2,skilled employee / official,1,no,yes,No
0 - 200 DM,44,all credits paid back duly,car (used),8078,< 100 DM,unemployed,1,male : single,none,3,unknown / no property,57,bank,for free,1,management / self-employed / highly qualified,1,yes,yes,No
no checking account,24,existing credits paid back duly,business,4591,>= 1000 DM,1 - 4 years,2,male : single,none,3,building society savings / life insurance,54,none,own,3,management / self-employed / highly qualified,1,yes,yes,Yes
no checking account,25,all credits paid back duly,radio/television,2048,< 100 DM,4 - 7 years,4,male : single,none,2,car or other,26,none,own,1,skilled employee / official,1,yes,yes,No
< 0 DM,50,existing credits paid back duly,car (new),3699,100 - 500 DM,4 - 7 years,4,male : single,none,3,unknown / no property,44,none,for free,2,skilled employee / official,2,no,yes,Yes
>= 200 DM,14,existing credits paid back duly,repairs,2324,100 - 500 DM,1 - 4 years,3,female : divorced/separated/married,none,2,building society savings / life insurance,22,bank,own,1,unskilled - resident,2,no,yes,No
no checking account,15,critical account / other credits existing,radio/television,1130,500 - 1000 DM,4 - 7 years,1,male : married/widowed,none,1,building society savings / life insurance,48,none,own,2,unskilled - resident,1,no,yes,No
< 0 DM,15,critical account / other credits existing,radio/television,1831,< 100 DM,4 - 7 years,4,male : married/widowed,none,1,building society savings / life insurance,35,none,own,2,skilled employee / official,1,yes,yes,No
no checking account,24,existing credits paid back duly,radio/television,1355,100 - 500 DM,4 - 7 years,3,male : married/widowed,none,3,real estate,26,none,own,1,skilled employee / official,1,yes,yes,No
0 - 200 DM,29,critical account / other credits existing,car (new),2373,unknown / no savings,>= 7 years,4,male : single,none,3,real estate,34,none,own,3,skilled employee / official,1,no,yes,No
< 0 DM,48,existing credits paid back duly,radio/television,5230,< 100 DM,1 - 4 years,3,female : divorced/separated/married,none,2,real estate,24,none,own,2,skilled employee / official,1,no,yes,Yes
< 0 DM,15,all credits paid back duly,radio/television,694,< 100 DM,4 - 7 years,4,female : divorced/separated/married,none,4,real estate,27,bank,own,1,unskilled - resident,1,no,yes,Yes
< 0 DM,21,existing credits paid back duly,car (new),3973,unknown / no savings,4 - 7 years,1,male : single,co-applicant,2,real estate,27,none,own,1,unskilled - resident,1,no,no,No
no checking account,9,critical account / other credits existing,furniture/equipment,5630,unknown / no savings,>= 7 years,1,male : single,none,4,building society savings / life insurance,50,none,rent,1,skilled employee / official,1,yes,yes,No
< 0 DM,6,existing credits paid back duly,car (used),1352,500 - 1000 DM,unemployed,1,female : divorced/separated/married,none,2,building society savings / life insurance,23,none,rent,1,unemployed / unskilled - non-resident,1,yes,yes,No
< 0 DM,23,all credits paid back duly,car (new),1145,100 - 500 DM,unemployed,1,female : divorced/separated/married,co-applicant,3,unknown / no property,29,none,rent,1,unemployed / unskilled - non-resident,2,no,yes,Yes
>= 200 DM,9,critical account / other credits existing,car (new),1349,< 100 DM,4 - 7 years,1,male : single,none,1,real estate,76,none,own,4,unemployed / unskilled - non-resident,2,no,no,No
0 - 200 DM,38,existing credits paid back duly,car (new),11497,unknown / no savings,1 - 4 years,1,male : single,none,4,unknown / no property,37,none,for free,1,unskilled - resident,1,yes,yes,Yes
< 0 DM,24,critical account / other credits existing,car (new),1199,< 100 DM,>= 7 years,4,male : single,none,4,car or other,60,none,own,2,unskilled - resident,1,no,yes,Yes
0 - 200 DM,7,critical account / other credits existing,car (new),1041,>= 1000 DM,4 - 7 years,3,male : single,none,3,unknown / no property,35,stores,for free,3,skilled employee / official,2,no,yes,Yes
0 - 200 DM,18,existing credits paid back duly,car (new),6260,< 100 DM,4 - 7 years,3,male : single,none,3,real estate,28,none,rent,1,unskilled - resident,1,no,yes,No
< 0 DM,25,all credits paid back duly,furniture/equipment,3871,< 100 DM,4 - 7 years,3,male : single,none,4,car or other,28,bank,own,1,skilled employee / official,1,no,yes,Yes
0 - 200 DM,48,delay in paying off,others,7582,100 - 500 DM,unemployed,2,male : single,none,4,unknown / no property,31,none,for free,1,management / self-employed / highly qualified,1,yes,yes,No
0 - 200 DM,24,all credits paid back duly,education,1837,< 100 DM,4 - 7 years,4,female : divorced/separated/married,none,4,unknown / no property,34,bank,for free,1,unskilled - resident,1,no,yes,Yes
< 0 DM,24,existing credits paid back duly,radio/television,2384,< 100 DM,>= 7 years,4,male : single,none,4,real estate,64,bank,rent,1,unskilled - resident,1,no,yes,No
no checking account,22,existing credits paid back duly,car (new),1580,100 - 500 DM,1 - 4 years,3,male : single,guarantor,1,real estate,29,none,own,1,skilled employee / official,1,yes,yes,No
no checking account,14,delay in paying off,furniture/equipment,944,>= 1000 DM,1 - 4 years,3,female : divorced/separated/married,none,2,building society savings / life insurance,32,none,own,2,skilled employee / official,1,no,yes,No
no checking account,16,existing credits paid back duly,radio/television,1011,unknown / no savings,unemployed,3,female : divorced/separated/married,none,2,real estate,20,none,rent,1,skilled employee / official,1,yes,yes,No
no checking account,13,existing credits paid back duly,radio/television,1409,100 - 500 DM,unemployed,2,female : divorced/separated/married,none,4,real estate,64,none,own,1,skilled employee / official,1,no,yes,No
0 - 200 DM,48,no credits taken,others,18424,< 100 DM,1 - 4 years,1,female : divorced/separated/married,none,2,building society savings / life insurance,32,bank,own,1,management / self-employed / highly qualified,1,yes,no,Yes
< 0 DM,13,critical account / other credits existing,car (used),1644,100 - 500 DM,unemployed,4,male : single,none,3,car or other,34,none,own,2,management / self-employed / highly qualified,1,yes,yes,No
no checking account,23,existing credits paid back duly,business,2585,500 - 1000 DM,>= 7 years,3,male : single,none,4,unknown / no property,42,none,own,1,skilled employee / official,2,no,yes,No
< 0 DM,27,existing credits paid back duly,furniture/equipment,3936,< 100 DM,1 - 4 years,4,male : single,none,4,building society savings / life insurance,26,none,own,1,skilled employee / official,1,no,no,No
0 - 200 DM,27,critical account / other credits existing,business,1814,< 100 DM,>= 7 years,4,male : divorced/separated,none,4,real estate,32,none,own,2,skilled employee / official,1,yes,yes,Yes
no checking account,0,existing credits paid back duly,car (new),1386,500 - 1000 DM,1 - 4 years,2,female : divorced/separated/married,none,2,building society savings / life insurance,,none,own,1,skilled employee / official,1,no,yes,Yes
0 - 200 DM,16,critical account / other credits existing,car (new),1175,< 100 DM,unemployed,2,male : single,none,3,car or other,68,none,for free,3,unemployed / unskilled - non-resident,1,yes,yes,No
>= 200 DM,10,existing credits paid back duly,furniture/equipment,1455,unknown / no savings,>= 7 years,2,female : divorced/separated/married,none,3,real estate,58,none,rent,1,management / self-employed / highly qualified,1,yes,yes,No
>= 200 DM,18,existing credits paid back duly,radio/television,2100,< 100 DM,1 - 4 years,4,male : single,co-applicant,2,real estate,37,stores,own,1,skilled employee / official,1,no,yes,Yes
no checking account,30,critical account / other credits existing,radio/television,3077,unknown / no savings,>= 7 years,3,male : single,none,2,car or other,40,none,own,2,skilled employee / official,2,yes,yes,No
no checking account,15,existing credits paid back duly,car (used),1126,unknown / no savings,>= 7 years,4,male : single,none,4,unknown / no property,43,bank,for free,2,skilled employee / official,2,no,yes,No
no checking account,,no credits taken,repairs,2613,< 100 DM,1 - 4 years,4,male : single,none,2,car or other,27,none,own,2,skilled employee / official,1,no,yes,No
< 0 DM,9,existing credits paid back duly,furniture/equipment,385,100 - 500 DM,>= 7 years,1,female : divorced/separated/married,none,1,building society savings / life insurance,50,bank,own,1,skilled employee / official,1,no,yes,No
no checking account,15,existing credits paid back duly,car (new),3186,>= 1000 DM,4 - 7 years,2,female : divorced/separated/married,none,3,car or other,20,none,rent,1,skilled employee / official,1,no,yes,No
no checking account,25,critical account / other credits existing,furniture/equipment,1393,< 100 DM,4 - 7 years,4,male : single,none,2,building society savings / life insurance,39,none,own,2,skilled employee / official,2,no,no,No
no checking account,12,existing credits paid back duly,car (used),1413,>= 1000 DM,4 - 7 years,3,male : single,none,2,building society savings / life insurance,55,none,own,1,skilled employee / official,1,no,no,No
no checking account,60,existing credits paid back duly,radio/television,10144,100 - 500 DM,4 - 7 years,2,female : divorced/separated/married,none,4,real estate,21,none,own,1,skilled employee / official,1,yes,yes,No
< 0 DM,21,delay in paying off,radio/television,1732,< 100 DM,unemployed,4,female : divorced/separated/married,none,1,car or other,30,none,rent,1,unskilled - resident,1,yes,yes,Yes
0 - 200 DM,26,critical account / other credits existing,radio/television,1340,100 - 500 DM,< 1 year,4,male : single,none,3,car or other,36,bank,rent,2,management / self-employed / highly qualified,2,no,yes,Yes
0 - 200 DM,39,critical account / other credits existing,car (used),5116,< 100 DM,1 - 4 years,4,male : single,none,3,unknown / no property,35,none,own,2,skilled employee / official,1,yes,yes,No
0 - 200 DM,24,existing credits paid back duly,car (used),12579,< 100 DM,>= 7 years,4,female : divorced/separated/married,none,2,unknown / no property,44,none,for free,1,management / self-employed / highly qualified,1,yes,yes,Yes
0 - 200 DM,22,critical account / other credits existing,car (new),1500,unknown / no savings,>= 7 years,4,male : single,none,3,real estate,,bank,for free,1,unskilled - resident,2,no,yes,Yes
< 0 DM,12,existing credits paid back duly,car (new),1372,< 100 DM,4 - 7 years,2,male : divorced/separated,none,3,car or other,36,none,own,1,skilled employee / official,1,no,yes,Yes
no checking account,36,existing credits paid back duly,business,,100 - 500 DM,1 - 4 years,3,male : single,none,2,car or other,34,none,own,2,skilled employee / official,1,no,yes,No
no checking account,6,existing credits paid back duly,furniture/equipment,4611,< 100 DM,< 1 year,1,female : divorced/separated/married,none,4,building society savings / life insurance,32,none,own,1,skilled employee / official,1,no,yes,Yes
< 0 DM,11,existing credits paid back duly,radio/television,2304,< 100 DM,>= 7 years,3,male : single,none,3,real estate,50,none,own,1,unskilled - resident,1,no,yes,No
>= 200 DM,13,existing credits paid back duly,car (new),8425,unknown / no savings,< 1 year,2,female : divorced/separated/married,none,1,real estate,24,none,rent,1,unemployed / unskilled - non-resident,1,no,yes,No
0 - 200 DM,9,all credits paid back duly,domestic appliances,5147,100 - 500 DM,4 - 7 years,2,female : divorced/separated/married,none,4,car or other,71,bank,for free,1,management / self-employed / highly qualified,2,yes,yes,Yes
0 - 200 DM,9,existing credits paid back duly,furniture/equipment,1050,unknown / no savings,< 1 year,1,female : divorced/separated/married,none,4,real estate,21,none,rent,1,unskilled - resident,1,no,yes,No
0 - 200 DM,18,critical account / other credits existing,furniture/equipment,6361,< 100 DM,>= 7 years,2,male : single,none,1,unknown / no property,41,none,own,1,skilled employee / official,1,yes,yes,No
no checking account,46,critical account / other credits existing,car (used),2630,unknown / no savings,>= 7 years,4,male : single,none,2,car or other,35,none,own,2,skilled employee / official,1,yes,no,No
< 0 DM,11,existing credits paid back duly,furniture/equipment,1679,< 100 DM,1 - 4 years,2,female : divorced/separated/married,co-applicant,2,building society savings / life insurance,29,none,own,1,skilled employee / official,1,no,yes,No
>= 200 DM,33,delay in paying off,radio/television,,< 100 DM,>= 7 years,4,male : single,none,2,building society savings / life insurance,29,none,own,1,skilled employee / official,1,no,yes,No
no checking account,9,critical account / other credits existing,radio/television,3210,unknown / no savings,1 - 4 years,1,male : single,none,1,real estate,32,none,own,3,skilled employee / official,2,no,yes,No
no checking account,15,existing credits paid back duly,radio/television,1527,100 - 500 DM,>= 7 years,4,male : single,none,4,car or other,35,bank,own,1,unskilled - resident,2,no,yes,No
no checking account,24,existing credits paid back duly,car (new),3757,< 100 DM,>= 7 years,4,female : divorced/separated/married,co-applicant,4,unknown / no property,62,none,for free,1,skilled employee / official,1,yes,yes,No
< 0 DM,10,no credits taken,radio/television,6502,< 100 DM,4 - 7 years,4,male : single,none,3,car or other,30,none,rent,1,skilled employee / official,1,yes,yes,Yes
no checking account,10,existing credits paid back duly,radio/television,,< 100 DM,4 - 7 years,4,female : divorced/separated/married,none,2,car or other,23,none,own,1,unskilled - resident,1,no,yes,Yes
>= 200 DM,20,all credits paid back duly,radio/television,1404,unknown / no savings,>= 7 years,4,male : single,none,4,car or other,47,bank,own,2,unskilled - resident,1,no,no,No
>= 200 DM,24,existing credits paid back duly,furniture/equipment,1925,< 100 DM,1 - 4 years,2,male : single,none,2,real estate,26,none,own,1,skilled employee / official,1,no,yes,No
0 - 200 DM,,delay in paying off,car (new),1463,< 100 DM,unemployed,3,male : single,none,3,real estate,46,none,for free,2,skilled employee / official,2,no,yes,Yes
no checking account,37,delay in paying off,business,10193,< 100 DM,1 - 4 years,2,male : divorced/separated,none,1,car or other,31,none,own,2,skilled employee / official,1,no,yes,Yes
0 - 200 DM,18,existing credits paid back duly,car (used),2779,< 100 DM,,1,male : married/widowed,none,3,car or other,21,none,rent,1,skilled employee / official,1,yes,yes,No
< 0 DM,13,critical account / other credits existing,business,1797,< 100 DM,< 1 year,3,male : single,none,1,building society savings / life insurance,28,bank,own,2,unskilled - resident,1,no,yes,No
0 - 200 DM,49,critical account / other credits existing,furniture/equipment,4364,100 - 500 DM,1 - 4 years,3,female : divorced/separated/married,none,4,car or other,31,none,own,2,management / self-employed / highly qualified,1,yes,yes,Yes
< 0 DM,21,critical account / other credits existing,car (new),1602,< 100 DM,>= 7 years,4,male : married/widowed,none,3,car or other,30,none,own,2,skilled employee / official,1,yes,yes,No
< 0 DM,19,critical account / other credits existing,others,2258,100 - 500 DM,1 - 4 years,4,male : married/widowed,guarantor,1,building society savings / life insurance,32,bank,rent,2,skilled employee / official,1,yes,no,Yes
0 - 200 DM,24,critical account / other credits existing,business,2416,< 100 DM,>= 7 years,4,male : single,none,4,car or other,45,stores,own,3,management / self-employed / highly qualified,2,no,yes,No
< 0 DM,24,critical account / other credits existing,car (used),2957,< 100 DM,>= 7 years,4,male : single,none,4,building society savings / life insurance,63,none,own,2,skilled employee / official,1,yes,yes,No
>= 200 DM,20,delay in paying off,others,2502,< 100 DM,1 - 4 years,2,male : divorced/separated,none,3,car or other,26,stores,own,2,skilled employee / official,2,yes,yes,No
< 0 DM,34,existing credits paid back duly,car (used),10202,< 100 DM,< 1 year,1,male : married/widowed,none,4,car or other,31,none,rent,1,management / self-employed / highly qualified,1,yes,yes,Yes
0 - 200 DM,12,existing credits paid back duly,car (new),6078,< 100 DM,4 - 7 years,2,male : single,none,2,car or other,32,none,own,1,skilled employee / official,1,no,yes,No
0 - 200 DM,48,no credits taken,business,16398,< 100 DM,,2,male : single,none,2,car or other,22,none,own,1,skilled employee / official,1,yes,yes,Yes
< 0 DM,,existing credits paid back duly,domestic appliances,2599,< 100 DM,4 - 7 years,2,male : single,none,3,car or other,55,none,own,1,skilled employee / official,1,no,yes,Yes
< 0 DM,10,existing credits paid back duly,furniture/equipment,732,< 100 DM,>= 7 years,4,female : divorced/separated/married,none,4,building society savings / life insurance,27,none,rent,1,skilled employee / official,1,no,yes,No
no checking account,15,delay in paying off,car (used),3594,< 100 DM,< 1 year,1,female : divorced/separated/married,none,2,building society savings / life insurance,46,none,own,2,unskilled - resident,1,no,yes,No
< 0 DM,12,critical account / other credits existing,car (new),2121,< 100 DM,1 - 4 years,4,male : single,none,2,building society savings / life insurance,30,none,own,2,skilled employee / official,1,no,yes,No
>= 200 DM,6,delay in paying off,radio/television,683,< 100 DM,< 1 year,2,female : divorced/separated/married,none,1,building society savings / life insurance,29,bank,own,1,skilled employee / official,1,no,yes,No
< 0 DM,30,existing credits paid back duly,furniture/equipment,3108,< 100 DM,< 1 year,2,male : divorced/separated,none,4,building society savings / life insurance,31,none,own,1,unskilled - resident,1,no,yes,Yes
0 - 200 DM,10,existing credits paid back duly,furniture/equipment,1521,< 100 DM,1 - 4 years,4,male : divorced/separated,none,2,car or other,31,none,own,1,unskilled - resident,1,no,yes,No
no checking account,19,existing credits paid back duly,repairs,1815,< 100 DM,1 - 4 years,4,female : divorced/separated/married,none,4,building society savings / life insurance,24,none,own,1,skilled employee / official,1,no,yes,Yes
no checking account,24,critical account / other credits existing,car (new),13886,unknown / no savings,>= 7 years,4,male : single,none,4,unknown / no property,32,none,for free,1,management / self-employed / highly qualified,1,yes,yes,Yes
< 0 DM,45,existing credits paid back duly,radio/television,4078,< 100 DM,< 1 year,4,male : single,none,3,car or other,35,none,for free,1,skilled employee / official,1,no,yes,Yes
0 - 200 DM,46,delay in paying off,business,6734,unknown / no savings,1 - 4 years,3,male : single,none,4,unknown / no property,,none,for free,2,management / self-employed / highly qualified,2,yes,yes,No
no checking account,36,critical account / other credits existing,car (used),5711,>= 1000 DM,>= 7 years,4,male : single,none,2,car or other,38,none,own,2,management / self-employed / highly qualified,1,yes,yes,No
0 - 200 DM,24,critical account / other credits existing,car (new),3878,100 - 500 DM,< 1 year,4,male : divorced/separated,none,2,car or other,37,none,own,1,skilled employee / official,1,yes,yes,No
no checking account,25,critical account / other credits existing,radio/television,2612,>= 1000 DM,>= 7 years,4,male : divorced/separated,none,4,building society savings / life insurance,56,none,own,2,skilled employee / official,1,no,yes,No
< 0 DM,19,all credits paid back duly,car (new),1234,< 100 DM,4 - 7 years,4,male : single,none,4,unknown / no property,30,none,for free,1,unskilled - resident,2,no,yes,Yes
< 0 DM,17,existing credits paid back duly,radio/television,2869,< 100 DM,4 - 7 years,4,male : single,none,4,unknown / no property,63,none,for free,2,unskilled - resident,1,no,yes,Yes
no checking account,21,existing credits paid back duly,furniture/equipment,2053,100 - 500 DM,>= 7 years,3,male : single,none,2,real estate,48,none,own,3,skilled employee / official,1,no,yes,No
no checking account,22,delay in paying off,business,2722,500 - 1000 DM,< 1 year,3,male : single,none,2,real estate,44,bank,own,1,unskilled - resident,2,no,yes,Yes
>= 200 DM,24,critical account / other credits existing,radio/television,3148,unknown / no savings,1 - 4 years,3,male : single,none,2,car or other,31,none,own,2,skilled employee / official,1,yes,yes,No
0 - 200 DM,18,no credits taken,car (new),,100 - 500 DM,< 1 year,3,female : divorced/separated/married,none,3,car or other,28,none,own,2,skilled employee / official,1,no,yes,Yes
no checking account,29,existing credits paid back duly,car (new),2836,< 100 DM,1 - 4 years,3,female : divorced/separated/married,none,3,real estate,19,none,rent,1,unskilled - resident,1,no,yes,Yes
>= 200 DM,9,critical account / other credits existing,car (new),1622,500 - 1000 DM,unemployed,2,male : single,none,4,unknown / no property,63,bank,for free,4,unemployed / unskilled - non-resident,1,yes,yes,No
0 - 200 DM,61,existing credits paid back duly,car (new),12189,< 100 DM,4 - 7 years,4,male : single,none,3,unknown / no property,,none,own,1,management / self-employed / highly qualified,1,yes,yes,Yes
< 0 DM,33,critical account / other credits existing,education,7348,< 100 DM,1 - 4 years,4,female : divorced/separated/married,none,2,unknown / no property,,none,own,1,management / self-employed / highly qualified,1,yes,yes,Yes
< 0 DM,12,existing credits paid back duly,furniture/equipment,652,< 100 DM,>= 7 years,4,female : divorced/separated/married,none,4,building society savings / life insurance,24,none,rent,1,skilled employee / official,1,no,yes,No
no checking account,12,existing credits paid back duly,car (new),,< 100 DM,1 - 4 years,3,male : married/widowed,none,2,real estate,27,none,own,2,skilled employee / official,1,yes,yes,No
0 - 200 DM,39,existing credits paid back duly,others,16777,< 100 DM,unemployed,2,male : divorced/separated,co-applicant,2,car or other,43,bank,own,1,management / self-employed / highly qualified,1,no,yes,No
>= 200 DM,18,existing credits paid back duly,furniture/equipment,3054,< 100 DM,< 1 year,1,female : divorced/separated/married,none,1,building society savings / life insurance,45,stores,rent,1,unskilled - resident,1,no,yes,No
no checking account,15,all credits paid back duly,radio/television,1278,< 100 DM,< 1 year,3,male : married/widowed,none,4,real estate,37,none,own,1,skilled employee / official,1,yes,yes,No
no checking account,15,critical account / other credits existing,car (used),3595,unknown / no savings,unemployed,2,male : single,none,4,unknown / no property,39,none,own,1,management / self-employed / highly qualified,1,yes,yes,No
0 - 200 DM,25,existing credits paid back duly,car (new),4639,< 100 DM,4 - 7 years,1,male : single,co-applicant,2,building society savings / life insurance,34,none,own,1,skilled employee / official,1,yes,yes,Yes
no checking account,48,existing credits paid back duly,business,4844,< 100 DM,unemployed,3,male : single,none,2,car or other,,bank,rent,1,management / self-employed / highly qualified,1,yes,yes,Yes
< 0 DM,26,delay in paying off,business,6771,< 100 DM,1 - 4 years,2,male : married/widowed,none,2,car or other,,stores,own,1,unskilled - resident,1,no,yes,No
no checking account,30,existing credits paid back duly,radio/television,2333,500 - 1000 DM,>= 7 years,4,male : single,none,2,car or other,30,bank,own,1,management / self-employed / highly qualified,1,no,yes,No
< 0 DM,12,all credits paid back duly,radio/television,626,< 100 DM,1 - 4 years,4,female : divorced/separated/married,none,4,real estate,24,bank,own,1,unskilled - resident,1,no,yes,Yes
< 0 DM,18,existing credits paid back duly,car (new),976,< 100 DM,< 1 year,1,female : divorced/separated/married,none,2,car or other,23,none,own,1,unskilled - resident,1,no,yes,Yes
< 0 DM,36,existing credits paid back duly,car (used),8229,< 100 DM,1 - 4 years,2,male : single,none,2,building society savings / life insurance,26,none,own,1,skilled employee / official,2,no,yes,Yes
< 0 DM,45,existing credits paid back duly,car (new),8826,< 100 DM,4 - 7 years,4,male : single,none,4,unknown / no property,45,stores,for free,1,management / self-employed / highly qualified,1,no,yes,Yes
no checking account,38,critical account / other credits existing,furniture/equipment,8188,< 100 DM,< 1 year,1,female : divorced/separated/married,none,4,car or other,23,none,rent,2,management / self-employed / highly qualified,1,yes,yes,Yes
0 - 200 DM,12,critical account / other credits existing,car (new),1415,500 - 1000 DM,unemployed,3,male : single,none,4,unknown / no property,65,bank,for free,4,unskilled - resident,1,no,yes,No
no checking account,23,critical account / other credits existing,furniture/equipment,5577,< 100 DM,>= 7 years,4,male : single,none,4,car or other,32,none,own,1,skilled employee / official,1,yes,yes,No
0 - 200 DM,38,critical account / other credits existing,car (new),2234,< 100 DM,>= 7 years,3,male : single,none,4,unknown / no property,56,bank,for free,1,skilled employee / official,1,yes,yes,Yes
>= 200 DM,6,existing credits paid back duly,radio/television,2614,< 100 DM,1 - 4 years,2,male : single,none,2,real estate,34,none,own,1,skilled employee / official,2,no,yes,No
< 0 DM,20,critical account / other credits existing,car (new),3721,< 100 DM,>= 7 years,1,female : divorced/separated/married,none,4,real estate,35,bank,rent,4,skilled employee / official,1,yes,yes,Yes
< 0 DM,13,critical account / other credits existing,furniture/equipment,3996,< 100 DM,>= 7 years,1,male : single,none,3,car or other,31,none,rent,2,skilled employee / official,1,yes,yes,No
< 0 DM,13,no credits taken,repairs,1125,< 100 DM,4 - 7 years,3,male : single,none,3,real estate,26,none,own,1,skilled employee / official,1,no,yes,Yes
< 0 DM,51,existing credits paid back duly,business,4733,< 100 DM,< 1 year,3,female : divorced/separated/married,none,3,building society savings / life insurance,21,none,rent,1,skilled employee / official,1,no,yes,Yes
no checking account,18,existing credits paid back duly,radio/television,1473,< 100 DM,< 1 year,3,male : married/widowed,none,4,real estate,39,none,own,1,skilled employee / official,1,yes,yes,No
< 0 DM,,existing credits paid back duly,furniture/equipment,,< 100 DM,unemployed,3,male : single,none,2,car or other,27,bank,own,1,unemployed / unskilled - non-resident,1,no,yes,Yes
no checking account,12,existing credits paid back duly,business,1542,< 100 DM,4 - 7 years,2,male : single,none,4,car or other,36,none,own,1,skilled employee / official,1,yes,yes,No
no checking account,38,all credits paid back duly,repairs,2987,< 100 DM,1 - 4 years,4,male : single,none,1,car or other,29,none,own,1,skilled employee / official,1,yes,no,No
0 - 200 DM,48,no credits taken,business,14421,< 100 DM,1 - 4 years,2,male : single,none,2,car or other,25,none,own,1,skilled employee / official,1,yes,yes,Yes
< 0 DM,10,existing credits paid back duly,car (new),829,< 100 DM,4 - 7 years,4,male : single,none,2,real estate,25,none,own,1,skilled employee / official,1,no,yes,Yes
>= 200 DM,26,existing credits paid back duly,radio/television,2751,unknown / no savings,unemployed,4,male : single,none,3,car or other,25,none,own,2,skilled employee / official,1,yes,yes,No
>= 200 DM,14,existing credits paid back duly,education,387,100 - 500 DM,< 1 year,4,female : divorced/separated/married,none,4,building society savings / life insurance,,none,rent,1,skilled employee / official,1,yes,yes,No
< 0 DM,37,critical account / other credits existing,furniture/equipment,15540,unknown / no savings,4 - 7 years,3,male : single,none,4,building society savings / life insurance,29,none,own,2,management / self-employed / highly qualified,1,yes,yes,No
no checking account,9,existing credits paid back duly,radio/television,1108,100 - 500 DM,,3,male : single,none,1,car or other,23,none,own,1,skilled employee / official,2,no,yes,No
no checking account,12,existing credits paid back duly,radio/television,1262,< 100 DM,1 - 4 years,3,male : single,none,2,car or other,25,none,own,1,skilled employee / official,1,no,yes,No
< 0 DM,13,all credits paid back duly,repairs,1259,< 100 DM,4 - 7 years,3,male : divorced/separated,none,4,real estate,30,none,own,2,skilled employee / official,1,yes,yes,Yes
0 - 200 DM,11,critical account / other credits existing,car (new),1322,>= 1000 DM,1 - 4 years,4,female : divorced/separated/married,none,4,car or other,40,none,own,2,skilled employee / official,1,no,yes,No
>= 200 DM,22,existing credits paid back duly,radio/television,1245,500 - 1000 DM,1 - 4 years,4,female : divorced/separated/married,none,2,car or other,59,none,own,1,unskilled - resident,1,no,yes,No
no checking account,15,all credits paid back duly,radio/television,1569,100 - 500 DM,>= 7 years,4,male : single,none,4,car or other,34,bank,own,1,unskilled - resident,2,no,yes,No
0 - 200 DM,8,existing credits paid back duly,radio/television,,100 - 500 DM,1 - 4 years,3,female : divorced/separated/married,none,2,real estate,63,stores,own,1,unskilled - resident,1,yes,yes,No
0 - 200 DM,21,delay in paying off,car (used),6525,unknown / no savings,< 1 year,1,male : divorced/separated,none,4,real estate,59,none,rent,1,management / self-employed / highly qualified,1,yes,yes,No
no checking account,36,delay in paying off,radio/television,4454,< 100 DM,1 - 4 years,4,female : divorced/separated/married,none,4,real estate,34,none,own,2,skilled employee / official,1,no,yes,No
no checking account,36,critical account / other credits existing,business,6304,unknown / no savings,>= 7 years,4,male : single,none,4,real estate,36,none,own,2,skilled employee / official,1,no,yes,No
>= 200 DM,24,all credits paid back duly,car (new),,100 - 500 DM,>= 7 years,3,male : married/widowed,none,4,building society savings / life insurance,41,none,rent,1,skilled employee / official,1,yes,yes,No
>= 200 DM,12,existing credits paid back duly,repairs,821,< 100 DM,1 - 4 years,4,female : divorced/separated/married,none,3,real estate,25,none,own,1,unskilled - resident,1,no,yes,Yes
0 - 200 DM,13,delay in paying off,car (new),2548,100 - 500 DM,unemployed,1,female : divorced/separated/married,none,4,car or other,24,none,rent,2,skilled employee / official,1,no,yes,No
< 0 DM,9,existing credits paid back duly,radio/television,2547,< 100 DM,4 - 7 years,3,male : single,guarantor,2,building society savings / life insurance,35,none,own,2,skilled employee / official,1,no,yes,No
>= 200 DM,9,existing credits paid back duly,car (new),705,>= 1000 DM,< 1 year,2,male : married/widowed,none,2,real estate,29,none,own,1,unemployed / unskilled - non-resident,1,no,no,No
no checking account,25,existing credits paid back duly,car (used),,100 - 500 DM,4 - 7 years,3,female : divorced/separated/married,none,4,car or other,25,none,own,1,skilled employee / official,1,no,yes,No
no checking account,15,existing credits paid back duly,radio/television,2018,< 100 DM,4 - 7 years,4,male : single,none,3,car or other,29,none,rent,1,management / self-employed / highly qualified,2,yes,yes,No
< 0 DM,12,delay in paying off,domestic appliances,1398,unknown / no savings,1 - 4 years,3,female : divorced/separated/married,none,2,unknown / no property,25,none,rent,1,management / self-employed / highly qualified,1,no,yes,Yes
>= 200 DM,14,existing credits paid back duly,radio/television,709,< 100 DM,>= 7 years,4,male : single,none,4,car or other,37,none,own,2,skilled employee / official,2,no,yes,Yes
< 0 DM,39,all credits paid back duly,education,4887,< 100 DM,,3,male : single,none,1,building society savings / life insurance,29,none,own,1,skilled employee / official,1,no,yes,Yes
0 - 200 DM,6,existing credits paid back duly,repairs,454,< 100 DM,< 1 year,3,male : married/widowed,none,1,building society savings / life insurance,22,none,own,1,unskilled - resident,1,no,yes,No
0 - 200 DM,62,existing credits paid back duly,car (new),8319,< 100 DM,,4,female : divorced/separated/married,none,2,building society savings / life insurance,26,none,own,1,skilled employee / official,1,no,yes,Yes
no checking account,24,delay in paying off,car (new),,< 100 DM,>= 7 years,4,male : single,none,4,unknown / no property,60,none,for free,2,skilled employee / official,1,yes,yes,No
no checking account,27,critical account / other credits existing,furniture/equipment,4526,>= 1000 DM,< 1 year,4,male : single,none,2,real estate,32,stores,own,2,unskilled - resident,2,yes,yes,No
>= 200 DM,11,critical account / other credits existing,car (used),1808,< 100 DM,unemployed,4,male : single,none,3,car or other,37,none,own,1,management / self-employed / highly qualified,1,yes,yes,No
< 0 DM,24,existing credits paid back duly,car (used),7350,< 100 DM,< 1 year,3,male : single,none,3,car or other,33,none,own,2,skilled employee / official,1,no,yes,No
no checking account,22,existing credits paid back duly,repairs,,100 - 500 DM,1 - 4 years,2,male : single,none,4,building society savings / life insurance,32,none,own,2,skilled employee / official,1,no,yes,No
no checking account,25,critical account / other credits existing,car (new),2235,100 - 500 DM,1 - 4 years,4,male : married/widowed,none,3,building society savings / life insurance,26,none,own,1,skilled employee / official,1,yes,yes,No
no checking account,6,existing credits paid back duly,furniture/equipment,2048,< 100 DM,1 - 4 years,2,female : divorced/separated/married,co-applicant,2,car or other,,none,rent,1,skilled employee / official,1,no,yes,Yes
no checking account,12,existing credits paid back duly,radio/television,707,< 100 DM,1 - 4 years,4,male : single,none,2,real estate,30,bank,own,2,skilled employee / official,1,no,yes,No
no checking account,12,critical account / other credits existing,furniture/equipment,6282,unknown / no savings,>= 7 years,2,male : single,none,4,building society savings / life insurance,51,none,rent,2,skilled employee / official,1,yes,yes,No
0 - 200 DM,12,existing credits paid back duly,car (new),1295,< 100 DM,< 1 year,3,female : divorced/separated/married,none,1,car or other,25,none,rent,1,skilled employee / official,1,no,yes,Yes
no checking account,36,existing credits paid back duly,radio/television,3835,unknown / no savings,>= 7 years,2,female : divorced/separated/married,none,4,real estate,45,none,own,1,unskilled - resident,1,yes,yes,No
>= 200 DM,28,delay in paying off,business,1652,< 100 DM,>= 7 years,3,male : single,none,3,real estate,63,none,own,1,management / self-employed / highly qualified,1,yes,yes,Yes
< 0 DM,6,critical account / other credits existing,radio/television,338,500 - 1000 DM,>= 7 years,4,male : single,none,4,car or other,52,none,own,2,skilled employee / official,1,no,yes,No
< 0 DM,34,delay in paying off,education,,100 - 500 DM,1 - 4 years,4,male : single,none,3,building society savings / life insurance,26,stores,own,1,skilled employee / official,1,yes,yes,Yes
0 - 200 DM,45,existing credits paid back duly,radio/television,10498,>= 1000 DM,4 - 7 years,1,male : single,co-applicant,1,car or other,25,bank,own,1,skilled employee / official,2,yes,yes,Yes
>= 200 DM,6,existing credits paid back duly,car (new),709,>= 1000 DM,< 1 year,2,male : married/widowed,none,2,real estate,27,none,own,1,unemployed / unskilled - non-resident,1,no,no,No
0 - 200 DM,23,all credits paid back duly,furniture/equipment,3561,unknown / no savings,4 - 7 years,2,male : single,none,2,car or other,38,none,own,1,skilled employee / official,1,yes,yes,No
no checking account,15,existing credits paid back duly,radio/television,2389,< 100 DM,1 - 4 years,2,female : divorced/separated/married,none,2,unknown / no property,27,bank,for free,1,skilled employee / official,2,no,yes,No
< 0 DM,18,no credits taken,furniture/equipment,3114,< 100 DM,< 1 year,1,female : divorced/separated/married,none,4,building society savings / life insurance,26,none,rent,1,skilled employee / official,1,no,yes,Yes
>= 200 DM,18,all credits paid back duly,education,1823,< 100 DM,>= 7 years,3,male : single,none,4,car or other,38,none,rent,1,skilled employee / official,1,yes,no,No
no checking account,11,critical account / other credits existing,radio/television,,< 100 DM,,2,male : single,none,2,unknown / no property,28,none,own,1,unskilled - resident,1,no,yes,No
< 0 DM,15,existing credits paid back duly,domestic appliances,781,100 - 500 DM,unemployed,3,female : divorced/separated/married,none,3,car or other,20,none,own,1,skilled employee / official,1,no,yes,Yes
0 - 200 DM,9,critical account / other credits existing,radio/television,1048,100 - 500 DM,>= 7 years,1,male : single,none,4,real estate,37,none,own,4,unskilled - resident,1,no,yes,No
0 - 200 DM,9,existing credits paid back duly,radio/television,1082,< 100 DM,,4,male : single,none,4,car or other,27,none,own,2,unskilled - resident,1,no,yes,No
0 - 200 DM,14,delay in paying off,furniture/equipment,,>= 1000 DM,< 1 year,4,female : divorced/separated/married,none,1,real estate,19,none,own,2,management / self-employed / highly qualified,1,no,yes,No
no checking account,15,delay in paying off,car (used),3368,< 100 DM,< 1 year,1,female : divorced/separated/married,none,2,building society savings / life insurance,48,none,own,2,unskilled - resident,2,no,yes,No
no checking account,9,existing credits paid back duly,repairs,651,500 - 1000 DM,>= 7 years,1,male : married/widowed,none,4,real estate,24,stores,rent,2,unskilled - resident,1,no,yes,No
no checking account,12,delay in paying off,repairs,1555,>= 1000 DM,>= 7 years,4,male : single,none,4,unknown / no property,55,none,for free,2,skilled employee / official,2,no,yes,Yes
0 - 200 DM,48,existing credits paid back duly,furniture/equipment,9960,< 100 DM,< 1 year,1,female : divorced/separated/married,none,2,car or other,26,none,own,1,skilled employee / official,1,yes,yes,Yes
>= 200 DM,14,existing credits paid back duly,furniture/equipment,2147,< 100 DM,1 - 4 years,1,female : divorced/separated/married,none,2,car or other,49,none,for free,2,unskilled - resident,2,no,yes,No
< 0 DM,18,all credits paid back duly,radio/television,1940,< 100 DM,< 1 year,3,male : single,co-applicant,4,unknown / no property,36,bank,for free,1,management / self-employed / highly qualified,1,yes,yes,No
no checking account,59,existing credits paid back duly,car (new),6868,unknown / no savings,< 1 year,4,male : single,none,4,unknown / no property,31,bank,for free,2,skilled employee / official,2,yes,yes,No
no checking account,39,no credits taken,business,2631,< 100 DM,1 - 4 years,3,male : single,none,2,car or other,28,none,own,2,skilled employee / official,1,no,yes,No
no checking account,15,critical account / other credits existing,furniture/equipment,3343,< 100 DM,1 - 4 years,4,male : single,none,2,unknown / no property,28,none,for free,1,skilled employee / official,1,yes,yes,No
0 - 200 DM,7,delay in paying off,furniture/equipment,1585,< 100 DM,>= 7 years,2,female : divorced/separated/married,none,3,car or other,37,none,own,2,management / self-employed / highly qualified,1,yes,yes,Yes
no checking account,9,critical account / other credits existing,radio/television,1381,< 100 DM,4 - 7 years,1,female : divorced/separated/married,none,1,car or other,28,none,own,2,skilled employee / official,1,yes,yes,No
0 - 200 DM,22,existing credits paid back duly,radio/television,2206,< 100 DM,>= 7 years,4,female : divorced/separated/married,none,3,car or other,21,none,own,2,skilled employee / official,2,yes,yes,No
>= 200 DM,12,all credits paid back duly,radio/television,409,>= 1000 DM,1 - 4 years,3,female : divorced/separated/married,none,3,real estate,42,none,rent,2,skilled employee / official,1,no,yes,No
< 0 DM,20,existing credits paid back duly,radio/television,2685,< 100 DM,< 1 year,4,female : divorced/separated/married,none,2,car or other,30,stores,own,1,skilled employee / official,1,no,yes,No
< 0 DM,6,critical account / other credits existing,car (new),609,< 100 DM,4 - 7 years,4,female : divorced/separated/married,none,3,building society savings / life insurance,37,none,own,2,skilled employee / official,1,no,no,No
no checking account,12,existing credits paid back duly,car (used),2445,unknown / no savings,< 1 year,2,male : married/widowed,none,4,car or other,26,none,rent,1,skilled employee / official,1,yes,yes,No
no checking account,23,critical account / other credits existing,car (used),,>= 1000 DM,1 - 4 years,4,male : single,none,1,real estate,25,none,own,2,skilled employee / official,1,no,yes,No
< 0 DM,40,critical account / other credits existing,education,5998,< 100 DM,1 - 4 years,4,male : single,none,3,unknown / no property,27,bank,own,1,skilled employee / official,1,yes,yes,Yes
no checking account,21,delay in paying off,car (used),2993,< 100 DM,1 - 4 years,3,male : single,none,2,real estate,28,stores,own,2,unskilled - resident,1,no,yes,No
< 0 DM,33,existing credits paid back duly,car (new),1684,< 100 DM,< 1 year,4,female : divorced/separated/married,none,4,car or other,34,none,own,1,skilled employee / official,1,yes,yes,Yes
no checking account,11,critical account / other credits existing,car (new),7228,< 100 DM,1 - 4 years,1,male : single,none,4,building society savings / life insurance,39,none,own,2,unskilled - resident,1,no,yes,No
no checking account,13,critical account / other credits existing,radio/television,1631,< 100 DM,>= 7 years,3,male : single,none,4,real estate,66,none,own,2,unskilled - resident,2,yes,yes,No
no checking account,18,all credits paid back duly,car (new),6458,< 100 DM,>= 7 years,2,male : single,none,4,unknown / no property,39,bank,own,2,management / self-employed / highly qualified,2,yes,yes,Yes
>= 200 DM,9,existing credits paid back duly,radio/television,1371,< 100 DM,,3,male : married/widowed,none,4,real estate,23,none,rent,1,management / self-employed / highly qualified,1,no,yes,No
no checking account,13,existing credits paid back duly,car (new),3176,>= 1000 DM,4 - 7 years,2,female : divorced/separated/married,none,3,car or other,23,none,rent,1,skilled employee / official,1,no,yes,No
no checking account,22,existing credits paid back duly,radio/television,1620,< 100 DM,>= 7 years,3,male : single,none,1,car or other,32,bank,own,1,management / self-employed / highly qualified,2,no,no,No
no checking account,35,existing credits paid back duly,radio/television,3355,< 100 DM,>= 7 years,4,male : single,none,2,car or other,28,none,own,2,management / self-employed / highly qualified,2,no,yes,No
no checking account,18,critical account / other credits existing,radio/television,1169,unknown / no savings,1 - 4 years,4,male : single,none,3,building society savings / life insurance,29,none,own,2,skilled employee / official,1,yes,yes,No
no checking account,22,existing credits paid back duly,car (used),5395,unknown / no savings,>= 7 years,2,male : single,none,4,car or other,41,none,own,2,management / self-employed / highly qualified,2,yes,yes,No
0 - 200 DM,10,critical account / other credits existing,car (new),2054,500 - 1000 DM,4 - 7 years,2,male : divorced/separated,none,2,car or other,34,none,own,1,management / self-employed / highly qualified,1,yes,yes,No
no checking account,7,critical account / other credits existing,radio/television,1126,100 - 500 DM,1 - 4 years,1,female : divorced/separated/married,none,2,building society savings / life insurance,27,none,own,2,unskilled - resident,1,no,yes,No
no checking account,,all credits paid back duly,car (new),1321,unknown / no savings,>= 7 years,4,male : single,co-applicant,2,building society savings / life insurance,46,none,own,1,unskilled - resident,1,no,no,No
0 - 200 DM,36,delay in paying off,car (new),7434,100 - 500 DM,>= 7 years,2,male : single,none,4,car or other,40,none,own,4,management / self-employed / highly qualified,2,no,yes,Yes
< 0 DM,24,all credits paid back duly,business,3161,< 100 DM,1 - 4 years,4,male : single,none,2,building society savings / life insurance,31,none,rent,1,skilled employee / official,1,yes,yes,Yes
no checking account,23,existing credits paid back duly,business,,>= 1000 DM,1 - 4 years,1,male : single,none,3,building society savings / life insurance,52,none,own,3,management / self-employed / highly qualified,2,yes,yes,Yes
< 0 DM,18,existing credits paid back duly,radio/television,3509,< 100 DM,4 - 7 years,4,female : divorced/separated/married,guarantor,1,real estate,,none,own,1,skilled employee / official,1,no,yes,No
0 - 200 DM,20,no credits taken,car (used),6148,100 - 500 DM,>= 7 years,3,male : married/widowed,none,4,car or other,31,bank,own,2,skilled employee / official,1,yes,yes,No
0 - 200 DM,16,existing credits paid back duly,car (new),6333,< 100 DM,4 - 7 years,2,male : single,none,4,building society savings / life insurance,25,none,own,1,unskilled - resident,1,yes,yes,No
>= 200 DM,21,delay in paying off,car (new),2680,unknown / no savings,4 - 7 years,4,male : single,none,1,building society savings / life insurance,,none,own,1,skilled employee / official,1,yes,yes,No
0 - 200 DM,27,existing credits paid back duly,car (used),11865,100 - 500 DM,1 - 4 years,2,female : divorced/separated/married,none,4,car or other,25,none,rent,2,management / self-employed / highly qualified,1,no,yes,Yes
0 - 200 DM,12,critical account / other credits existing,domestic appliances,1424,< 100 DM,4 - 7 years,4,male : single,none,3,building society savings / life insurance,26,none,own,1,skilled employee / official,1,no,yes,No
< 0 DM,15,existing credits paid back duly,car (new),1175,unknown / no savings,1 - 4 years,4,female : divorced/separated/married,none,1,building society savings / life insurance,33,none,own,1,skilled employee / official,1,no,yes,Yes
no checking account,12,existing credits paid back duly,car (new),2133,unknown / no savings,>= 7 years,4,female : divorced/separated/married,none,4,unknown / no property,52,none,for free,1,management / self-employed / highly qualified,1,yes,yes,No
< 0 DM,24,existing credits paid back duly,car (new),1442,< 100 DM,4 - 7 years,4,female : divorced/separated/married,none,4,car or other,23,none,rent,2,skilled employee / official,1,no,yes,Yes
no checking account,6,existing credits paid back duly,education,2112,100 - 500 DM,unemployed,2,female : divorced/separated/married,none,4,building society savings / life insurance,22,none,rent,1,skilled employee / official,1,no,yes,No
< 0 DM,16,existing credits paid back duly,repairs,1847,< 100 DM,1 - 4 years,2,female : divorced/separated/married,none,4,real estate,19,bank,rent,2,skilled employee / official,1,no,yes,Yes
< 0 DM,20,critical account / other credits existing,furniture/equipment,1182,< 100 DM,unemployed,4,female : divorced/separated/married,none,3,building society savings / life insurance,19,none,rent,1,skilled employee / official,1,no,yes,No
0 - 200 DM,27,critical account / other credits existing,business,2872,unknown / no savings,4 - 7 years,4,male : single,none,3,unknown / no property,32,none,own,2,skilled employee / official,2,yes,yes,No
no checking account,19,existing credits paid back duly,car (used),2213,unknown / no savings,>= 7 years,4,male : single,none,3,real estate,47,none,own,1,management / self-employed / highly qualified,1,yes,yes,No
0 - 200 DM,12,delay in paying off,education,1636,< 100 DM,>= 7 years,3,female : divorced/separated/married,none,3,car or other,37,none,own,3,management / self-employed / highly qualified,1,no,yes,Yes
no checking account,27,existing credits paid back duly,car (new),1486,>= 1000 DM,4 - 7 years,4,female : divorced/separated/married,none,3,car or other,34,none,own,1,skilled employee / official,2,yes,yes,No
< 0 DM,6,existing credits paid back duly,education,448,< 100 DM,< 1 year,4,female : divorced/separated/married,none,4,building society savings / life insurance,23,none,own,1,skilled employee / official,1,no,yes,Yes
< 0 DM,48,existing credits paid back duly,car (new),7763,< 100 DM,>= 7 years,4,male : single,none,4,unknown / no property,,bank,for free,1,management / self-employed / highly qualified,1,no,yes,Yes
< 0 DM,20,all credits paid back duly,radio/television,,< 100 DM,1 - 4 years,4,male : single,none,4,unknown / no property,68,none,for free,2,management / self-employed / highly qualified,1,no,yes,Yes
< 0 DM,13,existing credits paid back duly,car (new),1155,< 100 DM,4 - 7 years,4,male : married/widowed,none,4,real estate,24,none,for free,2,unskilled - resident,1,no,yes,No
no checking account,6,critical account / other credits existing,radio/television,1237,100 - 500 DM,1 - 4 years,1,female : divorced/separated/married,none,1,building society savings / life insurance,27,none,own,2,skilled employee / official,1,no,yes,No
< 0 DM,15,existing credits paid back duly,furniture/equipment,1231,unknown / no savings,,2,male : divorced/separated,none,4,building society savings / life insurance,49,none,own,1,unskilled - resident,1,yes,yes,No
no checking account,19,critical account / other credits existing,car (new),3840,>= 1000 DM,< 1 year,3,male : divorced/separated,none,4,real estate,41,none,own,2,skilled employee / official,1,yes,yes,No
no checking account,6,existing credits paid back duly,radio/television,2108,< 100 DM,4 - 7 years,2,male : married/widowed,none,2,real estate,29,none,rent,1,skilled employee / official,1,no,yes,No
no checking account,51,delay in paying off,others,8022,unknown / no savings,>= 7 years,2,male : single,none,3,car or other,35,bank,rent,2,skilled employee / official,2,no,yes,No
no checking account,23,existing credits paid back duly,radio/television,,< 100 DM,4 - 7 years,4,male : single,none,3,car or other,25,none,own,1,skilled employee / official,1,no,yes,No
no checking account,39,critical account / other credits existing,car (new),5800,< 100 DM,>= 7 years,4,male : single,none,4,car or other,32,stores,own,3,management / self-employed / highly qualified,2,yes,yes,No
0 - 200 DM,39,critical account / other credits existing,radio/television,4933,< 100 DM,4 - 7 years,2,male : single,guarantor,2,real estate,25,none,own,2,skilled employee / official,1,no,yes,Yes
0 - 200 DM,9,critical account / other credits existing,education,1501,< 100 DM,>= 7 years,2,female : divorced/separated/married,none,3,car or other,34,none,own,2,management / self-employed / highly qualified,1,yes,yes,Yes
< 0 DM,24,all credits paid back duly,furniture/equipment,2254,100 - 500 DM,1 - 4 years,4,male : single,none,4,real estate,19,stores,own,1,skilled employee / official,1,yes,yes,No
no checking account,14,existing credits paid back duly,radio/television,1473,100 - 500 DM,unemployed,2,female : divorced/separated/married,none,4,real estate,66,none,own,1,skilled employee / official,1,yes,yes,No
< 0 DM,14,existing credits paid back duly,radio/television,627,100 - 500 DM,4 - 7 years,3,male : married/widowed,none,1,building society savings / life insurance,23,none,rent,1,skilled employee / official,1,no,yes,Yes
< 0 DM,47,delay in paying off,business,4814,< 100 DM,< 1 year,3,female : divorced/separated/married,none,3,building society savings / life insurance,27,none,rent,1,skilled employee / official,1,no,yes,Yes
< 0 DM,24,existing credits paid back duly,furniture/equipment,3234,< 100 DM,< 1 year,4,female : divorced/separated/married,none,4,real estate,23,none,rent,1,unskilled - resident,1,yes,yes,Yes
no checking account,24,existing credits paid back duly,furniture/equipment,3972,< 100 DM,4 - 7 years,2,female : divorced/separated/married,none,4,building society savings / life insurance,25,none,rent,1,skilled employee / official,1,yes,yes,No
no checking account,24,existing credits paid back duly,car (new),1525,>= 1000 DM,4 - 7 years,4,female : divorced/separated/married,none,3,car or other,34,none,own,1,skilled employee / official,2,yes,yes,No
>= 200 DM,12,existing credits paid back duly,radio/television,1297,< 100 DM,1 - 4 years,3,male : married/widowed,none,4,real estate,23,none,rent,1,skilled employee / official,1,no,yes,No
< 0 DM,49,existing credits paid back duly,car (used),10246,100 - 500 DM,4 - 7 years,3,male : single,none,4,unknown / no property,37,stores,for free,2,skilled employee / official,2,yes,yes,Yes
0 - 200 DM,7,existing credits paid back duly,radio/television,2415,< 100 DM,1 - 4 years,3,male : single,guarantor,2,real estate,34,none,own,1,skilled employee / official,1,no,yes,No
0 - 200 DM,6,existing credits paid back duly,car (new),636,< 100 DM,< 1 year,2,male : single,none,4,real estate,38,none,own,1,unskilled - resident,2,yes,yes,No
no checking account,60,delay in paying off,radio/television,15653,< 100 DM,4 - 7 years,2,male : single,none,4,car or other,21,none,own,2,skilled employee / official,1,yes,yes,No
>= 200 DM,18,all credits paid back duly,car (new),7586,100 - 500 DM,unemployed,2,male : single,none,2,building society savings / life insurance,36,none,own,1,management / self-employed / highly qualified,2,yes,yes,Yes
0 - 200 DM,6,existing credits paid back duly,radio/television,590,< 100 DM,< 1 year,3,male : married/widowed,none,3,real estate,26,none,own,1,unskilled - resident,1,no,no,No
>= 200 DM,24,existing credits paid back duly,radio/television,1377,100 - 500 DM,,4,female : divorced/separated/married,none,2,unknown / no property,47,none,for free,1,skilled employee / official,1,yes,yes,No
0 - 200 DM,61,no credits taken,others,15086,100 - 500 DM,>= 7 years,3,female : divorced/separated/married,none,4,unknown / no property,59,bank,for free,2,skilled employee / official,1,yes,yes,Yes
< 0 DM,50,critical account / other credits existing,car (used),6616,< 100 DM,>= 7 years,3,female : divorced/separated/married,none,4,unknown / no property,59,stores,for free,2,unskilled - resident,1,no,yes,Yes
no checking account,30,critical account / other credits existing,furniture/equipment,4502,>= 1000 DM,< 1 year,4,male : single,none,3,real estate,30,stores,own,1,unskilled - resident,2,yes,yes,No
no checking account,27,critical account / other credits existing,radio/television,,< 100 DM,4 - 7 years,4,female : divorced/separated/married,none,4,car or other,26,none,rent,2,management / self-employed / highly qualified,2,yes,no,No
>= 200 DM,12,critical account / other credits existing,car (new),939,500 - 1000 DM,4 - 7 years,4,male : married/widowed,none,2,real estate,28,none,own,3,skilled employee / official,1,yes,yes,Yes
no checking account,3,no credits taken,radio/television,419,< 100 DM,>= 7 years,4,male : married/widowed,none,3,car or other,42,none,own,1,unemployed / unskilled - non-resident,1,no,yes,No
no checking account,12,critical account / other credits existing,car (new),926,< 100 DM,unemployed,1,female : divorced/separated/married,none,2,building society savings / life insurance,38,none,own,1,unemployed / unskilled - non-resident,1,no,yes,No
>= 200 DM,14,existing credits paid back duly,furniture/equipment,902,100 - 500 DM,< 1 year,4,male : married/widowed,none,4,car or other,30,bank,rent,4,skilled employee / official,1,no,yes,Yes
no checking account,12,existing credits paid back duly,furniture/equipment,1923,>= 1000 DM,4 - 7 years,1,female : divorced/separated/married,none,4,building society savings / life insurance,31,bank,rent,1,unskilled - resident,2,no,yes,No
< 0 DM,10,existing credits paid back duly,furniture/equipment,3161,< 100 DM,< 1 year,3,female : divorced/separated/married,none,1,real estate,34,none,rent,1,management / self-employed / highly qualified,1,no,yes,No
>= 200 DM,6,critical account / other credits existing,car (new),1343,< 100 DM,>= 7 years,1,male : single,none,4,real estate,46,none,own,2,skilled employee / official,2,no,no,No
no checking account,11,existing credits paid back duly,education,4151,>= 1000 DM,>= 7 years,1,male : single,none,3,real estate,66,none,own,1,unskilled - resident,1,no,yes,No
>= 200 DM,7,existing credits paid back duly,car (used),2665,unknown / no savings,< 1 year,1,female : divorced/separated/married,none,3,real estate,30,none,rent,1,unskilled - resident,1,no,yes,No
no checking account,13,critical account / other credits existing,furniture/equipment,1749,>= 1000 DM,4 - 7 years,3,female : divorced/separated/married,none,2,building society savings / life insurance,37,none,own,1,skilled employee / official,1,no,no,No
no checking account,23,critical account / other credits existing,furniture/equipment,2149,< 100 DM,>= 7 years,1,male : single,none,2,building society savings / life insurance,31,none,own,3,unskilled - resident,1,no,yes,No
no checking account,10,critical account / other credits existing,car (new),1909,unknown / no savings,4 - 7 years,4,male : married/widowed,none,3,car or other,64,none,own,1,skilled employee / official,1,no,yes,No
< 0 DM,6,critical account / other credits existing,radio/television,1277,unknown / no savings,>= 7 years,4,male : single,none,4,building society savings / life insurance,66,none,own,2,skilled employee / official,2,no,yes,No
no checking account,24,critical account / other credits existing,repairs,2058,< 100 DM,1 - 4 years,4,male : divorced/separated,none,2,real estate,33,none,own,2,skilled employee / official,1,yes,yes,No
< 0 DM,19,delay in paying off,education,8387,unknown / no savings,1 - 4 years,1,female : divorced/separated/married,none,2,car or other,23,none,rent,2,skilled employee / official,1,yes,yes,No
0 - 200 DM,9,existing credits paid back duly,radio/television,458,< 100 DM,1 - 4 years,4,male : single,none,3,real estate,24,none,own,1,skilled employee / official,1,no,yes,No
no checking account,3,existing credits paid back duly,business,3836,< 100 DM,4 - 7 years,1,male : single,none,4,real estate,72,none,own,1,unskilled - resident,1,no,yes,No
0 - 200 DM,24,critical account / other credits existing,radio/television,1743,< 100 DM,>= 7 years,4,male : single,none,2,building society savings / life insurance,48,none,own,2,unskilled - resident,1,no,yes,No
no checking account,23,existing credits paid back duly,others,8635,< 100 DM,4 - 7 years,4,male : single,none,3,car or other,37,none,own,1,management / self-employed / highly qualified,1,yes,yes,No
< 0 DM,12,existing credits paid back duly,furniture/equipment,,< 100 DM,1 - 4 years,2,female : divorced/separated/married,co-applicant,3,building society savings / life insurance,30,none,own,1,skilled employee / official,1,no,yes,No
no checking account,15,existing credits paid back duly,radio/television,,< 100 DM,,4,female : divorced/separated/married,none,2,car or other,54,bank,rent,1,management / self-employed / highly qualified,1,yes,yes,No
0 - 200 DM,12,existing credits paid back duly,furniture/equipment,951,100 - 500 DM,< 1 year,4,female : divorced/separated/married,none,4,car or other,27,bank,rent,4,skilled employee / official,1,no,yes,Yes
0 - 200 DM,24,existing credits paid back duly,others,11165,< 100 DM,1 - 4 years,3,male : single,co-applicant,4,car or other,29,bank,own,3,management / self-employed / highly qualified,1,yes,yes,Yes
no checking account,9,existing credits paid back duly,furniture/equipment,1388,< 100 DM,1 - 4 years,4,female : divorced/separated/married,none,2,real estate,26,none,rent,1,skilled employee / official,1,no,yes,No
< 0 DM,27,no credits taken,business,5293,< 100 DM,unemployed,2,male : single,none,4,building society savings / life insurance,50,stores,own,2,skilled employee / official,1,yes,yes,Yes
< 0 DM,12,critical account / other credits existing,furniture/equipment,1581,< 100 DM,>= 7 years,4,male : single,none,3,car or other,47,none,own,3,unskilled - resident,2,yes,yes,No
0 - 200 DM,24,delay in paying off,radio/television,1888,< 100 DM,unemployed,3,female : divorced/separated/married,none,1,building society savings / life insurance,31,none,own,1,management / self-employed / highly qualified,1,yes,yes,Yes
no checking account,27,existing credits paid back duly,repairs,5190,unknown / no savings,>= 7 years,4,male : single,none,4,building society savings / life insurance,48,none,own,4,skilled employee / official,2,yes,yes,No
0 - 200 DM,21,critical account / other credits existing,others,13670,< 100 DM,1 - 4 years,1,male : single,co-applicant,2,car or other,42,none,own,2,management / self-employed / highly qualified,1,yes,yes,Yes
0 - 200 DM,21,existing credits paid back duly,radio/television,2626,100 - 500 DM,< 1 year,2,male : single,none,2,unknown / no property,28,none,own,1,skilled employee / official,1,no,yes,No
0 - 200 DM,18,critical account / other credits existing,car (new),884,< 100 DM,,4,male : single,none,4,car or other,36,bank,own,1,skilled employee / official,2,yes,yes,Yes
< 0 DM,22,delay in paying off,car (new),1151,< 100 DM,unemployed,4,male : single,none,2,real estate,40,none,for free,2,management / self-employed / highly qualified,2,no,yes,Yes
0 - 200 DM,12,critical account / other credits existing,car (used),1860,< 100 DM,unemployed,4,male : single,none,2,car or other,,none,own,2,management / self-employed / highly qualified,1,yes,yes,No
< 0 DM,12,critical account / other credits existing,car (used),1409,< 100 DM,>= 7 years,4,male : single,none,3,real estate,54,none,own,1,skilled employee / official,1,no,yes,No
no checking account,9,existing credits paid back duly,radio/television,2261,< 100 DM,4 - 7 years,2,male : married/widowed,none,2,real estate,26,none,rent,1,skilled employee / official,1,no,yes,No
no checking account,12,critical account / other credits existing,furniture/equipment,,500 - 1000 DM,4 - 7 years,3,female : divorced/separated/married,none,4,car or other,37,none,rent,1,skilled employee / official,1,yes,yes,No
no checking account,31,all credits paid back duly,car (used),6390,unknown / no savings,< 1 year,4,female : divorced/separated/married,none,1,real estate,,bank,own,1,management / self-employed / highly qualified,1,yes,yes,Yes
< 0 DM,24,existing credits paid back duly,car (new),1207,< 100 DM,< 1 year,4,female : divorced/separated/married,none,4,building society savings / life insurance,24,none,rent,1,skilled employee / official,1,no,yes,Yes
0 - 200 DM,16,delay in paying off,car (used),2460,< 100 DM,1 - 4 years,1,male : married/widowed,none,2,car or other,19,none,rent,1,skilled employee / official,1,yes,yes,No
no checking account,22,all credits paid back duly,furniture/equipment,3130,500 - 1000 DM,>= 7 years,4,male : single,none,4,car or other,30,none,rent,1,management / self-employed / highly qualified,1,yes,yes,No
no checking account,11,critical account / other credits existing,education,2979,< 100 DM,,3,male : married/widowed,none,3,unknown / no property,54,bank,for free,4,unemployed / unskilled - non-resident,1,yes,yes,No
0 - 200 DM,22,existing credits paid back duly,radio/television,3844,500 - 1000 DM,< 1 year,1,female : divorced/separated/married,none,4,unknown / no property,25,none,rent,1,unemployed / unskilled - non-resident,1,no,yes,No
no checking account,36,existing credits paid back duly,car (new),2979,unknown / no savings,1 - 4 years,3,male : single,none,3,real estate,38,none,own,2,skilled employee / official,1,no,yes,No
no checking account,16,critical account / other credits existing,car (used),4127,< 100 DM,4 - 7 years,4,male : single,none,1,car or other,27,none,own,1,skilled employee / official,1,no,yes,No
no checking account,50,existing credits paid back duly,business,3922,unknown / no savings,1 - 4 years,3,male : divorced/separated,none,2,real estate,36,bank,own,1,skilled employee / official,2,no,yes,Yes
0 - 200 DM,36,existing credits paid back duly,car (used),6948,< 100 DM,1 - 4 years,2,male : single,none,2,car or other,35,none,rent,1,management / self-employed / highly qualified,1,yes,yes,No
0 - 200 DM,12,critical account / other credits existing,car (new),1073,100 - 500 DM,4 - 7 years,3,male : single,none,3,real estate,45,none,own,2,unskilled - resident,2,no,yes,No
< 0 DM,18,existing credits paid back duly,furniture/equipment,2039,< 100 DM,1 - 4 years,1,female : divorced/separated/married,none,4,real estate,20,bank,rent,1,skilled employee / official,1,no,yes,Yes
no checking account,12,critical account / other credits existing,education,965,500 - 1000 DM,>= 7 years,4,male : single,none,2,car or other,,none,rent,2,management / self-employed / highly qualified,1,yes,yes,No
0 - 200 DM,12,critical account / other credits existing,domestic appliances,1489,< 100 DM,>= 7 years,4,male : single,none,3,building society savings / life insurance,29,none,own,1,skilled employee / official,2,no,yes,No
0 - 200 DM,35,existing credits paid back duly,education,3764,unknown / no savings,< 1 year,2,male : married/widowed,none,1,car or other,26,none,own,1,skilled employee / official,2,no,yes,No
no checking account,18,critical account / other credits existing,radio/television,629,500 - 1000 DM,>= 7 years,4,male : single,none,3,building society savings / life insurance,32,bank,own,2,management / self-employed / highly qualified,1,yes,yes,No
0 - 200 DM,11,existing credits paid back duly,furniture/equipment,1095,< 100 DM,1 - 4 years,1,female : divorced/separated/married,none,2,car or other,31,none,own,1,management / self-employed / highly qualified,1,no,no,Yes
no checking account,28,delay in paying off,car (used),4874,unknown / no savings,4 - 7 years,1,female : divorced/separated/married,none,4,building society savings / life insurance,23,stores,rent,2,unskilled - resident,1,no,yes,No
no checking account,36,existing credits paid back duly,radio/television,2394,unknown / no savings,1 - 4 years,4,female : divorced/separated/married,none,4,car or other,25,none,own,1,skilled employee / official,1,no,yes,No
no checking account,30,existing credits paid back duly,car (used),4811,unknown / no savings,4 - 7 years,2,female : divorced/separated/married,none,4,building society savings / life insurance,24,stores,rent,1,unskilled - resident,1,no,yes,No
0 - 200 DM,17,delay in paying off,repairs,5432,< 100 DM,< 1 year,3,male : divorced/separated,none,4,building society savings / life insurance,43,none,own,1,skilled employee / official,2,yes,yes,No
< 0 DM,18,existing credits paid back duly,domestic appliances,1217,< 100 DM,1 - 4 years,4,male : married/widowed,none,3,real estate,47,none,own,1,unskilled - resident,1,yes,yes,Yes
no checking account,46,critical account / other credits existing,car (used),7946,unknown / no savings,4 - 7 years,2,male : single,none,1,unknown / no property,35,none,for free,2,skilled employee / official,1,yes,yes,No
no checking account,16,critical account / other credits existing,radio/television,2668,< 100 DM,1 - 4 years,2,female : divorced/separated/married,none,1,car or other,28,none,own,2,skilled employee / official,1,no,yes,No
no checking account,26,all credits paid back duly,business,6680,unknown / no savings,< 1 year,3,male : single,guarantor,4,real estate,37,bank,rent,2,skilled employee / official,2,yes,yes,No
no checking account,7,critical account / other credits existing,furniture/equipment,2014,500 - 1000 DM,1 - 4 years,1,male : married/widowed,none,2,car or other,26,none,own,1,skilled employee / official,1,yes,no,No
no checking account,12,existing credits paid back duly,business,1076,< 100 DM,1 - 4 years,2,male : married/widowed,none,2,real estate,26,none,own,1,skilled employee / official,1,yes,no,No
no checking account,8,existing credits paid back duly,car (new),1461,unknown / no savings,>= 7 years,4,male : single,co-applicant,2,building society savings / life insurance,46,none,rent,1,unskilled - resident,1,no,no,No
0 - 200 DM,,no credits taken,furniture/equipment,5131,< 100 DM,< 1 year,3,male : divorced/separated,guarantor,2,real estate,33,none,own,2,skilled employee / official,2,yes,yes,No
no checking account,9,critical account / other credits existing,radio/television,918,unknown / no savings,>= 7 years,4,male : married/widowed,none,3,real estate,64,none,own,3,management / self-employed / highly qualified,1,no,yes,No
no checking account,6,all credits paid back duly,car (new),,unknown / no savings,1 - 4 years,1,male : single,guarantor,2,real estate,26,stores,own,1,unskilled - resident,2,no,yes,No
0 - 200 DM,30,existing credits paid back duly,furniture/equipment,3441,100 - 500 DM,1 - 4 years,2,female : divorced/separated/married,co-applicant,4,car or other,21,none,rent,1,skilled employee / official,1,no,yes,Yes
< 0 DM,30,critical account / other credits existing,car (new),2068,unknown / no savings,>= 7 years,4,male : single,none,4,real estate,39,none,own,2,skilled employee / official,2,no,yes,No
0 - 200 DM,9,existing credits paid back duly,radio/television,1498,< 100 DM,< 1 year,2,male : married/widowed,none,1,real estate,25,none,rent,2,skilled employee / official,2,no,yes,Yes
0 - 200 DM,10,existing credits paid back duly,car (new),3666,unknown / no savings,1 - 4 years,1,female : divorced/separated/married,none,1,real estate,31,none,own,2,unskilled - resident,1,no,yes,No
0 - 200 DM,12,existing credits paid back duly,furniture/equipment,1922,< 100 DM,1 - 4 years,4,male : single,none,2,building society savings / life insurance,37,none,own,1,unskilled - resident,1,no,yes,Yes
>= 200 DM,22,critical account / other credits existing,radio/television,2221,unknown / no savings,>= 7 years,4,male : single,none,4,building society savings / life insurance,50,none,rent,2,skilled employee / official,1,no,yes,No
< 0 DM,10,critical account / other credits existing,car (new),1038,< 100 DM,4 - 7 years,4,male : single,co-applicant,3,building society savings / life insurance,49,none,own,2,skilled employee / official,1,yes,yes,No
0 - 200 DM,12,existing credits paid back duly,repairs,639,< 100 DM,1 - 4 years,4,male : single,none,2,car or other,30,none,own,1,skilled employee / official,1,no,yes,Yes
no checking account,23,critical account / other credits existing,furniture/equipment,1720,< 100 DM,4 - 7 years,4,male : married/widowed,none,2,building society savings / life insurance,39,none,own,1,skilled employee / official,1,yes,yes,No
0 - 200 DM,19,existing credits paid back duly,radio/television,3694,500 - 1000 DM,< 1 year,1,male : married/widowed,none,4,real estate,23,none,rent,1,skilled employee / official,1,no,yes,No
0 - 200 DM,17,existing credits paid back duly,business,2289,500 - 1000 DM,1 - 4 years,4,male : single,none,4,car or other,34,none,own,2,skilled employee / official,1,no,yes,No
no checking account,60,existing credits paid back duly,car (new),10366,< 100 DM,>= 7 years,2,male : single,none,4,building society savings / life insurance,42,none,own,1,management / self-employed / highly qualified,1,yes,yes,No
no checking account,6,delay in paying off,radio/television,932,< 100 DM,1 - 4 years,3,female : divorced/separated/married,none,2,real estate,24,none,own,1,skilled employee / official,1,no,yes,No
0 - 200 DM,48,existing credits paid back duly,car (new),6560,100 - 500 DM,4 - 7 years,3,male : single,none,2,building society savings / life insurance,24,none,own,1,skilled employee / official,1,no,yes,Yes
>= 200 DM,5,delay in paying off,car (new),1336,100 - 500 DM,1 - 4 years,1,male : single,none,2,real estate,77,none,own,4,unemployed / unskilled - non-resident,2,no,no,No
< 0 DM,35,existing credits paid back duly,car (used),9424,unknown / no savings,>= 7 years,3,male : married/widowed,none,4,unknown / no property,48,none,for free,1,management / self-employed / highly qualified,1,no,yes,Yes
< 0 DM,21,all credits paid back duly,furniture/equipment,2177,< 100 DM,1 - 4 years,2,male : single,none,2,car or other,19,none,own,1,skilled employee / official,1,yes,yes,Yes
0 - 200 DM,11,all credits paid back duly,radio/television,,< 100 DM,1 - 4 years,4,male : single,none,4,real estate,25,stores,own,1,unskilled - resident,1,no,yes,No
< 0 DM,14,no credits taken,radio/television,6404,< 100 DM,1 - 4 years,4,male : single,none,3,building society savings / life insurance,30,none,rent,2,skilled employee / official,1,yes,no,Yes
no checking account,8,delay in paying off,car (new),8054,< 100 DM,1 - 4 years,2,male : single,none,4,building society savings / life insurance,36,none,own,2,unskilled - resident,1,no,yes,No
no checking account,10,existing credits paid back duly,car (new),1546,< 100 DM,1 - 4 years,3,male : single,none,2,real estate,31,none,own,1,unskilled - resident,2,no,no,No
>= 200 DM,6,existing credits paid back duly,furniture/equipment,2116,< 100 DM,1 - 4 years,2,male : single,none,2,real estate,41,none,own,1,skilled employee / official,1,yes,yes,No
no checking account,36,delay in paying off,radio/television,4463,< 100 DM,1 - 4 years,4,male : single,none,2,car or other,26,none,own,2,management / self-employed / highly qualified,1,yes,yes,Yes
0 - 200 DM,15,existing credits paid back duly,radio/television,6021,unknown / no savings,< 1 year,1,male : single,none,1,unknown / no property,51,none,own,2,management / self-employed / highly qualified,1,yes,yes,Yes
0 - 200 DM,12,existing credits paid back duly,business,1110,500 - 1000 DM,4 - 7 years,3,male : single,none,4,real estate,39,none,own,1,unskilled - resident,2,no,yes,No
< 0 DM,37,critical account / other credits existing,furniture/equipment,5668,< 100 DM,1 - 4 years,2,male : single,guarantor,2,building society savings / life insurance,28,none,own,2,skilled employee / official,1,no,yes,No
no checking account,13,existing credits paid back duly,furniture/equipment,2166,500 - 1000 DM,1 - 4 years,2,female : divorced/separated/married,none,4,car or other,19,none,rent,1,skilled employee / official,1,no,yes,No
0 - 200 DM,9,existing credits paid back duly,furniture/equipment,2030,unknown / no savings,4 - 7 years,2,male : single,none,1,car or other,24,none,own,1,skilled employee / official,1,yes,yes,No
no checking account,6,critical account / other credits existing,radio/television,1382,< 100 DM,1 - 4 years,1,female : divorced/separated/married,none,1,car or other,28,none,own,2,skilled employee / official,1,yes,yes,No
no checking account,22,critical account / other credits existing,car (used),3673,< 100 DM,4 - 7 years,4,female : divorced/separated/married,none,2,car or other,,none,rent,2,management / self-employed / highly qualified,1,yes,yes,No
no checking account,19,critical account / other credits existing,car (new),1159,< 100 DM,1 - 4 years,4,female : divorced/separated/married,none,3,real estate,34,none,own,2,skilled employee / official,1,no,yes,No
< 0 DM,6,critical account / other credits existing,car (new),3901,< 100 DM,4 - 7 years,1,male : single,none,4,real estate,42,none,own,1,unskilled - resident,1,no,no,No
no checking account,18,existing credits paid back duly,furniture/equipment,2259,< 100 DM,< 1 year,4,male : single,none,3,unknown / no property,49,bank,own,2,skilled employee / official,1,no,yes,No
no checking account,18,critical account / other credits existing,radio/television,1098,< 100 DM,unemployed,4,female : divorced/separated/married,none,4,car or other,65,none,own,2,unemployed / unskilled - non-resident,1,no,yes,No
>= 200 DM,19,critical account / other credits existing,retraining,2287,100 - 500 DM,< 1 year,1,male : divorced/separated,none,1,car or other,30,none,rent,1,skilled employee / official,1,no,yes,Yes
< 0 DM,27,existing credits paid back duly,business,2444,< 100 DM,unemployed,4,female : divorced/separated/married,none,1,building society savings / life insurance,33,stores,own,1,skilled employee / official,1,yes,yes,No
>= 200 DM,4,existing credits paid back duly,furniture/equipment,2244,< 100 DM,1 - 4 years,1,male : single,none,3,real estate,43,none,own,2,skilled employee / official,1,no,yes,No
no checking account,12,all credits paid back duly,retraining,3447,500 - 1000 DM,1 - 4 years,4,female : divorced/separated/married,none,3,real estate,35,none,own,1,unskilled - resident,2,no,yes,No
no checking account,10,critical account / other credits existing,furniture/equipment,644,500 - 1000 DM,4 - 7 years,4,female : divorced/separated/married,none,4,car or other,54,none,own,3,skilled employee / official,1,yes,yes,No
no checking account,39,existing credits paid back duly,car (used),8588,100 - 500 DM,>= 7 years,4,male : single,none,2,car or other,45,none,own,1,management / self-employed / highly qualified,1,yes,yes,No
no checking account,,delay in paying off,car (new),2096,< 100 DM,1 - 4 years,3,male : married/widowed,none,3,car or other,34,stores,own,2,skilled employee / official,1,yes,yes,No
no checking account,15,critical account / other credits existing,furniture/equipment,1553,>= 1000 DM,>= 7 years,3,male : single,none,4,building society savings / life insurance,61,none,own,1,skilled employee / official,1,no,yes,No
0 - 200 DM,12,existing credits paid back duly,radio/television,1103,< 100 DM,4 - 7 years,4,male : single,guarantor,3,real estate,29,none,own,2,skilled employee / official,1,no,no,No
0 - 200 DM,30,critical account / other credits existing,car (new),2181,unknown / no savings,>= 7 years,4,male : single,none,4,real estate,36,none,own,2,skilled employee / official,1,no,yes,No
no checking account,6,all credits paid back duly,domestic appliances,1383,500 - 1000 DM,1 - 4 years,3,male : single,none,4,building society savings / life insurance,48,none,rent,1,skilled employee / official,1,no,yes,No
< 0 DM,22,all credits paid back duly,car (used),4151,< 100 DM,1 - 4 years,1,female : divorced/separated/married,guarantor,4,car or other,20,bank,rent,1,management / self-employed / highly qualified,1,no,yes,No
>= 200 DM,14,existing credits paid back duly,furniture/equipment,1440,unknown / no savings,>= 7 years,2,female : divorced/separated/married,none,4,real estate,57,none,own,1,management / self-employed / highly qualified,1,yes,yes,No
no checking account,24,critical account / other credits existing,car (used),2346,< 100 DM,4 - 7 years,4,male : single,none,3,car or other,,none,own,2,skilled employee / official,1,yes,yes,No
< 0 DM,26,critical account / other credits existing,radio/television,1098,>= 1000 DM,>= 7 years,4,female : divorced/separated/married,none,4,building society savings / life insurance,60,none,rent,2,skilled employee / official,1,yes,yes,No
no checking account,6,existing credits paid back duly,retraining,,unknown / no savings,unemployed,4,male : single,none,4,building society savings / life insurance,36,none,own,1,management / self-employed / highly qualified,2,yes,yes,No
0 - 200 DM,21,existing credits paid back duly,radio/television,1235,100 - 500 DM,< 1 year,4,female : divorced/separated/married,guarantor,4,real estate,24,none,own,2,unskilled - resident,2,no,yes,No
no checking account,10,existing credits paid back duly,car (new),1887,< 100 DM,,4,male : single,none,3,car or other,38,none,own,1,management / self-employed / highly qualified,1,yes,yes,No
>= 200 DM,35,delay in paying off,retraining,5374,< 100 DM,1 - 4 years,4,male : single,none,1,car or other,24,none,rent,1,skilled employee / official,1,no,yes,No
>= 200 DM,5,critical account / other credits existing,retraining,1980,unknown / no savings,1 - 4 years,1,male : single,none,2,real estate,33,none,own,2,unskilled - resident,2,no,yes,No
no checking account,8,existing credits paid back duly,furniture/equipment,1506,< 100 DM,1 - 4 years,1,male : married/widowed,none,3,building society savings / life insurance,22,none,rent,1,skilled employee / official,1,no,yes,No
< 0 DM,18,critical account / other credits existing,radio/television,1880,< 100 DM,4 - 7 years,4,male : married/widowed,none,1,building society savings / life insurance,32,none,own,2,management / self-employed / highly qualified,1,yes,yes,No
>= 200 DM,13,critical account / other credits existing,radio/television,1427,unknown / no savings,>= 7 years,4,male : single,guarantor,4,real estate,48,none,own,1,skilled employee / official,1,no,yes,No
0 - 200 DM,20,existing credits paid back duly,car (used),13685,< 100 DM,< 1 year,4,female : divorced/separated/married,none,4,unknown / no property,15,none,for free,1,management / self-employed / highly qualified,1,yes,yes,Yes
no checking account,46,existing credits paid back duly,business,4443,< 100 DM,unemployed,3,male : single,none,1,car or other,31,bank,rent,1,management / self-employed / highly qualified,1,yes,yes,Yes
no checking account,24,existing credits paid back duly,car (used),9277,unknown / no savings,1 - 4 years,2,male : divorced/separated,none,4,unknown / no property,48,none,for free,1,skilled employee / official,1,yes,yes,No
< 0 DM,24,existing credits paid back duly,car (used),2964,unknown / no savings,>= 7 years,4,male : single,none,4,unknown / no property,49,bank,for free,1,skilled employee / official,2,yes,yes,No
< 0 DM,3,existing credits paid back duly,domestic appliances,354,< 100 DM,< 1 year,4,female : divorced/separated/married,none,2,real estate,28,none,own,1,skilled employee / official,1,no,yes,No
< 0 DM,21,all credits paid back duly,radio/television,2236,500 - 1000 DM,1 - 4 years,3,male : divorced/separated,none,4,real estate,24,stores,rent,1,skilled employee / official,1,yes,yes,No
no checking account,24,critical account / other credits existing,furniture/equipment,2028,< 100 DM,,2,male : single,none,2,building society savings / life insurance,30,none,own,2,unskilled - resident,1,no,yes,No
< 0 DM,26,existing credits paid back duly,car (used),2934,< 100 DM,4 - 7 years,1,male : single,none,1,unknown / no property,34,none,for free,1,management / self-employed / highly qualified,1,yes,yes,No
< 0 DM,,existing credits paid back duly,business,687,< 100 DM,< 1 year,4,female : divorced/separated/married,none,4,building society savings / life insurance,55,none,own,1,management / self-employed / highly qualified,1,no,yes,Yes
< 0 DM,4,critical account / other credits existing,car (new),856,< 100 DM,>= 7 years,1,female : divorced/separated/married,none,4,unknown / no property,38,none,rent,1,skilled employee / official,1,yes,yes,No
< 0 DM,18,no credits taken,business,3104,< 100 DM,4 - 7 years,3,male : single,none,1,building society savings / life insurance,31,bank,own,1,skilled employee / official,1,yes,yes,No
no checking account,21,all credits paid back duly,furniture/equipment,2623,>= 1000 DM,,3,male : single,none,4,car or other,55,none,own,1,skilled employee / official,1,no,yes,No
< 0 DM,38,delay in paying off,education,7786,< 100 DM,< 1 year,4,male : single,none,3,building society savings / life insurance,32,stores,own,1,skilled employee / official,1,yes,yes,Yes
< 0 DM,18,existing credits paid back duly,business,1795,>= 1000 DM,1 - 4 years,4,male : married/widowed,none,2,real estate,37,bank,for free,1,management / self-employed / highly qualified,2,yes,yes,No
no checking account,8,existing credits paid back duly,repairs,617,500 - 1000 DM,4 - 7 years,2,male : married/widowed,none,4,real estate,26,none,rent,1,unskilled - resident,2,no,yes,No
0 - 200 DM,10,all credits paid back duly,radio/television,1048,< 100 DM,1 - 4 years,4,male : single,none,4,real estate,23,stores,own,1,unskilled - resident,1,no,yes,No
0 - 200 DM,24,critical account / other credits existing,furniture/equipment,4495,< 100 DM,< 1 year,2,male : divorced/separated,none,4,car or other,28,bank,own,1,unskilled - resident,1,no,yes,Yes
< 0 DM,25,existing credits paid back duly,furniture/equipment,2995,100 - 500 DM,1 - 4 years,3,male : divorced/separated,none,2,real estate,21,none,rent,1,unskilled - resident,1,no,yes,No
no checking account,37,delay in paying off,business,7232,unknown / no savings,< 1 year,3,male : single,none,4,car or other,24,none,rent,1,skilled employee / official,1,yes,yes,Yes
0 - 200 DM,14,delay in paying off,radio/television,866,< 100 DM,>= 7 years,3,male : single,none,2,car or other,36,none,own,1,unskilled - resident,2,no,yes,Yes
0 - 200 DM,6,delay in paying off,business,1449,100 - 500 DM,>= 7 years,1,male : divorced/separated,none,2,car or other,31,bank,own,2,skilled employee / official,2,no,yes,No
< 0 DM,,critical account / other credits existing,car (new),1784,< 100 DM,>= 7 years,4,male : married/widowed,none,3,car or other,30,none,own,2,skilled employee / official,1,yes,yes,No
0 - 200 DM,15,existing credits paid back duly,business,5232,< 100 DM,,2,male : single,none,2,car or other,33,none,own,1,skilled employee / official,1,no,yes,No
no checking account,9,existing credits paid back duly,radio/television,2253,>= 1000 DM,1 - 4 years,4,male : single,none,4,unknown / no property,37,none,for free,1,skilled employee / official,2,yes,yes,No
< 0 DM,15,existing credits paid back duly,car (new),3959,< 100 DM,1 - 4 years,3,female : divorced/separated/married,none,2,building society savings / life insurance,29,none,own,1,skilled employee / official,1,yes,yes,Yes
no checking account,34,critical account / other credits existing,car (used),7408,< 100 DM,4 - 7 years,4,male : single,none,1,car or other,32,none,own,2,management / self-employed / highly qualified,1,yes,yes,No
0 - 200 DM,30,no credits taken,business,4280,100 - 500 DM,1 - 4 years,4,female : divorced/separated/married,none,4,car or other,26,none,rent,2,unskilled - resident,1,no,yes,Yes
< 0 DM,30,no credits taken,business,,unknown / no savings,< 1 year,2,male : single,none,3,car or other,25,bank,own,3,skilled employee / official,1,no,yes,No
no checking account,15,critical account / other credits existing,radio/television,1459,< 100 DM,1 - 4 years,4,female : divorced/separated/married,none,2,car or other,43,none,own,1,unskilled - resident,1,no,yes,No
>= 200 DM,3,existing credits paid back duly,furniture/equipment,2377,< 100 DM,1 - 4 years,2,male : single,none,2,real estate,38,stores,own,1,skilled employee / official,1,yes,yes,No
< 0 DM,7,critical account / other credits existing,car (new),3373,100 - 500 DM,4 - 7 years,1,male : single,none,4,real estate,36,none,own,3,unskilled - resident,1,yes,no,No
no checking account,23,critical account / other credits existing,domestic appliances,2203,< 100 DM,1 - 4 years,2,male : single,none,1,building society savings / life insurance,27,bank,own,2,unskilled - resident,1,no,yes,No
< 0 DM,6,existing credits paid back duly,furniture/equipment,428,< 100 DM,>= 7 years,2,female : divorced/separated/married,none,1,building society savings / life insurance,49,bank,own,1,skilled employee / official,1,yes,yes,No
no checking account,9,critical account / other credits existing,others,1349,< 100 DM,1 - 4 years,1,female : divorced/separated/married,none,1,building society savings / life insurance,26,none,own,2,skilled employee / official,1,yes,yes,No
< 0 DM,9,existing credits paid back duly,radio/television,1341,< 100 DM,1 - 4 years,3,female : divorced/separated/married,none,1,car or other,24,bank,own,2,skilled employee / official,1,no,yes,No
no checking account,33,existing credits paid back duly,furniture/equipment,3668,< 100 DM,1 - 4 years,4,female : divorced/separated/married,none,3,unknown / no property,30,none,own,1,management / self-employed / highly qualified,1,yes,yes,Yes
< 0 DM,21,delay in paying off,education,3414,< 100 DM,< 1 year,2,male : single,none,1,building society savings / life insurance,26,none,own,2,skilled employee / official,1,no,yes,Yes
< 0 DM,24,existing credits paid back duly,car (used),3310,< 100 DM,< 1 year,2,female : divorced/separated/married,none,4,car or other,29,none,own,1,skilled employee / official,1,no,yes,No
no checking account,22,existing credits paid back duly,radio/television,3610,unknown / no savings,>= 7 years,4,male : single,none,2,real estate,44,none,own,1,skilled employee / official,1,yes,yes,No
0 - 200 DM,60,all credits paid back duly,others,14782,100 - 500 DM,>= 7 years,3,female : divorced/separated/married,none,4,unknown / no property,60,bank,for free,2,management / self-employed / highly qualified,1,yes,yes,Yes
>= 200 DM,24,existing credits paid back duly,radio/television,1258,500 - 1000 DM,1 - 4 years,3,female : divorced/separated/married,none,3,car or other,57,none,own,1,unskilled - resident,1,no,yes,No
no checking account,12,critical account / other credits existing,business,2292,< 100 DM,unemployed,4,male : single,none,2,car or other,42,stores,own,2,management / self-employed / highly qualified,1,yes,yes,Yes
0 - 200 DM,12,no credits taken,retraining,1410,< 100 DM,1 - 4 years,2,male : single,none,2,real estate,31,none,own,1,unskilled - resident,1,yes,yes,No
0 - 200 DM,25,delay in paying off,furniture/equipment,3416,100 - 500 DM,>= 7 years,3,male : single,none,3,unknown / no property,29,stores,for free,1,skilled employee / official,1,no,yes,No
no checking account,33,critical account / other credits existing,car (new),6909,< 100 DM,>= 7 years,3,male : married/widowed,none,3,car or other,32,none,own,1,management / self-employed / highly qualified,1,no,yes,No
0 - 200 DM,15,all credits paid back duly,retraining,1345,< 100 DM,1 - 4 years,2,male : single,none,3,real estate,33,none,own,1,unskilled - resident,2,no,yes,No
0 - 200 DM,12,delay in paying off,radio/television,585,< 100 DM,1 - 4 years,4,male : married/widowed,co-applicant,4,real estate,20,none,rent,2,skilled employee / official,1,no,yes,No
no checking account,60,existing credits paid back duly,car (new),6527,unknown / no savings,1 - 4 years,4,male : single,none,4,unknown / no property,34,none,for free,1,skilled employee / official,2,yes,yes,No
no checking account,15,existing credits paid back duly,furniture/equipment,3916,< 100 DM,>= 7 years,4,male : single,none,4,building society savings / life insurance,48,bank,own,2,skilled employee / official,2,yes,yes,No
0 - 200 DM,17,existing credits paid back duly,radio/television,1196,unknown / no savings,1 - 4 years,4,female : divorced/separated/married,none,1,car or other,35,none,own,1,skilled employee / official,1,no,yes,Yes
no checking account,9,existing credits paid back duly,retraining,1202,unknown / no savings,< 1 year,3,male : married/widowed,none,4,building society savings / life insurance,39,stores,own,1,management / self-employed / highly qualified,2,yes,no,No
< 0 DM,,critical account / other credits existing,car (new),1039,< 100 DM,>= 7 years,4,male : single,none,3,car or other,63,none,own,2,unskilled - resident,1,no,yes,Yes
0 - 200 DM,15,existing credits paid back duly,radio/television,2234,< 100 DM,< 1 year,2,female : divorced/separated/married,guarantor,4,building society savings / life insurance,25,none,own,1,unskilled - resident,1,no,yes,No
>= 200 DM,48,no credits taken,business,3310,100 - 500 DM,4 - 7 years,4,male : single,none,4,unknown / no property,35,none,for free,2,unskilled - resident,2,yes,yes,Yes
no checking account,7,existing credits paid back duly,radio/television,3044,< 100 DM,4 - 7 years,1,male : single,none,2,real estate,32,none,own,1,skilled employee / official,2,yes,yes,No
< 0 DM,24,all credits paid back duly,furniture/equipment,2608,500 - 1000 DM,4 - 7 years,4,male : single,none,4,real estate,19,stores,own,1,skilled employee / official,1,yes,yes,No
0 - 200 DM,10,existing credits paid back duly,car (new),1400,< 100 DM,4 - 7 years,1,male : divorced/separated,none,1,building society savings / life insurance,49,none,rent,1,skilled employee / official,1,no,yes,Yes
< 0 DM,24,critical account / other credits existing,radio/television,1231,>= 1000 DM,>= 7 years,4,female : divorced/separated/married,none,4,building society savings / life insurance,57,none,rent,2,management / self-employed / highly qualified,1,yes,yes,No
0 - 200 DM,48,all credits paid back duly,business,3566,100 - 500 DM,4 - 7 years,4,male : single,none,2,car or other,30,none,own,1,skilled employee / official,1,no,yes,No
< 0 DM,18,existing credits paid back duly,education,750,< 100 DM,,4,female : divorced/separated/married,none,1,real estate,27,none,own,1,unemployed / unskilled - non-resident,1,no,yes,Yes
no checking account,36,existing credits paid back duly,radio/television,2107,unknown / no savings,1 - 4 years,4,female : divorced/separated/married,none,4,car or other,25,none,own,1,skilled employee / official,2,no,yes,No
< 0 DM,12,existing credits paid back duly,car (new),1274,< 100 DM,< 1 year,3,female : divorced/separated/married,none,1,real estate,37,none,own,1,unskilled - resident,1,no,yes,Yes
0 - 200 DM,12,existing credits paid back duly,car (new),,< 100 DM,4 - 7 years,2,male : married/widowed,none,3,car or other,25,bank,own,1,unskilled - resident,1,no,yes,Yes
< 0 DM,15,critical account / other credits existing,car (new),2310,< 100 DM,>= 7 years,3,male : single,guarantor,3,building society savings / life insurance,44,bank,rent,1,skilled employee / official,1,yes,yes,Yes
0 - 200 DM,36,existing credits paid back duly,car (new),12389,unknown / no savings,1 - 4 years,1,male : single,none,4,unknown / no property,37,none,for free,1,skilled employee / official,1,yes,yes,Yes
no checking account,12,critical account / other credits existing,furniture/equipment,3345,< 100 DM,>= 7 years,3,male : single,none,4,building society savings / life insurance,39,stores,own,1,skilled employee / official,1,no,yes,No
no checking account,15,existing credits paid back duly,radio/television,3214,>= 1000 DM,4 - 7 years,2,male : divorced/separated,none,4,real estate,60,none,own,1,unskilled - resident,1,no,yes,No
< 0 DM,12,existing credits paid back duly,radio/television,674,100 - 500 DM,4 - 7 years,4,male : married/widowed,none,1,building society savings / life insurance,20,none,own,1,skilled employee / official,1,no,yes,Yes
< 0 DM,24,critical account / other credits existing,business,1382,100 - 500 DM,4 - 7 years,4,male : single,none,1,real estate,26,none,own,2,skilled employee / official,1,yes,yes,No
< 0 DM,15,existing credits paid back duly,car (new),1989,100 - 500 DM,4 - 7 years,4,male : single,none,4,unknown / no property,30,none,own,1,management / self-employed / highly qualified,2,yes,yes,No
< 0 DM,24,existing credits paid back duly,furniture/equipment,2996,unknown / no savings,1 - 4 years,2,male : married/widowed,none,4,car or other,20,none,own,1,skilled employee / official,1,no,yes,Yes
no checking account,18,all credits paid back duly,radio/television,1652,100 - 500 DM,>= 7 years,4,male : single,none,3,car or other,37,bank,for free,1,unskilled - resident,2,no,yes,No
< 0 DM,23,all credits paid back duly,car (new),,< 100 DM,unemployed,1,female : divorced/separated/married,co-applicant,3,unknown / no property,27,none,rent,2,unemployed / unskilled - non-resident,1,no,yes,Yes
0 - 200 DM,7,all credits paid back duly,car (used),-5410,100 - 500 DM,>= 7 years,2,female : divorced/separated/married,none,4,unknown / no property,73,bank,for free,1,management / self-employed / highly qualified,2,yes,yes,Yes
no checking account,48,critical account / other credits existing,car (new),10127,500 - 1000 DM,1 - 4 years,2,male : single,none,2,unknown / no property,,bank,for free,1,skilled employee / official,1,no,yes,Yes
no checking account,18,no credits taken,business,4165,< 100 DM,1 - 4 years,2,male : single,none,2,car or other,36,stores,own,2,skilled employee / official,2,no,yes,Yes
< 0 DM,6,existing credits paid back duly,car (new),16366,< 100 DM,>= 7 years,1,male : single,none,4,unknown / no property,65,bank,for free,1,management / self-employed / highly qualified,1,no,yes,Yes
< 0 DM,12,existing credits paid back duly,furniture/equipment,1262,unknown / no savings,>= 7 years,2,male : divorced/separated,none,4,building society savings / life insurance,49,none,own,1,unskilled - resident,1,yes,yes,No
0 - 200 DM,48,all credits paid back duly,car (new),12430,unknown / no savings,unemployed,4,male : single,co-applicant,4,unknown / no property,34,none,for free,2,management / self-employed / highly qualified,2,yes,yes,No
no checking account,,critical account / other credits existing,car (new),646,100 - 500 DM,,3,female : divorced/separated/married,none,2,car or other,,none,own,3,skilled employee / official,1,yes,yes,No
< 0 DM,18,existing credits paid back duly,radio/television,1345,< 100 DM,1 - 4 years,4,male : married/widowed,none,3,real estate,26,bank,own,1,skilled employee / official,1,no,yes,Yes
>= 200 DM,18,existing credits paid back duly,radio/television,1517,>= 1000 DM,< 1 year,4,female : divorced/separated/married,none,1,building society savings / life insurance,26,none,own,2,skilled employee / official,1,no,yes,No
no checking account,14,delay in paying off,car (new),802,< 100 DM,1 - 4 years,4,male : single,none,2,car or other,,none,own,2,unskilled - resident,1,no,yes,No
no checking account,50,critical account / other credits existing,car (used),13171,100 - 500 DM,< 1 year,2,female : divorced/separated/married,none,4,car or other,25,bank,rent,2,unskilled - resident,1,no,yes,Yes
0 - 200 DM,12,existing credits paid back duly,radio/television,1181,< 100 DM,>= 7 years,4,male : single,none,4,car or other,28,none,own,2,unskilled - resident,1,no,yes,No
no checking account,18,existing credits paid back duly,furniture/equipment,2515,< 100 DM,1 - 4 years,3,male : single,none,4,real estate,43,none,own,1,skilled employee / official,1,yes,yes,No
< 0 DM,17,existing credits paid back duly,radio/television,3322,< 100 DM,1 - 4 years,2,female : divorced/separated/married,none,2,real estate,21,none,own,1,skilled employee / official,1,no,yes,Yes
>= 200 DM,10,critical account / other credits existing,radio/television,1347,unknown / no savings,4 - 7 years,4,male : single,none,2,building society savings / life insurance,27,none,own,2,skilled employee / official,1,yes,yes,No
< 0 DM,39,critical account / other credits existing,furniture/equipment,,unknown / no savings,4 - 7 years,4,male : single,none,3,building society savings / life insurance,28,none,own,2,management / self-employed / highly qualified,1,yes,yes,No
0 - 200 DM,13,existing credits paid back duly,car (new),8448,100 - 500 DM,>= 7 years,2,male : divorced/separated,none,4,building society savings / life insurance,43,none,own,1,management / self-employed / highly qualified,1,yes,no,Yes
no checking account,37,existing credits paid back duly,furniture/equipment,6920,>= 1000 DM,1 - 4 years,3,female : divorced/separated/married,none,3,car or other,40,bank,own,3,skilled employee / official,1,yes,yes,No
no checking account,12,all credits paid back duly,car (new),2028,unknown / no savings,>= 7 years,4,female : divorced/separated/married,none,4,car or other,49,none,for free,1,management / self-employed / highly qualified,1,yes,yes,No
< 0 DM,24,existing credits paid back duly,car (used),6579,< 100 DM,unemployed,4,male : single,none,2,unknown / no property,29,none,for free,1,management / self-employed / highly qualified,1,yes,yes,No
< 0 DM,12,existing credits paid back duly,car (new),1893,< 100 DM,1 - 4 years,4,female : divorced/separated/married,guarantor,4,building society savings / life insurance,29,none,own,1,skilled employee / official,1,yes,yes,No
no checking account,24,existing credits paid back duly,car (new),1469,100 - 500 DM,>= 7 years,4,male : married/widowed,none,4,real estate,41,none,rent,1,unskilled - resident,1,no,yes,No
0 - 200 DM,12,existing credits paid back duly,furniture/equipment,849,100 - 500 DM,< 1 year,4,female : divorced/separated/married,none,4,car or other,26,bank,rent,4,skilled employee / official,1,no,yes,Yes
>= 200 DM,30,delay in paying off,business,1908,< 100 DM,>= 7 years,4,male : single,none,4,real estate,66,none,own,1,management / self-employed / highly qualified,1,yes,yes,Yes
< 0 DM,9,existing credits paid back duly,radio/television,1364,< 100 DM,4 - 7 years,3,male : single,none,4,real estate,59,none,own,1,skilled employee / official,1,no,yes,No
>= 200 DM,12,existing credits paid back duly,radio/television,2613,< 100 DM,1 - 4 years,2,male : married/widowed,none,1,car or other,23,stores,own,1,unskilled - resident,1,no,yes,No
no checking account,9,existing credits paid back duly,domestic appliances,1236,< 100 DM,< 1 year,1,female : divorced/separated/married,none,4,real estate,23,none,rent,1,skilled employee / official,1,yes,yes,No
no checking account,26,existing credits paid back duly,radio/television,873,unknown / no savings,>= 7 years,4,male : single,none,2,car or other,23,none,own,2,skilled employee / official,1,no,yes,No
no checking account,12,critical account / other credits existing,education,2748,< 100 DM,>= 7 years,2,female : divorced/separated/married,none,4,unknown / no property,57,bank,for free,3,unskilled - resident,1,no,yes,No
no checking account,12,critical account / other credits existing,business,1264,unknown / no savings,>= 7 years,4,male : single,none,4,unknown / no property,57,none,rent,1,unskilled - resident,1,no,yes,No
>= 200 DM,16,existing credits paid back duly,radio/television,2405,< 100 DM,< 1 year,2,female : divorced/separated/married,none,3,real estate,23,none,own,1,unskilled - resident,1,yes,yes,Yes
no checking account,13,critical account / other credits existing,radio/television,1165,< 100 DM,1 - 4 years,4,female : divorced/separated/married,none,2,building society savings / life insurance,33,stores,own,2,skilled employee / official,1,no,yes,No
< 0 DM,18,existing credits paid back duly,car (new),2249,100 - 500 DM,4 - 7 years,4,male : single,none,3,car or other,30,none,own,1,management / self-employed / highly qualified,2,yes,yes,No
no checking account,27,delay in paying off,car (used),4410,< 100 DM,4 - 7 years,2,male : single,none,3,building society savings / life insurance,34,none,for free,3,unskilled - resident,2,yes,yes,No
>= 200 DM,12,existing credits paid back duly,car (new),1330,< 100 DM,< 1 year,4,male : single,none,1,real estate,26,none,own,1,skilled employee / official,1,no,yes,No
0 - 200 DM,9,existing credits paid back duly,car (new),3195,unknown / no savings,1 - 4 years,1,female : divorced/separated/married,none,2,real estate,33,none,own,1,unskilled - resident,1,no,yes,No
no checking account,12,critical account / other credits existing,domestic appliances,2023,unknown / no savings,< 1 year,3,male : married/widowed,none,1,car or other,25,none,own,2,skilled employee / official,1,no,no,No
< 0 DM,19,critical account / other credits existing,business,4050,< 100 DM,4 - 7 years,2,male : single,none,2,building society savings / life insurance,25,none,rent,2,skilled employee / official,1,no,yes,No
no checking account,12,existing credits paid back duly,car (used),2361,unknown / no savings,< 1 year,1,female : divorced/separated/married,none,3,unknown / no property,24,none,rent,1,skilled employee / official,1,yes,yes,No
no checking account,24,existing credits paid back duly,car (new),1249,< 100 DM,< 1 year,4,male : married/widowed,none,2,real estate,28,none,own,1,skilled employee / official,1,no,yes,No
0 - 200 DM,30,critical account / other credits existing,furniture/equipment,9307,< 100 DM,,2,male : single,none,2,building society savings / life insurance,52,none,own,1,skilled employee / official,1,no,yes,Yes
no checking account,18,critical account / other credits existing,car (used),3850,< 100 DM,4 - 7 years,3,male : single,none,1,car or other,27,none,own,2,skilled employee / official,1,no,yes,No
< 0 DM,13,existing credits paid back duly,car (new),3282,>= 1000 DM,1 - 4 years,1,male : single,none,4,building society savings / life insurance,34,none,own,2,skilled employee / official,2,no,yes,No
0 - 200 DM,16,critical account / other credits existing,business,8158,< 100 DM,unemployed,4,male : single,none,3,building society savings / life insurance,38,stores,own,2,skilled employee / official,2,yes,yes,No
< 0 DM,45,existing credits paid back duly,radio/television,1845,< 100 DM,1 - 4 years,4,male : single,none,4,unknown / no property,23,none,for free,1,skilled employee / official,1,yes,yes,Yes
< 0 DM,9,critical account / other credits existing,repairs,,100 - 500 DM,>= 7 years,3,male : single,guarantor,4,real estate,48,none,own,2,skilled employee / official,2,no,no,No
< 0 DM,27,existing credits paid back duly,radio/television,,< 100 DM,1 - 4 years,2,male : single,none,3,car or other,25,none,own,1,management / self-employed / highly qualified,1,no,yes,No
no checking account,14,critical account / other credits existing,car (new),1184,< 100 DM,< 1 year,4,female : divorced/separated/married,none,4,car or other,,none,own,3,management / self-employed / highly qualified,1,no,yes,No
0 - 200 DM,12,existing credits paid back duly,furniture/equipment,983,>= 1000 DM,< 1 year,1,female : divorced/separated/married,none,4,real estate,19,none,rent,1,unskilled - resident,1,no,yes,No
no checking account,11,existing credits paid back duly,domestic appliances,1067,< 100 DM,1 - 4 years,1,female : divorced/separated/married,none,3,real estate,26,none,rent,1,skilled employee / official,1,yes,yes,No
no checking account,13,critical account / other credits existing,business,1949,< 100 DM,unemployed,4,male : single,none,2,car or other,43,stores,rent,2,management / self-employed / highly qualified,1,yes,yes,Yes
0 - 200 DM,24,existing credits paid back duly,car (new),3512,100 - 500 DM,4 - 7 years,2,male : single,none,3,car or other,38,bank,own,2,skilled employee / official,1,yes,yes,No
0 - 200 DM,9,existing credits paid back duly,furniture/equipment,2778,unknown / no savings,>= 7 years,1,female : divorced/separated/married,none,2,building society savings / life insurance,27,bank,own,1,skilled employee / official,1,yes,yes,Yes
0 - 200 DM,9,existing credits paid back duly,radio/television,2118,< 100 DM,1 - 4 years,2,male : single,none,2,real estate,37,none,own,1,unskilled - resident,2,no,yes,No
0 - 200 DM,7,existing credits paid back duly,radio/television,2576,< 100 DM,1 - 4 years,2,male : single,guarantor,2,real estate,35,none,own,1,skilled employee / official,1,no,yes,No
0 - 200 DM,11,existing credits paid back duly,business,1450,< 100 DM,1 - 4 years,2,male : married/widowed,none,1,real estate,29,bank,own,1,skilled employee / official,1,yes,yes,No
no checking account,20,delay in paying off,radio/television,2102,< 100 DM,unemployed,2,male : married/widowed,none,2,real estate,31,none,own,2,skilled employee / official,1,no,yes,No
< 0 DM,24,all credits paid back duly,furniture/equipment,3349,500 - 1000 DM,< 1 year,4,male : single,none,4,unknown / no property,30,none,for free,1,skilled employee / official,2,yes,yes,Yes
< 0 DM,37,existing credits paid back duly,furniture/equipment,3021,< 100 DM,>= 7 years,1,male : single,none,2,building society savings / life insurance,44,bank,own,1,skilled employee / official,2,no,yes,Yes
no checking account,,existing credits paid back duly,radio/television,1363,500 - 1000 DM,4 - 7 years,4,male : married/widowed,none,1,car or other,30,none,own,2,skilled employee / official,1,no,yes,No
>= 200 DM,13,critical account / other credits existing,furniture/equipment,2336,< 100 DM,< 1 year,1,female : divorced/separated/married,none,3,real estate,20,none,rent,1,skilled employee / official,1,no,yes,No
0 - 200 DM,12,existing credits paid back duly,car (new),1007,>= 1000 DM,1 - 4 years,4,male : married/widowed,none,1,real estate,22,none,own,1,skilled employee / official,1,no,yes,No
0 - 200 DM,23,existing credits paid back duly,furniture/equipment,2099,>= 1000 DM,4 - 7 years,4,male : single,none,4,car or other,40,none,own,1,skilled employee / official,1,yes,no,No
< 0 DM,4,critical account / other credits existing,radio/television,1178,unknown / no savings,4 - 7 years,3,male : single,none,4,real estate,65,none,own,2,skilled employee / official,1,yes,yes,No
0 - 200 DM,12,existing credits paid back duly,radio/television,1567,< 100 DM,1 - 4 years,1,female : divorced/separated/married,none,1,car or other,22,none,own,1,skilled employee / official,1,yes,yes,No
0 - 200 DM,15,all credits paid back duly,car (new),6850,100 - 500 DM,unemployed,1,male : single,none,2,building society savings / life insurance,34,none,own,1,management / self-employed / highly qualified,2,yes,yes,Yes
no checking account,18,existing credits paid back duly,car (used),2598,unknown / no savings,4 - 7 years,4,male : single,none,3,real estate,44,none,own,1,management / self-employed / highly qualified,1,yes,yes,No
no checking account,19,critical account / other credits existing,furniture/equipment,3972,< 100 DM,< 1 year,2,male : divorced/separated,none,2,car or other,36,none,own,3,management / self-employed / highly qualified,1,yes,yes,No
< 0 DM,23,critical account / other credits existing,radio/television,1146,>= 1000 DM,>= 7 years,4,female : divorced/separated/married,none,4,building society savings / life insurance,59,none,rent,2,management / self-employed / highly qualified,1,yes,no,No
>= 200 DM,12,existing credits paid back duly,radio/television,3399,unknown / no savings,>= 7 years,2,male : single,none,3,car or other,37,none,own,1,management / self-employed / highly qualified,1,no,yes,No
< 0 DM,11,existing credits paid back duly,car (new),2933,< 100 DM,< 1 year,4,male : single,none,1,real estate,30,none,own,1,unskilled - resident,2,no,yes,Yes
< 0 DM,14,critical account / other credits existing,car (new),3465,< 100 DM,1 - 4 years,3,female : divorced/separated/married,co-applicant,3,real estate,29,none,own,3,skilled employee / official,1,no,yes,Yes
no checking account,21,existing credits paid back duly,radio/television,3160,unknown / no savings,>= 7 years,4,male : single,none,3,building society savings / life insurance,41,none,own,1,skilled employee / official,1,yes,yes,No
0 - 200 DM,9,critical account / other credits existing,education,1136,>= 1000 DM,>= 7 years,4,male : single,none,3,unknown / no property,32,none,for free,2,skilled employee / official,2,no,yes,Yes
no checking account,9,critical account / other credits existing,radio/television,3074,unknown / no savings,1 - 4 years,1,male : single,none,2,real estate,33,none,own,2,skilled employee / official,2,no,yes,No
no checking account,15,delay in paying off,radio/television,2188,< 100 DM,1 - 4 years,4,male : married/widowed,none,2,car or other,27,none,own,1,skilled employee / official,1,yes,yes,Yes
< 0 DM,13,existing credits paid back duly,furniture/equipment,2018,100 - 500 DM,< 1 year,4,female : divorced/separated/married,none,1,car or other,21,none,rent,1,skilled employee / official,2,no,yes,No
0 - 200 DM,38,delay in paying off,car (new),7691,< 100 DM,1 - 4 years,2,female : divorced/separated/married,none,3,building society savings / life insurance,54,none,rent,2,skilled employee / official,1,no,yes,No
no checking account,23,critical account / other credits existing,radio/television,2793,< 100 DM,1 - 4 years,3,male : single,none,1,real estate,37,none,own,3,unskilled - resident,2,no,yes,No
no checking account,9,existing credits paid back duly,business,1109,< 100 DM,4 - 7 years,3,male : married/widowed,none,3,real estate,25,none,own,1,management / self-employed / highly qualified,1,yes,no,No
< 0 DM,24,existing credits paid back duly,car (new),1381,unknown / no savings,1 - 4 years,4,female : divorced/separated/married,none,2,building society savings / life insurance,,none,own,1,skilled employee / official,1,no,yes,Yes
< 0 DM,18,critical account / other credits existing,furniture/equipment,1049,< 100 DM,< 1 year,4,female : divorced/separated/married,none,4,building society savings / life insurance,21,none,rent,1,skilled employee / official,1,no,yes,No
0 - 200 DM,28,delay in paying off,radio/television,2049,100 - 500 DM,< 1 year,4,male : single,none,4,unknown / no property,31,stores,own,2,management / self-employed / highly qualified,1,no,yes,Yes
< 0 DM,12,existing credits paid back duly,furniture/equipment,1273,< 100 DM,1 - 4 years,4,male : single,guarantor,2,building society savings / life insurance,20,bank,own,1,unskilled - resident,1,no,yes,No
no checking account,35,delay in paying off,business,3057,< 100 DM,1 - 4 years,2,female : divorced/separated/married,none,2,car or other,28,none,own,1,skilled employee / official,2,yes,yes,No
0 - 200 DM,8,existing credits paid back duly,radio/television,902,500 - 1000 DM,1 - 4 years,4,female : divorced/separated/married,none,2,real estate,68,none,own,2,unskilled - resident,1,no,yes,No
< 0 DM,12,existing credits paid back duly,furniture/equipment,3590,< 100 DM,1 - 4 years,2,male : single,co-applicant,2,building society savings / life insurance,29,none,own,1,unskilled - resident,2,no,yes,No
no checking account,25,existing credits paid back duly,car (new),1284,100 - 500 DM,< 1 year,4,male : married/widowed,none,3,real estate,33,none,own,1,skilled employee / official,2,no,yes,No
0 - 200 DM,24,existing credits paid back duly,others,11328,< 100 DM,1 - 4 years,2,male : single,co-applicant,3,car or other,29,bank,own,2,management / self-employed / highly qualified,1,yes,yes,Yes
no checking account,12,existing credits paid back duly,furniture/equipment,1123,500 - 1000 DM,1 - 4 years,4,female : divorced/separated/married,none,4,car or other,29,none,rent,1,unskilled - resident,1,no,yes,Yes
>= 200 DM,24,existing credits paid back duly,radio/television,5152,< 100 DM,4 - 7 years,4,male : single,none,2,car or other,25,bank,own,1,skilled employee / official,1,no,yes,No
0 - 200 DM,36,existing credits paid back duly,furniture/equipment,9034,100 - 500 DM,< 1 year,4,male : single,co-applicant,1,unknown / no property,29,none,rent,1,management / self-employed / highly qualified,1,yes,yes,Yes
no checking account,10,no credits taken,retraining,2663,< 100 DM,>= 7 years,1,male : single,none,4,building society savings / life insurance,34,none,own,2,skilled employee / official,1,no,yes,No
no checking account,15,critical account / other credits existing,furniture/equipment,1520,unknown / no savings,>= 7 years,4,male : single,none,4,building society savings / life insurance,63,none,own,1,skilled employee / official,1,no,yes,No
< 0 DM,4,critical account / other credits existing,radio/television,292,>= 1000 DM,>= 7 years,4,male : single,none,4,unknown / no property,50,none,own,3,skilled employee / official,1,no,yes,No
>= 200 DM,12,delay in paying off,repairs,1636,>= 1000 DM,1 - 4 years,3,male : married/widowed,none,2,real estate,59,stores,own,2,skilled employee / official,1,no,yes,Yes
>= 200 DM,18,existing credits paid back duly,furniture/equipment,,< 100 DM,1 - 4 years,1,male : single,none,1,real estate,37,none,own,1,unemployed / unskilled - non-resident,2,no,yes,Yes
0 - 200 DM,48,no credits taken,business,3844,100 - 500 DM,4 - 7 years,4,male : single,none,4,unknown / no property,34,none,for free,1,unskilled - resident,2,no,yes,Yes
no checking account,12,existing credits paid back duly,radio/television,2141,100 - 500 DM,4 - 7 years,3,male : single,none,1,unknown / no property,35,none,own,1,skilled employee / official,1,no,yes,No
>= 200 DM,10,all credits paid back duly,business,693,< 100 DM,< 1 year,4,female : divorced/separated/married,none,1,real estate,23,none,own,1,unemployed / unskilled - non-resident,1,no,yes,Yes
0 - 200 DM,9,critical account / other credits existing,furniture/equipment,3769,< 100 DM,>= 7 years,1,male : single,none,4,car or other,30,none,rent,3,skilled employee / official,1,yes,yes,No
no checking account,9,critical account / other credits existing,car (new),2134,< 100 DM,1 - 4 years,4,male : single,none,4,car or other,48,none,own,3,skilled employee / official,1,yes,yes,No
no checking account,11,critical account / other credits existing,radio/television,1770,< 100 DM,>= 7 years,2,male : single,none,4,real estate,62,none,own,1,unskilled - resident,1,yes,yes,No
no checking account,23,critical account / other credits existing,car (new),2129,100 - 500 DM,1 - 4 years,4,female : divorced/separated/married,none,4,car or other,,none,own,1,skilled employee / official,1,yes,yes,No
no checking account,16,critical account / other credits existing,repairs,1108,100 - 500 DM,< 1 year,4,female : divorced/separated/married,none,1,building society savings / life insurance,27,none,own,2,skilled employee / official,1,no,yes,No
no checking account,9,existing credits paid back duly,car (new),3577,100 - 500 DM,1 - 4 years,1,male : single,guarantor,2,real estate,26,none,rent,1,skilled employee / official,2,no,no,No
no checking account,9,critical account / other credits existing,education,936,500 - 1000 DM,>= 7 years,4,male : single,none,2,car or other,52,none,own,2,skilled employee / official,1,yes,yes,No
no checking account,12,existing credits paid back duly,radio/television,804,< 100 DM,>= 7 years,4,male : single,none,4,car or other,38,none,own,1,skilled employee / official,1,no,yes,No
0 - 200 DM,24,existing credits paid back duly,car (new),1355,< 100 DM,< 1 year,3,female : divorced/separated/married,none,4,car or other,25,none,own,1,unskilled - resident,1,yes,yes,Yes
< 0 DM,24,existing credits paid back duly,radio/television,1282,100 - 500 DM,1 - 4 years,4,female : divorced/separated/married,none,2,car or other,32,none,own,1,unskilled - resident,1,no,yes,Yes
no checking account,18,existing credits paid back duly,car (new),2662,unknown / no savings,4 - 7 years,4,male : single,none,3,building society savings / life insurance,32,none,own,1,skilled employee / official,1,no,no,No
< 0 DM,36,existing credits paid back duly,education,2019,unknown / no savings,>= 7 years,4,male : single,none,3,unknown / no property,37,none,own,1,management / self-employed / highly qualified,1,yes,yes,Yes
< 0 DM,12,all credits paid back duly,radio/television,2149,< 100 DM,1 - 4 years,4,male : divorced/separated,none,1,unknown / no property,29,none,for free,1,skilled employee / official,1,no,yes,Yes
no checking account,20,no credits taken,car (new),4724,unknown / no savings,< 1 year,1,female : divorced/separated/married,none,4,building society savings / life insurance,27,bank,rent,2,skilled employee / official,2,yes,yes,Yes
>= 200 DM,30,critical account / other credits existing,radio/television,3656,unknown / no savings,>= 7 years,4,male : single,none,4,building society savings / life insurance,49,stores,own,2,unskilled - resident,1,no,yes,No
no checking account,14,existing credits paid back duly,repairs,1140,< 100 DM,1 - 4 years,3,male : married/widowed,none,2,real estate,24,none,own,1,skilled employee / official,1,yes,no,No
no checking account,24,existing credits paid back duly,radio/television,3181,< 100 DM,< 1 year,4,female : divorced/separated/married,none,4,building society savings / life insurance,26,none,own,1,skilled employee / official,1,yes,yes,No
no checking account,24,existing credits paid back duly,car (used),7814,< 100 DM,4 - 7 years,3,male : single,none,3,car or other,38,none,own,1,management / self-employed / highly qualified,1,yes,yes,No
< 0 DM,36,existing credits paid back duly,radio/television,2302,< 100 DM,1 - 4 years,4,male : divorced/separated,none,4,car or other,31,none,rent,1,skilled employee / official,1,no,yes,Yes
0 - 200 DM,36,existing credits paid back duly,radio/television,2671,100 - 500 DM,1 - 4 years,4,female : divorced/separated/married,co-applicant,4,unknown / no property,50,none,for free,1,skilled employee / official,1,no,yes,Yes
< 0 DM,12,existing credits paid back duly,radio/television,,< 100 DM,1 - 4 years,4,male : single,none,3,building society savings / life insurance,24,none,own,1,unskilled - resident,1,no,yes,No
0 - 200 DM,9,existing credits paid back duly,retraining,777,unknown / no savings,>= 7 years,4,male : single,none,4,building society savings / life insurance,37,none,own,2,unskilled - resident,1,no,yes,No
< 0 DM,27,existing credits paid back duly,radio/television,3416,< 100 DM,1 - 4 years,3,male : single,none,2,car or other,27,none,own,1,management / self-employed / highly qualified,1,no,yes,No
< 0 DM,8,critical account / other credits existing,car (new),2538,< 100 DM,unemployed,1,male : single,none,3,real estate,47,none,rent,2,unskilled - resident,2,no,no,No
>= 200 DM,,existing credits paid back duly,car (used),2884,unknown / no savings,< 1 year,1,female : divorced/separated/married,none,3,real estate,32,none,rent,1,skilled employee / official,1,no,yes,No
no checking account,9,critical account / other credits existing,radio/television,545,500 - 1000 DM,>= 7 years,4,male : single,none,4,building society savings / life insurance,40,none,own,1,skilled employee / official,2,no,yes,No
no checking account,27,existing credits paid back duly,business,4343,100 - 500 DM,1 - 4 years,2,male : single,none,2,building society savings / life insurance,27,none,own,2,unskilled - resident,1,yes,yes,No
< 0 DM,15,existing credits paid back duly,car (new),2511,< 100 DM,unemployed,1,female : divorced/separated/married,none,4,car or other,23,none,rent,1,skilled employee / official,1,no,yes,No
< 0 DM,13,existing credits paid back duly,furniture/equipment,2732,< 100 DM,unemployed,2,female : divorced/separated/married,none,4,unknown / no property,58,none,for free,1,management / self-employed / highly qualified,1,no,yes,No
< 0 DM,48,existing credits paid back duly,car (used),4788,< 100 DM,4 - 7 years,4,male : single,none,3,building society savings / life insurance,26,none,own,1,skilled employee / official,2,no,yes,No
no checking account,10,existing credits paid back duly,car (new),1418,100 - 500 DM,1 - 4 years,3,male : single,none,2,real estate,35,none,rent,1,unskilled - resident,1,no,no,No
no checking account,12,existing credits paid back duly,furniture/equipment,1926,500 - 1000 DM,,1,female : divorced/separated/married,none,4,car or other,19,none,rent,1,skilled employee / official,1,no,yes,No
no checking account,9,existing credits paid back duly,radio/television,868,< 100 DM,>= 7 years,3,male : single,none,3,car or other,38,none,own,1,skilled employee / official,1,no,yes,No
no checking account,15,existing credits paid back duly,furniture/equipment,2186,unknown / no savings,4 - 7 years,1,female : divorced/separated/married,none,4,real estate,33,bank,rent,1,unskilled - resident,1,no,yes,No
< 0 DM,26,existing credits paid back duly,furniture/equipment,3673,< 100 DM,,2,male : single,none,3,car or other,25,bank,own,1,skilled employee / official,1,no,yes,No
no checking account,24,existing credits paid back duly,radio/television,1413,< 100 DM,1 - 4 years,4,male : married/widowed,none,2,building society savings / life insurance,28,none,own,1,skilled employee / official,1,no,yes,No
0 - 200 DM,27,existing credits paid back duly,car (used),3016,unknown / no savings,>= 7 years,4,male : single,none,4,unknown / no property,38,bank,for free,1,unskilled - resident,1,yes,yes,No
0 - 200 DM,39,no credits taken,business,1945,< 100 DM,>= 7 years,4,male : single,none,4,car or other,63,none,for free,1,skilled employee / official,1,yes,no,Yes
no checking account,9,existing credits paid back duly,radio/television,2697,< 100 DM,1 - 4 years,1,male : single,none,2,real estate,32,none,own,1,skilled employee / official,2,no,yes,No
no checking account,24,critical account / other credits existing,car (used),2197,unknown / no savings,4 - 7 years,4,male : single,none,4,car or other,43,none,own,2,skilled employee / official,2,yes,yes,No
< 0 DM,,existing credits paid back duly,car (new),4121,>= 1000 DM,4 - 7 years,2,male : single,co-applicant,2,real estate,22,none,own,2,unskilled - resident,1,no,no,No
< 0 DM,11,critical account / other credits existing,car (new),3905,< 100 DM,1 - 4 years,2,male : single,none,2,real estate,36,none,rent,2,skilled employee / official,2,no,yes,No
< 0 DM,24,critical account / other credits existing,car (used),3327,< 100 DM,>= 7 years,4,male : single,none,4,building society savings / life insurance,66,stores,own,1,skilled employee / official,2,yes,yes,No
>= 200 DM,6,critical account / other credits existing,car (new),1323,100 - 500 DM,>= 7 years,2,male : divorced/separated,none,4,car or other,28,none,own,2,skilled employee / official,2,yes,yes,No
no checking account,10,existing credits paid back duly,radio/television,1670,< 100 DM,1 - 4 years,2,male : single,none,4,building society savings / life insurance,40,none,own,2,skilled employee / official,1,yes,no,No
< 0 DM,36,existing credits paid back duly,furniture/equipment,3446,< 100 DM,>= 7 years,4,male : single,none,2,car or other,42,none,own,1,skilled employee / official,2,no,yes,Yes
no checking account,4,critical account / other credits existing,car (new),1293,500 - 1000 DM,>= 7 years,2,male : divorced/separated,none,4,car or other,27,none,own,1,skilled employee / official,2,no,yes,No
no checking account,5,critical account / other credits existing,radio/television,637,unknown / no savings,>= 7 years,4,male : single,none,2,building society savings / life insurance,43,none,rent,2,unskilled - resident,1,yes,yes,No
no checking account,12,existing credits paid back duly,car (used),2361,unknown / no savings,< 1 year,1,female : divorced/separated/married,none,3,unknown / no property,24,none,rent,1,skilled employee / official,1,yes,yes,No
< 0 DM,6,critical account / other credits existing,furniture/equipment,1872,< 100 DM,unemployed,4,male : single,none,4,unknown / no property,36,none,for free,3,management / self-employed / highly qualified,1,yes,yes,No
< 0 DM,9,existing credits paid back duly,car (new),654,< 100 DM,1 - 4 years,4,male : single,none,3,car or other,28,none,own,1,unskilled - resident,1,no,yes,Yes
< 0 DM,7,existing credits paid back duly,furniture/equipment,1920,< 100 DM,1 - 4 years,2,male : married/widowed,none,2,real estate,26,none,own,1,skilled employee / official,1,no,yes,No
no checking account,12,critical account / other credits existing,education,3565,unknown / no savings,< 1 year,2,male : single,none,1,building society savings / life insurance,37,none,own,2,unskilled - resident,2,no,yes,No
no checking account,14,critical account / other credits existing,car (new),1574,< 100 DM,>= 7 years,3,male : single,none,1,real estate,40,none,own,2,unskilled - resident,2,yes,yes,No
no checking account,21,critical account / other credits existing,business,1610,< 100 DM,1 - 4 years,4,male : single,none,3,car or other,22,none,own,2,skilled employee / official,1,yes,yes,No
no checking account,37,existing credits paid back duly,education,1790,< 100 DM,1 - 4 years,4,male : single,none,4,unknown / no property,39,stores,for free,1,skilled employee / official,2,yes,yes,Yes
no checking account,14,critical account / other credits existing,radio/television,563,500 - 1000 DM,,4,male : single,none,4,building society savings / life insurance,,none,own,1,skilled employee / official,2,yes,yes,No
>= 200 DM,24,existing credits paid back duly,furniture/equipment,3749,< 100 DM,< 1 year,2,female : divorced/separated/married,none,4,car or other,26,none,own,1,skilled employee / official,1,no,yes,No
0 - 200 DM,15,existing credits paid back duly,car (new),879,unknown / no savings,,3,male : married/widowed,none,1,real estate,21,none,own,1,skilled employee / official,1,no,yes,No
no checking account,51,all credits paid back duly,business,,< 100 DM,1 - 4 years,1,female : divorced/separated/married,none,2,real estate,24,stores,own,1,skilled employee / official,1,yes,yes,No
< 0 DM,7,existing credits paid back duly,education,1259,< 100 DM,4 - 7 years,4,female : divorced/separated/married,none,3,building society savings / life insurance,67,none,own,3,management / self-employed / highly qualified,1,yes,yes,No
< 0 DM,12,existing credits paid back duly,furniture/equipment,2577,< 100 DM,1 - 4 years,2,male : divorced/separated,none,1,car or other,42,none,own,1,skilled employee / official,1,no,yes,No
no checking account,27,critical account / other credits existing,repairs,2211,< 100 DM,1 - 4 years,4,male : divorced/separated,none,2,real estate,35,none,for free,1,skilled employee / official,1,yes,yes,No
< 0 DM,37,existing credits paid back duly,car (new),8450,< 100 DM,4 - 7 years,1,male : single,none,1,unknown / no property,24,none,own,1,skilled employee / official,1,yes,yes,Yes
>= 200 DM,11,existing credits paid back duly,repairs,1373,< 100 DM,4 - 7 years,3,female : divorced/separated/married,none,2,car or other,28,none,rent,3,skilled employee / official,1,no,yes,No
no checking account,15,all credits paid back duly,domestic appliances,1363,100 - 500 DM,,4,male : single,none,3,building society savings / life insurance,35,none,own,1,skilled employee / official,1,yes,yes,No
>= 200 DM,12,existing credits paid back duly,furniture/equipment,1319,< 100 DM,< 1 year,3,male : single,none,1,building society savings / life insurance,36,bank,own,2,management / self-employed / highly qualified,1,yes,yes,No
0 - 200 DM,5,existing credits paid back duly,radio/television,2941,< 100 DM,1 - 4 years,2,female : divorced/separated/married,guarantor,2,real estate,32,none,own,2,skilled employee / official,1,no,yes,No
< 0 DM,14,critical account / other credits existing,car (new),2164,< 100 DM,1 - 4 years,2,male : single,none,1,real estate,38,none,rent,2,unemployed / unskilled - non-resident,2,no,no,No
0 - 200 DM,27,existing credits paid back duly,car (used),3833,500 - 1000 DM,,4,female : divorced/separated/married,none,4,building society savings / life insurance,31,none,rent,1,skilled employee / official,2,no,yes,Yes
0 - 200 DM,12,existing credits paid back duly,radio/television,1155,< 100 DM,>= 7 years,3,male : married/widowed,guarantor,3,real estate,40,bank,own,2,unskilled - resident,1,no,yes,No
no checking account,18,existing credits paid back duly,radio/television,5154,< 100 DM,< 1 year,2,male : single,none,2,building society savings / life insurance,34,none,rent,1,skilled employee / official,2,yes,yes,No
0 - 200 DM,9,critical account / other credits existing,retraining,837,>= 1000 DM,4 - 7 years,1,female : divorced/separated/married,none,4,car or other,41,none,own,2,unskilled - resident,1,no,yes,No
no checking account,,existing credits paid back duly,furniture/equipment,1627,100 - 500 DM,< 1 year,3,male : married/widowed,co-applicant,1,building society savings / life insurance,40,none,rent,1,unskilled - resident,2,no,yes,Yes
< 0 DM,10,all credits paid back duly,radio/television,700,< 100 DM,1 - 4 years,4,male : single,none,3,car or other,45,bank,own,3,skilled employee / official,1,yes,yes,Yes
< 0 DM,15,all credits paid back duly,furniture/equipment,3438,< 100 DM,1 - 4 years,1,male : single,co-applicant,2,building society savings / life insurance,26,none,own,1,unskilled - resident,2,no,yes,No
0 - 200 DM,21,existing credits paid back duly,car (new),,< 100 DM,1 - 4 years,3,female : divorced/separated/married,none,4,building society savings / life insurance,22,none,rent,1,unskilled - resident,1,no,yes,Yes
< 0 DM,,critical account / other credits existing,car (used),5308,100 - 500 DM,4 - 7 years,1,male : married/widowed,none,4,building society savings / life insurance,26,none,rent,2,skilled employee / official,1,no,yes,No
no checking account,24,critical account / other credits existing,radio/television,2424,unknown / no savings,>= 7 years,4,male : single,none,4,building society savings / life insurance,53,none,own,2,skilled employee / official,1,no,yes,No
< 0 DM,18,all credits paid back duly,furniture/equipment,1553,< 100 DM,1 - 4 years,4,male : single,none,3,car or other,44,bank,own,1,skilled employee / official,1,no,yes,Yes
0 - 200 DM,15,existing credits paid back duly,radio/television,802,< 100 DM,>= 7 years,4,male : single,none,3,car or other,37,none,own,1,skilled employee / official,2,no,yes,Yes
no checking account,11,delay in paying off,car (used),1721,< 100 DM,< 1 year,3,male : married/widowed,none,4,real estate,42,none,rent,1,skilled employee / official,1,no,yes,No
< 0 DM,7,critical account / other credits existing,radio/television,1038,< 100 DM,1 - 4 years,4,male : single,none,4,real estate,22,none,own,1,unskilled - resident,1,no,yes,No
< 0 DM,13,existing credits paid back duly,furniture/equipment,1389,100 - 500 DM,1 - 4 years,3,female : divorced/separated/married,co-applicant,4,building society savings / life insurance,29,none,own,2,skilled employee / official,1,no,yes,No
0 - 200 DM,26,critical account / other credits existing,education,6047,< 100 DM,< 1 year,2,female : divorced/separated/married,none,4,car or other,26,none,for free,2,skilled employee / official,1,yes,yes,No
< 0 DM,24,all credits paid back duly,car (new),1193,< 100 DM,unemployed,1,female : divorced/separated/married,co-applicant,4,unknown / no property,29,none,rent,2,unemployed / unskilled - non-resident,1,no,yes,Yes
>= 200 DM,21,existing credits paid back duly,car (new),2923,100 - 500 DM,1 - 4 years,1,female : divorced/separated/married,none,1,car or other,28,bank,own,1,management / self-employed / highly qualified,1,yes,yes,No
no checking account,13,critical account / other credits existing,education,1376,100 - 500 DM,1 - 4 years,3,female : divorced/separated/married,none,3,car or other,29,none,own,1,unskilled - resident,1,no,yes,No
no checking account,10,existing credits paid back duly,others,2406,>= 1000 DM,>= 7 years,1,male : divorced/separated,none,3,real estate,25,none,own,1,skilled employee / official,1,yes,yes,No
no checking account,6,critical account / other credits existing,furniture/equipment,1221,unknown / no savings,1 - 4 years,1,male : married/widowed,none,2,building society savings / life insurance,27,none,own,2,skilled employee / official,1,no,yes,No
0 - 200 DM,48,no credits taken,car (used),4617,100 - 500 DM,>= 7 years,2,male : single,none,4,unknown / no property,25,none,for free,2,skilled employee / official,2,no,yes,Yes
< 0 DM,12,existing credits paid back duly,furniture/equipment,2578,< 100 DM,unemployed,3,female : divorced/separated/married,none,4,unknown / no property,55,none,for free,1,management / self-employed / highly qualified,1,no,yes,No
no checking account,9,existing credits paid back duly,car (new),2492,100 - 500 DM,>= 7 years,2,male : single,none,4,unknown / no property,53,none,for free,1,unskilled - resident,1,yes,yes,No
>= 200 DM,12,existing credits paid back duly,radio/television,3016,< 100 DM,1 - 4 years,3,male : married/widowed,none,1,car or other,,none,own,1,skilled employee / official,1,no,yes,No
0 - 200 DM,10,no credits taken,car (new),3112,< 100 DM,,4,female : divorced/separated/married,none,4,building society savings / life insurance,22,none,rent,2,skilled employee / official,1,no,yes,Yes
< 0 DM,22,critical account / other credits existing,car (used),6365,< 100 DM,unemployed,2,male : single,none,3,unknown / no property,74,stores,for free,2,management / self-employed / highly qualified,1,yes,no,No
no checking account,21,delay in paying off,business,2484,500 - 1000 DM,< 1 year,4,male : single,none,1,real estate,43,bank,own,1,unskilled - resident,2,no,yes,Yes
< 0 DM,22,existing credits paid back duly,car (new),2582,< 100 DM,>= 7 years,4,male : single,co-applicant,1,real estate,44,none,own,1,management / self-employed / highly qualified,1,no,yes,Yes
0 - 200 DM,6,existing credits paid back duly,furniture/equipment,2195,unknown / no savings,4 - 7 years,3,male : married/widowed,none,2,car or other,24,none,rent,1,skilled employee / official,1,yes,yes,No
< 0 DM,24,no credits taken,furniture/equipment,4110,< 100 DM,>= 7 years,3,male : single,none,4,unknown / no property,23,bank,rent,2,skilled employee / official,2,no,yes,Yes
no checking account,10,existing credits paid back duly,car (new),1261,100 - 500 DM,1 - 4 years,4,male : single,none,3,real estate,38,none,rent,1,unskilled - resident,1,yes,no,No
no checking account,36,delay in paying off,business,9572,< 100 DM,< 1 year,1,male : divorced/separated,none,1,car or other,28,none,own,2,skilled employee / official,1,no,yes,Yes
>= 200 DM,25,critical account / other credits existing,furniture/equipment,3551,unknown / no savings,>= 7 years,4,male : divorced/separated,co-applicant,4,unknown / no property,19,none,rent,1,skilled employee / official,1,no,yes,No
>= 200 DM,21,existing credits paid back duly,radio/television,2044,< 100 DM,1 - 4 years,4,male : single,co-applicant,3,real estate,40,stores,own,1,skilled employee / official,1,no,yes,Yes
no checking account,,delay in paying off,radio/television,14208,500 - 1000 DM,4 - 7 years,3,male : single,none,1,car or other,36,none,own,1,management / self-employed / highly qualified,1,no,yes,No
no checking account,39,critical account / other credits existing,car (new),3369,< 100 DM,4 - 7 years,4,male : single,none,4,car or other,36,none,own,1,skilled employee / official,2,yes,yes,No
no checking account,,critical account / other credits existing,car (used),3368,>= 1000 DM,,3,male : single,none,4,unknown / no property,23,none,rent,2,skilled employee / official,1,yes,yes,No
< 0 DM,30,existing credits paid back duly,car (new),4297,< 100 DM,4 - 7 years,2,male : single,none,3,car or other,42,none,own,1,unskilled - resident,1,no,yes,Yes
no checking account,21,delay in paying off,car (new),2530,100 - 500 DM,4 - 7 years,4,male : married/widowed,none,3,car or other,28,none,own,1,unskilled - resident,2,yes,yes,No
0 - 200 DM,18,critical account / other credits existing,furniture/equipment,3147,>= 1000 DM,4 - 7 years,3,male : single,none,2,unknown / no property,29,none,own,1,skilled employee / official,1,yes,yes,No
>= 200 DM,14,existing credits paid back duly,furniture/equipment,1884,< 100 DM,4 - 7 years,3,female : divorced/separated/married,none,4,real estate,30,none,own,1,unskilled - resident,1,no,yes,No
< 0 DM,24,existing credits paid back duly,radio/television,2439,< 100 DM,< 1 year,4,female : divorced/separated/married,none,4,real estate,35,none,own,1,skilled employee / official,1,yes,yes,Yes
0 - 200 DM,12,existing credits paid back duly,radio/television,1534,< 100 DM,< 1 year,1,male : married/widowed,none,1,real estate,23,none,rent,1,skilled employee / official,1,no,yes,Yes
no checking account,24,delay in paying off,car (new),2538,< 100 DM,>= 7 years,4,male : single,none,4,car or other,47,none,own,2,unskilled - resident,2,no,yes,Yes
< 0 DM,30,existing credits paid back duly,furniture/equipment,3622,>= 1000 DM,>= 7 years,4,female : divorced/separated/married,none,4,building society savings / life insurance,57,none,rent,2,skilled employee / official,1,yes,yes,No
0 - 200 DM,5,critical account / other credits existing,others,1251,< 100 DM,4 - 7 years,3,male : single,none,4,unknown / no property,50,bank,for free,2,management / self-employed / highly qualified,2,yes,yes,No
no checking account,9,critical account / other credits existing,car (new),1224,< 100 DM,1 - 4 years,3,male : single,none,1,real estate,,none,own,2,skilled employee / official,1,no,yes,No
no checking account,4,critical account / other credits existing,car (new),3380,< 100 DM,4 - 7 years,1,female : divorced/separated/married,none,1,real estate,37,none,own,1,skilled employee / official,2,no,yes,No
no checking account,17,existing credits paid back duly,car (new),5187,500 - 1000 DM,>= 7 years,1,male : divorced/separated,none,4,unknown / no property,34,none,for free,2,unskilled - resident,1,no,yes,No
0 - 200 DM,24,no credits taken,business,4241,< 100 DM,1 - 4 years,1,male : single,none,4,real estate,,none,own,3,unskilled - resident,1,yes,yes,Yes
< 0 DM,25,no credits taken,furniture/equipment,4368,100 - 500 DM,4 - 7 years,4,male : single,none,3,unknown / no property,25,bank,rent,3,skilled employee / official,2,no,yes,Yes
no checking account,26,critical account / other credits existing,radio/television,4953,< 100 DM,< 1 year,2,male : married/widowed,none,4,unknown / no property,49,none,own,3,skilled employee / official,1,yes,yes,No
< 0 DM,15,no credits taken,car (new),950,< 100 DM,>= 7 years,4,male : single,none,3,car or other,33,none,rent,2,skilled employee / official,2,no,yes,Yes
0 - 200 DM,58,existing credits paid back duly,radio/television,7290,unknown / no savings,1 - 4 years,2,male : single,none,2,real estate,28,none,own,1,unskilled - resident,2,no,yes,No
>= 200 DM,11,critical account / other credits existing,radio/television,3472,< 100 DM,4 - 7 years,1,female : divorced/separated/married,none,1,real estate,25,none,rent,1,unskilled - resident,1,no,yes,No
< 0 DM,24,existing credits paid back duly,radio/television,1603,< 100 DM,>= 7 years,4,female : divorced/separated/married,none,4,car or other,55,none,own,1,skilled employee / official,1,no,yes,No
0 - 200 DM,50,no credits taken,car (new),7699,500 - 1000 DM,< 1 year,1,male : single,none,1,car or other,,none,own,1,skilled employee / official,1,no,yes,No
0 - 200 DM,18,existing credits paid back duly,business,1941,>= 1000 DM,1 - 4 years,4,male : single,none,2,building society savings / life insurance,35,none,own,1,unskilled - resident,1,yes,yes,No
no checking account,18,existing credits paid back duly,car (new),1820,< 100 DM,1 - 4 years,2,male : married/widowed,none,2,building society savings / life insurance,30,none,own,1,management / self-employed / highly qualified,1,yes,yes,No
< 0 DM,32,no credits taken,business,6926,unknown / no savings,< 1 year,2,male : single,none,4,car or other,28,bank,own,2,skilled employee / official,1,no,yes,No
0 - 200 DM,7,existing credits paid back duly,car (new),235,< 100 DM,1 - 4 years,4,male : married/widowed,none,4,real estate,21,none,rent,1,unskilled - resident,1,no,yes,No
0 - 200 DM,27,critical account / other credits existing,car (new),3862,< 100 DM,< 1 year,4,male : divorced/separated,none,1,car or other,34,none,own,1,skilled employee / official,2,yes,no,No
< 0 DM,24,existing credits paid back duly,furniture/equipment,3345,< 100 DM,>= 7 years,4,male : single,none,2,building society savings / life insurance,39,none,rent,1,management / self-employed / highly qualified,1,yes,yes,Yes
no checking account,16,existing credits paid back duly,furniture/equipment,2361,< 100 DM,< 1 year,1,male : single,none,4,building society savings / life insurance,25,bank,own,2,skilled employee / official,1,no,yes,No
no checking account,6,delay in paying off,business,1743,100 - 500 DM,1 - 4 years,1,male : single,none,2,real estate,34,none,own,2,unskilled - resident,1,no,yes,No
0 - 200 DM,12,existing credits paid back duly,radio/television,1158,500 - 1000 DM,1 - 4 years,3,male : divorced/separated,none,1,car or other,26,none,own,1,skilled employee / official,1,yes,yes,No
< 0 DM,30,existing credits paid back duly,repairs,11998,< 100 DM,< 1 year,1,male : divorced/separated,none,1,unknown / no property,34,none,own,1,unskilled - resident,1,yes,yes,Yes
>= 200 DM,13,existing credits paid back duly,furniture/equipment,1337,< 100 DM,< 1 year,4,female : divorced/separated/married,none,2,building society savings / life insurance,20,none,own,1,skilled employee / official,2,no,yes,No
< 0 DM,42,existing credits paid back duly,radio/television,7174,unknown / no savings,4 - 7 years,4,female : divorced/separated/married,none,3,car or other,30,none,own,1,management / self-employed / highly qualified,1,yes,yes,Yes
no checking account,,existing credits paid back duly,car (new),2570,< 100 DM,1 - 4 years,3,female : divorced/separated/married,none,3,real estate,21,none,rent,1,skilled employee / official,1,no,yes,Yes
no checking account,33,critical account / other credits existing,car (used),8110,unknown / no savings,>= 7 years,1,male : single,none,4,car or other,64,none,own,2,skilled employee / official,1,no,no,No
< 0 DM,48,all credits paid back duly,business,7685,< 100 DM,4 - 7 years,2,female : divorced/separated/married,guarantor,4,car or other,37,none,rent,1,skilled employee / official,1,no,yes,Yes
0 - 200 DM,15,critical account / other credits existing,radio/television,1537,unknown / no savings,>= 7 years,4,male : single,guarantor,4,real estate,50,none,own,2,skilled employee / official,1,yes,yes,No
< 0 DM,12,existing credits paid back duly,car (new),1228,< 100 DM,1 - 4 years,4,female : divorced/separated/married,none,2,real estate,24,none,own,1,unskilled - resident,1,no,yes,Yes
< 0 DM,26,existing credits paid back duly,car (used),3121,unknown / no savings,4 - 7 years,4,male : single,none,3,unknown / no property,36,bank,for free,2,skilled employee / official,1,yes,yes,No
< 0 DM,24,all credits paid back duly,car (new),2631,100 - 500 DM,4 - 7 years,2,male : single,none,3,car or other,33,bank,own,1,skilled employee / official,1,no,yes,No
0 - 200 DM,19,delay in paying off,furniture/equipment,3716,< 100 DM,>= 7 years,3,male : divorced/separated,none,3,car or other,40,none,own,1,management / self-employed / highly qualified,1,yes,yes,Yes
0 - 200 DM,12,existing credits paid back duly,radio/television,1217,< 100 DM,>= 7 years,3,male : married/widowed,guarantor,4,real estate,41,bank,own,1,unskilled - resident,1,no,yes,No
no checking account,21,critical account / other credits existing,car (used),3275,< 100 DM,>= 7 years,1,male : single,none,4,car or other,36,none,own,1,management / self-employed / highly qualified,1,yes,yes,No
< 0 DM,8,critical account / other credits existing,repairs,1435,< 100 DM,>= 7 years,3,male : single,guarantor,4,real estate,49,none,own,2,skilled employee / official,2,no,no,No
0 - 200 DM,25,existing credits paid back duly,car (new),1347,< 100 DM,< 1 year,3,male : single,none,1,building society savings / life insurance,24,none,own,1,skilled employee / official,1,no,yes,No
no checking account,48,critical account / other credits existing,business,7629,unknown / no savings,>= 7 years,4,male : divorced/separated,none,2,car or other,46,bank,own,2,management / self-employed / highly qualified,2,no,yes,No
0 - 200 DM,22,no credits taken,car (used),6225,100 - 500 DM,>= 7 years,3,male : married/widowed,none,4,car or other,34,bank,own,2,skilled employee / official,1,yes,yes,No
no checking account,25,delay in paying off,business,3617,< 100 DM,1 - 4 years,1,male : single,none,2,unknown / no property,31,none,for free,1,skilled employee / official,1,yes,yes,No
no checking account,12,critical account / other credits existing,furniture/equipment,1592,>= 1000 DM,4 - 7 years,3,female : divorced/separated/married,none,2,building society savings / life insurance,35,none,own,1,skilled employee / official,1,no,no,No
0 - 200 DM,11,delay in paying off,radio/television,639,< 100 DM,1 - 4 years,4,male : married/widowed,co-applicant,4,building society savings / life insurance,22,none,rent,3,skilled employee / official,1,no,yes,No
0 - 200 DM,9,all credits paid back duly,car (used),5129,< 100 DM,>= 7 years,2,female : divorced/separated/married,none,4,unknown / no property,74,bank,for free,1,management / self-employed / highly qualified,2,yes,yes,Yes
no checking account,36,critical account / other credits existing,car (used),10477,unknown / no savings,>= 7 years,2,male : single,none,4,unknown / no property,42,none,for free,2,skilled employee / official,1,no,yes,No
0 - 200 DM,48,all credits paid back duly,business,6416,< 100 DM,>= 7 years,4,female : divorced/separated/married,none,3,unknown / no property,59,none,rent,1,skilled employee / official,1,no,yes,Yes
< 0 DM,21,existing credits paid back duly,radio/television,1841,< 100 DM,>= 7 years,4,female : divorced/separated/married,none,4,car or other,58,none,own,1,skilled employee / official,1,no,yes,No
no checking account,9,critical account / other credits existing,furniture/equipment,2406,< 100 DM,unemployed,2,male : single,none,3,car or other,,none,own,1,management / self-employed / highly qualified,1,no,yes,No
>= 200 DM,40,delay in paying off,education,11128,500 - 1000 DM,1 - 4 years,2,male : single,none,2,unknown / no property,33,none,rent,2,skilled employee / official,1,yes,yes,No
< 0 DM,20,critical account / other credits existing,car (new),2235,< 100 DM,1 - 4 years,4,male : married/widowed,guarantor,2,building society savings / life insurance,33,bank,rent,2,skilled employee / official,1,no,no,Yes
< 0 DM,15,existing credits paid back duly,radio/television,1205,< 100 DM,4 - 7 years,4,male : married/widowed,none,2,real estate,26,bank,own,1,skilled employee / official,1,no,yes,Yes
0 - 200 DM,31,delay in paying off,radio/television,1730,unknown / no savings,1 - 4 years,4,female : divorced/separated/married,none,1,car or other,26,none,own,2,unskilled - resident,1,no,yes,No
0 - 200 DM,7,critical account / other credits existing,business,1339,< 100 DM,>= 7 years,2,male : divorced/separated,none,1,unknown / no property,29,bank,rent,1,skilled employee / official,1,no,yes,No
< 0 DM,15,existing credits paid back duly,business,806,< 100 DM,1 - 4 years,4,female : divorced/separated/married,none,4,building society savings / life insurance,22,none,own,1,unskilled - resident,1,no,yes,No
< 0 DM,18,existing credits paid back duly,furniture/equipment,1131,< 100 DM,unemployed,4,female : divorced/separated/married,none,2,car or other,33,none,own,1,skilled employee / official,1,no,yes,Yes
no checking account,12,critical account / other credits existing,car (new),4459,>= 1000 DM,>= 7 years,2,female : divorced/separated/married,none,4,car or other,58,none,own,1,skilled employee / official,1,yes,yes,No
< 0 DM,18,existing credits paid back duly,furniture/equipment,,< 100 DM,unemployed,4,male : single,none,1,car or other,25,none,own,1,unemployed / unskilled - non-resident,1,no,yes,Yes
no checking account,14,existing credits paid back duly,car (used),2489,unknown / no savings,< 1 year,3,male : married/widowed,none,4,car or other,23,none,rent,1,skilled employee / official,1,yes,yes,No
no checking account,24,existing credits paid back duly,car (used),3488,100 - 500 DM,4 - 7 years,3,female : divorced/separated/married,none,4,car or other,23,none,own,1,skilled employee / official,1,no,yes,No
< 0 DM,50,no credits taken,business,7037,< 100 DM,1 - 4 years,1,female : divorced/separated/married,guarantor,4,car or other,39,none,rent,2,skilled employee / official,1,no,yes,Yes
no checking account,20,existing credits paid back duly,car (used),5094,unknown / no savings,1 - 4 years,2,male : single,none,4,unknown / no property,26,bank,own,2,skilled employee / official,1,no,yes,No
< 0 DM,11,critical account / other credits existing,car (new),3939,< 100 DM,1 - 4 years,1,male : single,none,2,real estate,40,none,own,2,unskilled - resident,2,no,yes,No
>= 200 DM,4,no credits taken,car (new),881,< 100 DM,< 1 year,1,female : divorced/separated/married,none,2,building society savings / life insurance,,stores,own,1,unskilled - resident,1,no,yes,Yes
0 - 200 DM,6,existing credits paid back duly,radio/television,2063,< 100 DM,< 1 year,4,male : married/widowed,none,3,car or other,30,none,rent,1,management / self-employed / highly qualified,1,yes,yes,No
no checking account,24,existing credits paid back duly,car (used),2670,< 100 DM,>= 7 years,4,male : single,none,4,car or other,35,none,own,1,management / self-employed / highly qualified,1,yes,yes,No
no checking account,7,existing credits paid back duly,others,680,< 100 DM,unemployed,2,female : divorced/separated/married,none,4,real estate,57,none,own,1,unemployed / unskilled - non-resident,1,yes,yes,No
< 0 DM,14,existing credits paid back duly,furniture/equipment,1831,100 - 500 DM,< 1 year,4,female : divorced/separated/married,guarantor,2,real estate,43,none,rent,1,skilled employee / official,1,no,yes,No
< 0 DM,9,existing credits paid back duly,furniture/equipment,806,< 100 DM,1 - 4 years,2,male : single,guarantor,3,building society savings / life insurance,36,none,own,1,unskilled - resident,2,no,yes,No
>= 200 DM,33,all credits paid back duly,furniture/equipment,11696,< 100 DM,unemployed,3,female : divorced/separated/married,none,1,car or other,24,none,own,2,management / self-employed / highly qualified,1,yes,yes,Yes
0 - 200 DM,12,existing credits paid back duly,radio/television,1484,unknown / no savings,1 - 4 years,2,male : married/widowed,none,1,real estate,25,none,own,1,skilled employee / official,1,yes,yes,Yes
>= 200 DM,24,existing credits paid back duly,car (new),947,< 100 DM,4 - 7 years,4,male : single,none,3,unknown / no property,38,bank,for free,1,skilled employee / official,2,no,yes,Yes
>= 200 DM,11,existing credits paid back duly,business,788,< 100 DM,< 1 year,2,male : married/widowed,none,2,real estate,25,none,own,2,skilled employee / official,2,yes,yes,No
0 - 200 DM,9,all credits paid back duly,others,1114,< 100 DM,1 - 4 years,4,male : single,none,4,real estate,26,stores,own,1,unskilled - resident,2,no,yes,No
0 - 200 DM,14,existing credits paid back duly,business,2044,< 100 DM,1 - 4 years,4,female : divorced/separated/married,guarantor,1,car or other,46,none,rent,1,skilled employee / official,1,no,yes,No
0 - 200 DM,22,delay in paying off,car (new),1985,unknown / no savings,1 - 4 years,4,female : divorced/separated/married,none,3,car or other,41,none,rent,2,skilled employee / official,1,yes,yes,No
0 - 200 DM,30,critical account / other credits existing,repairs,2176,500 - 1000 DM,1 - 4 years,4,male : single,none,2,building society savings / life insurance,24,none,own,1,unskilled - resident,1,no,yes,Yes
0 - 200 DM,13,existing credits paid back duly,furniture/equipment,1135,< 100 DM,< 1 year,2,male : single,none,1,car or other,21,stores,own,2,skilled employee / official,1,no,yes,Yes
no checking account,49,critical account / other credits existing,car (used),8992,unknown / no savings,1 - 4 years,3,male : single,none,1,unknown / no property,32,none,for free,2,skilled employee / official,1,yes,yes,No
0 - 200 DM,12,existing credits paid back duly,car (new),7472,unknown / no savings,unemployed,1,female : divorced/separated/married,none,2,real estate,24,none,rent,1,unemployed / unskilled - non-resident,1,no,yes,No
< 0 DM,27,existing credits paid back duly,furniture/equipment,3727,< 100 DM,>= 7 years,4,male : divorced/separated,none,2,car or other,40,none,rent,2,management / self-employed / highly qualified,1,yes,yes,Yes
0 - 200 DM,24,existing credits paid back duly,radio/television,1967,< 100 DM,>= 7 years,4,female : divorced/separated/married,none,4,car or other,20,none,own,1,skilled employee / official,1,yes,yes,No
< 0 DM,18,critical account / other credits existing,furniture/equipment,2124,< 100 DM,1 - 4 years,4,female : divorced/separated/married,none,4,real estate,24,none,rent,2,skilled employee / official,1,no,yes,Yes
0 - 200 DM,15,existing credits paid back duly,radio/television,,unknown / no savings,< 1 year,4,male : single,none,1,building society savings / life insurance,23,none,own,1,skilled employee / official,1,no,yes,No
< 0 DM,25,existing credits paid back duly,car (new),1439,>= 1000 DM,1 - 4 years,4,female : divorced/separated/married,none,1,building society savings / life insurance,32,none,own,1,skilled employee / official,2,no,yes,Yes
< 0 DM,18,all credits paid back duly,car (new),1442,< 100 DM,4 - 7 years,4,male : single,none,4,unknown / no property,32,none,for free,2,unskilled - resident,2,no,yes,Yes
< 0 DM,36,delay in paying off,education,7967,< 100 DM,1 - 4 years,4,female : divorced/separated/married,none,3,unknown / no property,22,none,own,1,management / self-employed / highly qualified,1,yes,yes,Yes
no checking account,12,delay in paying off,car (used),1503,< 100 DM,1 - 4 years,4,male : married/widowed,none,4,real estate,41,none,rent,1,skilled employee / official,1,no,yes,No
no checking account,34,existing credits paid back duly,car (used),4190,< 100 DM,1 - 4 years,2,male : single,none,3,unknown / no property,35,none,for free,1,management / self-employed / highly qualified,1,yes,yes,No
0 - 200 DM,24,delay in paying off,radio/television,7294,100 - 500 DM,< 1 year,1,male : single,none,1,car or other,30,none,own,2,skilled employee / official,1,no,yes,No
0 - 200 DM,28,no credits taken,business,8656,< 100 DM,,2,female : divorced/separated/married,none,3,unknown / no property,39,none,for free,2,management / self-employed / highly qualified,1,yes,yes,Yes
0 - 200 DM,12,existing credits paid back duly,retraining,754,unknown / no savings,>= 7 years,4,male : single,none,4,building society savings / life insurance,38,none,own,2,skilled employee / official,1,no,yes,No
0 - 200 DM,12,critical account / other credits existing,car (new),2193,100 - 500 DM,< 1 year,4,male : single,none,2,unknown / no property,29,none,own,1,management / self-employed / highly qualified,1,no,yes,No
< 0 DM,9,existing credits paid back duly,education,1172,unknown / no savings,1 - 4 years,4,female : divorced/separated/married,none,4,building society savings / life insurance,21,bank,rent,1,management / self-employed / highly qualified,1,yes,yes,No
no checking account,21,existing credits paid back duly,car (new),2718,100 - 500 DM,>= 7 years,4,male : single,none,4,car or other,46,none,rent,3,unskilled - resident,2,yes,no,Yes
< 0 DM,12,existing credits paid back duly,car (used),,unknown / no savings,1 - 4 years,4,male : single,none,1,car or other,28,none,own,1,skilled employee / official,1,no,yes,No
no checking account,24,existing credits paid back duly,car (used),2603,>= 1000 DM,1 - 4 years,2,female : divorced/separated/married,none,4,car or other,28,none,rent,1,skilled employee / official,1,yes,yes,No
no checking account,17,critical account / other credits existing,car (new),5577,unknown / no savings,>= 7 years,1,female : divorced/separated/married,none,4,car or other,58,none,own,2,skilled employee / official,1,yes,yes,No
0 - 200 DM,36,delay in paying off,car (new),2791,100 - 500 DM,>= 7 years,3,male : single,none,3,unknown / no property,31,none,for free,1,skilled employee / official,1,no,yes,No
no checking account,9,critical account / other credits existing,education,905,100 - 500 DM,>= 7 years,3,male : single,none,1,car or other,53,none,own,1,skilled employee / official,1,yes,yes,No
no checking account,21,all credits paid back duly,business,1531,< 100 DM,>= 7 years,4,male : single,none,4,car or other,53,bank,own,1,skilled employee / official,2,yes,yes,No
0 - 200 DM,48,existing credits paid back duly,car (new),8487,unknown / no savings,4 - 7 years,1,female : divorced/separated/married,none,2,car or other,24,none,own,1,skilled employee / official,1,no,yes,No
no checking account,18,existing credits paid back duly,business,1950,< 100 DM,4 - 7 years,4,male : single,none,1,car or other,34,stores,own,2,skilled employee / official,1,yes,yes,No
no checking account,9,existing credits paid back duly,furniture/equipment,,100 - 500 DM,1 - 4 years,4,male : single,none,1,real estate,50,none,own,2,skilled employee / official,1,no,yes,No
no checking account,23,critical account / other credits existing,car (used),4409,>= 1000 DM,4 - 7 years,2,female : divorced/separated/married,none,4,building society savings / life insurance,43,none,own,3,skilled employee / official,1,no,yes,No
no checking account,10,delay in paying off,furniture/equipment,1107,< 100 DM,< 1 year,2,female : divorced/separated/married,none,3,building society savings / life insurance,24,none,rent,1,unemployed / unskilled - non-resident,1,no,yes,No
< 0 DM,17,existing credits paid back duly,radio/television,3819,100 - 500 DM,4 - 7 years,4,female : divorced/separated/married,guarantor,1,real estate,27,none,own,1,skilled employee / official,1,no,yes,No
no checking account,10,existing credits paid back duly,education,727,500 - 1000 DM,>= 7 years,4,male : single,none,4,unknown / no property,46,none,for free,1,skilled employee / official,1,yes,yes,No
0 - 200 DM,37,no credits taken,radio/television,3909,< 100 DM,1 - 4 years,3,female : divorced/separated/married,none,1,building society savings / life insurance,42,none,own,2,skilled employee / official,1,yes,yes,Yes
0 - 200 DM,15,existing credits paid back duly,car (new),1185,unknown / no savings,1 - 4 years,4,male : single,none,3,unknown / no property,60,none,for free,2,skilled employee / official,1,no,yes,No
no checking account,,existing credits paid back duly,radio/television,3105,unknown / no savings,< 1 year,4,male : single,none,2,car or other,25,none,own,2,skilled employee / official,1,no,yes,No
no checking account,12,existing credits paid back duly,furniture/equipment,1768,< 100 DM,1 - 4 years,3,male : single,none,2,real estate,24,none,rent,1,unskilled - resident,1,no,yes,No
< 0 DM,12,existing credits paid back duly,car (new),1168,< 100 DM,1 - 4 years,4,male : married/widowed,none,3,real estate,27,none,own,1,unskilled - resident,1,no,yes,No
no checking account,38,critical account / other credits existing,radio/television,9689,< 100 DM,1 - 4 years,2,female : divorced/separated/married,none,3,car or other,,stores,own,1,skilled employee / official,1,no,yes,No
< 0 DM,12,critical account / other credits existing,car (new),3499,< 100 DM,1 - 4 years,3,female : divorced/separated/married,co-applicant,2,real estate,29,none,own,2,skilled employee / official,1,no,yes,Yes
< 0 DM,36,existing credits paid back duly,furniture/equipment,2712,< 100 DM,>= 7 years,2,male : single,none,2,building society savings / life insurance,41,bank,own,1,skilled employee / official,2,no,yes,Yes
0 - 200 DM,48,all credits paid back duly,car (new),12169,unknown / no savings,unemployed,4,male : single,co-applicant,4,unknown / no property,36,none,for free,1,management / self-employed / highly qualified,1,yes,yes,No
no checking account,37,delay in paying off,car (used),5364,< 100 DM,>= 7 years,3,male : single,none,3,building society savings / life insurance,36,none,own,1,skilled employee / official,1,yes,yes,No
>= 200 DM,9,existing credits paid back duly,radio/television,1126,100 - 500 DM,>= 7 years,2,male : divorced/separated,none,4,real estate,49,none,own,1,skilled employee / official,1,no,yes,No
< 0 DM,12,existing credits paid back duly,car (new),3651,>= 1000 DM,1 - 4 years,1,male : single,none,3,building society savings / life insurance,31,none,own,1,skilled employee / official,2,no,yes,No
>= 200 DM,22,existing credits paid back duly,car (new),1131,< 100 DM,< 1 year,4,male : single,none,2,real estate,21,stores,own,1,unskilled - resident,1,yes,yes,Yes
no checking account,6,critical account / other credits existing,car (new),6761,< 100 DM,4 - 7 years,1,male : single,none,3,unknown / no property,45,none,own,2,management / self-employed / highly qualified,2,yes,yes,No
>= 200 DM,15,critical account / other credits existing,radio/television,1271,unknown / no savings,1 - 4 years,3,male : single,none,4,unknown / no property,39,none,for free,2,skilled employee / official,1,yes,yes,Yes
0 - 200 DM,24,critical account / other credits existing,business,1493,500 - 1000 DM,4 - 7 years,3,male : single,none,1,real estate,29,none,own,2,management / self-employed / highly qualified,1,yes,yes,No
no checking account,15,existing credits paid back duly,car (used),3029,< 100 DM,4 - 7 years,2,male : single,none,2,car or other,33,none,own,1,skilled employee / official,1,no,yes,No
no checking account,18,existing credits paid back duly,car (used),3378,unknown / no savings,1 - 4 years,2,male : single,none,1,building society savings / life insurance,31,none,own,1,skilled employee / official,1,yes,yes,No
no checking account,6,existing credits paid back duly,radio/television,657,< 100 DM,1 - 4 years,2,female : divorced/separated/married,none,3,real estate,28,none,own,1,unskilled - resident,2,no,yes,Yes
no checking account,19,critical account / other credits existing,radio/television,621,500 - 1000 DM,>= 7 years,4,male : single,none,3,building society savings / life insurance,,bank,own,2,management / self-employed / highly qualified,1,yes,yes,No
no checking account,12,critical account / other credits existing,radio/television,618,< 100 DM,>= 7 years,4,male : single,none,4,real estate,56,none,own,1,skilled employee / official,1,no,yes,No
< 0 DM,15,existing credits paid back duly,radio/television,1405,< 100 DM,1 - 4 years,4,female : divorced/separated/married,none,1,building society savings / life insurance,25,bank,own,1,skilled employee / official,1,no,yes,No
0 - 200 DM,16,critical account / other credits existing,car (new),925,< 100 DM,>= 7 years,4,male : single,none,4,car or other,38,bank,own,2,skilled employee / official,2,yes,yes,Yes
0 - 200 DM,22,delay in paying off,car (new),2538,< 100 DM,1 - 4 years,1,male : divorced/separated,none,4,real estate,50,none,own,2,skilled employee / official,1,no,yes,No
0 - 200 DM,29,existing credits paid back duly,business,2276,100 - 500 DM,< 1 year,3,female : divorced/separated/married,none,1,building society savings / life insurance,34,none,own,1,skilled employee / official,2,yes,yes,No
>= 200 DM,21,critical account / other credits existing,education,2319,< 100 DM,< 1 year,2,male : divorced/separated,none,1,car or other,33,none,rent,1,skilled employee / official,1,no,yes,Yes
0 - 200 DM,6,delay in paying off,furniture/equipment,1050,< 100 DM,unemployed,4,male : single,none,1,building society savings / life insurance,35,stores,own,2,management / self-employed / highly qualified,1,yes,yes,No
no checking account,38,critical account / other credits existing,radio/television,3721,unknown / no savings,>= 7 years,4,male : single,none,2,unknown / no property,49,none,own,1,skilled employee / official,1,yes,yes,No
no checking account,15,critical account / other credits existing,radio/television,565,100 - 500 DM,4 - 7 years,3,male : single,none,4,real estate,58,none,own,1,skilled employee / official,1,no,yes,No
0 - 200 DM,24,existing credits paid back duly,car (used),2760,unknown / no savings,>= 7 years,4,male : single,none,4,unknown / no property,36,bank,for free,1,skilled employee / official,1,yes,yes,No
< 0 DM,30,existing credits paid back duly,furniture/equipment,6350,unknown / no savings,,4,male : single,none,4,building society savings / life insurance,31,none,own,1,skilled employee / official,1,no,yes,Yes
no checking account,36,delay in paying off,car (used),8947,unknown / no savings,4 - 7 years,3,male : single,none,2,car or other,31,stores,own,1,management / self-employed / highly qualified,2,yes,yes,No
0 - 200 DM,27,existing credits paid back duly,business,3915,< 100 DM,1 - 4 years,4,male : single,none,2,car or other,36,none,own,1,skilled employee / official,2,yes,yes,Yes
< 0 DM,33,critical account / other credits existing,furniture/equipment,4281,500 - 1000 DM,1 - 4 years,1,female : divorced/separated/married,none,4,car or other,23,none,own,2,skilled employee / official,1,no,yes,Yes
0 - 200 DM,18,existing credits paid back duly,car (new),2314,100 - 500 DM,1 - 4 years,2,female : divorced/separated/married,none,4,car or other,26,none,rent,1,unskilled - resident,1,yes,yes,Yes
no checking account,16,critical account / other credits existing,furniture/equipment,1800,< 100 DM,1 - 4 years,4,female : divorced/separated/married,none,1,unknown / no property,28,none,own,1,skilled employee / official,2,yes,yes,No
no checking account,25,existing credits paid back duly,car (used),5083,>= 1000 DM,>= 7 years,4,male : single,none,3,building society savings / life insurance,50,none,own,4,skilled employee / official,2,yes,yes,No
no checking account,13,critical account / other credits existing,car (new),1018,< 100 DM,unemployed,2,female : divorced/separated/married,none,3,building society savings / life insurance,37,bank,own,1,unemployed / unskilled - non-resident,1,no,yes,No
< 0 DM,24,all credits paid back duly,car (new),2325,100 - 500 DM,4 - 7 years,2,male : single,none,3,car or other,32,bank,own,1,skilled employee / official,1,no,yes,No
< 0 DM,28,existing credits paid back duly,car (new),4006,< 100 DM,1 - 4 years,3,male : single,none,2,car or other,45,none,own,1,unskilled - resident,1,no,yes,Yes
< 0 DM,37,critical account / other credits existing,car (used),8199,< 100 DM,>= 7 years,3,male : single,none,4,car or other,21,stores,own,2,skilled employee / official,1,yes,yes,Yes
< 0 DM,11,delay in paying off,car (new),1227,< 100 DM,4 - 7 years,1,female : divorced/separated/married,none,2,real estate,46,none,rent,1,skilled employee / official,1,no,yes,Yes
< 0 DM,18,critical account / other credits existing,furniture/equipment,4349,< 100 DM,>= 7 years,2,female : divorced/separated/married,none,4,building society savings / life insurance,27,none,own,3,skilled employee / official,1,no,yes,No
< 0 DM,37,all credits paid back duly,others,15253,< 100 DM,,2,male : divorced/separated,co-applicant,4,car or other,42,none,own,1,management / self-employed / highly qualified,1,no,yes,No
< 0 DM,4,critical account / other credits existing,repairs,1853,< 100 DM,unemployed,4,male : single,none,4,unknown / no property,36,none,for free,4,management / self-employed / highly qualified,1,yes,yes,No
no checking account,27,existing credits paid back duly,car (new),,>= 1000 DM,4 - 7 years,4,female : divorced/separated/married,none,4,car or other,33,none,for free,1,skilled employee / official,2,yes,yes,No
>= 200 DM,21,critical account / other credits existing,domestic appliances,1076,unknown / no savings,,4,male : single,none,3,building society savings / life insurance,27,none,own,2,skilled employee / official,1,yes,yes,No
no checking account,12,critical account / other credits existing,education,1874,< 100 DM,4 - 7 years,2,male : single,none,2,real estate,46,none,rent,2,unskilled - resident,2,no,yes,No
< 0 DM,9,existing credits paid back duly,repairs,680,< 100 DM,1 - 4 years,4,female : divorced/separated/married,none,3,real estate,52,none,own,1,skilled employee / official,1,no,no,Yes
no checking account,18,existing credits paid back duly,radio/television,2051,< 100 DM,,4,male : single,none,1,real estate,33,none,own,1,skilled employee / official,1,no,yes,No
0 - 200 DM,10,existing credits paid back duly,radio/television,450,>= 1000 DM,1 - 4 years,3,female : divorced/separated/married,none,3,real estate,41,none,rent,2,skilled employee / official,1,no,yes,No
0 - 200 DM,48,existing credits paid back duly,car (new),8384,unknown / no savings,1 - 4 years,2,female : divorced/separated/married,none,2,car or other,25,none,own,2,skilled employee / official,1,no,yes,No
no checking account,15,delay in paying off,car (new),-1972,< 100 DM,1 - 4 years,3,male : married/widowed,none,2,building society savings / life insurance,31,none,own,1,management / self-employed / highly qualified,1,yes,yes,No
no checking account,39,existing credits paid back duly,car (used),7615,100 - 500 DM,4 - 7 years,4,male : single,none,1,car or other,46,none,own,1,management / self-employed / highly qualified,1,yes,no,No
< 0 DM,48,all credits paid back duly,car (new),3695,< 100 DM,4 - 7 years,3,male : married/widowed,none,4,unknown / no property,47,none,for free,1,skilled employee / official,2,no,yes,Yes
< 0 DM,24,all credits paid back duly,furniture/equipment,6872,< 100 DM,< 1 year,2,male : divorced/separated,none,1,building society savings / life insurance,55,bank,own,1,skilled employee / official,1,yes,yes,Yes
0 - 200 DM,10,existing credits paid back duly,car (new),7308,< 100 DM,unemployed,2,male : single,none,4,unknown / no property,70,bank,for free,1,management / self-employed / highly qualified,1,yes,yes,No
< 0 DM,49,critical account / other credits existing,car (used),6816,< 100 DM,4 - 7 years,3,male : single,none,4,unknown / no property,46,none,for free,1,skilled employee / official,1,yes,yes,Yes
< 0 DM,,existing credits paid back duly,domestic appliances,343,< 100 DM,< 1 year,4,female : divorced/separated/married,none,1,real estate,27,none,own,1,skilled employee / official,1,no,yes,No
< 0 DM,36,existing credits paid back duly,furniture/equipment,3620,< 100 DM,1 - 4 years,1,male : single,guarantor,2,building society savings / life insurance,37,none,own,1,skilled employee / official,2,no,yes,No
< 0 DM,21,existing credits paid back duly,radio/television,3357,>= 1000 DM,< 1 year,4,female : divorced/separated/married,none,2,car or other,29,bank,own,1,skilled employee / official,1,no,yes,No
< 0 DM,11,existing credits paid back duly,furniture/equipment,1192,< 100 DM,1 - 4 years,4,female : divorced/separated/married,none,2,real estate,27,none,own,1,unskilled - resident,1,no,yes,Yes
no checking account,10,existing credits paid back duly,car (used),752,500 - 1000 DM,>= 7 years,4,male : single,none,4,unknown / no property,44,none,for free,1,skilled employee / official,1,yes,yes,No
0 - 200 DM,46,critical account / other credits existing,radio/television,4107,< 100 DM,< 1 year,4,male : single,none,3,building society savings / life insurance,24,none,own,1,unskilled - resident,2,no,yes,Yes
>= 200 DM,12,critical account / other credits existing,radio/television,1572,< 100 DM,4 - 7 years,4,female : divorced/separated/married,none,2,car or other,44,none,own,2,unemployed / unskilled - non-resident,1,no,yes,No
no checking account,35,delay in paying off,car (used),5120,< 100 DM,1 - 4 years,1,male : single,none,3,unknown / no property,31,none,for free,1,management / self-employed / highly qualified,1,yes,no,No
< 0 DM,25,all credits paid back duly,car (used),2817,< 100 DM,< 1 year,3,male : single,guarantor,4,unknown / no property,63,bank,own,1,skilled employee / official,2,yes,yes,No
no checking account,38,existing credits paid back duly,car (used),9687,100 - 500 DM,>= 7 years,4,male : single,none,1,car or other,45,none,own,1,management / self-employed / highly qualified,1,yes,yes,No
>= 200 DM,13,all credits paid back duly,business,610,< 100 DM,< 1 year,3,female : divorced/separated/married,none,2,building society savings / life insurance,24,none,own,1,unemployed / unskilled - non-resident,1,no,yes,Yes
< 0 DM,38,existing credits paid back duly,furniture/equipment,4519,< 100 DM,unemployed,4,male : single,none,3,building society savings / life insurance,32,none,own,1,management / self-employed / highly qualified,1,yes,yes,No
no checking account,37,critical account / other credits existing,car (new),7729,< 100 DM,1 - 4 years,4,female : divorced/separated/married,none,2,real estate,27,stores,own,1,skilled employee / official,1,yes,yes,Yes
0 - 200 DM,5,existing credits paid back duly,radio/television,701,< 100 DM,1 - 4 years,2,female : divorced/separated/married,guarantor,4,real estate,65,none,own,1,skilled employee / official,1,no,yes,No
< 0 DM,38,critical account / other credits existing,furniture/equipment,5491,< 100 DM,< 1 year,4,female : divorced/separated/married,co-applicant,4,unknown / no property,26,none,rent,2,unskilled - resident,2,yes,yes,Yes
no checking account,39,critical account / other credits existing,car (new),3933,< 100 DM,1 - 4 years,4,male : single,none,4,car or other,35,none,for free,2,skilled employee / official,1,yes,yes,No
0 - 200 DM,38,existing credits paid back duly,furniture/equipment,9077,< 100 DM,< 1 year,4,male : single,co-applicant,1,unknown / no property,28,none,rent,2,management / self-employed / highly qualified,1,yes,yes,Yes
no checking account,9,existing credits paid back duly,furniture/equipment,847,< 100 DM,1 - 4 years,4,female : divorced/separated/married,none,1,real estate,29,none,own,2,skilled employee / official,1,yes,yes,No
< 0 DM,25,existing credits paid back duly,furniture/equipment,2845,< 100 DM,< 1 year,3,male : single,none,1,unknown / no property,25,stores,for free,2,skilled employee / official,1,no,yes,No
no checking account,10,critical account / other credits existing,radio/television,700,unknown / no savings,>= 7 years,4,female : divorced/separated/married,none,2,car or other,36,bank,own,1,unemployed / unskilled - non-resident,2,no,yes,Yes
< 0 DM,28,critical account / other credits existing,business,2732,< 100 DM,>= 7 years,4,male : single,none,4,car or other,43,stores,own,4,management / self-employed / highly qualified,2,yes,yes,No
0 - 200 DM,24,existing credits paid back duly,car (used),4113,500 - 1000 DM,< 1 year,3,female : divorced/separated/married,none,4,car or other,28,none,rent,1,skilled employee / official,1,no,yes,Yes
< 0 DM,15,critical account / other credits existing,retraining,1642,< 100 DM,1 - 4 years,4,female : divorced/separated/married,none,4,real estate,24,none,rent,3,skilled employee / official,2,no,yes,No
no checking account,33,existing credits paid back duly,others,8743,unknown / no savings,1 - 4 years,2,male : single,none,4,car or other,32,none,rent,1,unskilled - resident,2,yes,yes,No
>= 200 DM,39,existing credits paid back duly,car (used),2195,100 - 500 DM,1 - 4 years,4,male : single,none,4,car or other,24,none,own,1,skilled employee / official,1,no,yes,No
< 0 DM,6,existing credits paid back duly,furniture/equipment,1190,< 100 DM,1 - 4 years,1,male : single,none,2,real estate,,bank,own,1,unskilled - resident,1,yes,yes,No
no checking account,24,existing credits paid back duly,car (new),2440,< 100 DM,1 - 4 years,2,female : divorced/separated/married,none,3,building society savings / life insurance,20,none,rent,1,unskilled - resident,1,no,yes,Yes
no checking account,25,critical account / other credits existing,car (used),1162,500 - 1000 DM,>= 7 years,4,female : divorced/separated/married,none,3,real estate,35,none,own,2,skilled employee / official,1,yes,yes,No
>= 200 DM,5,existing credits paid back duly,radio/television,1236,< 100 DM,1 - 4 years,4,male : single,guarantor,3,real estate,34,stores,own,1,skilled employee / official,1,no,no,No
no checking account,39,existing credits paid back duly,radio/television,1980,100 - 500 DM,>= 7 years,4,male : single,none,4,car or other,41,none,own,2,skilled employee / official,1,no,yes,No
no checking account,18,existing credits paid back duly,furniture/equipment,3422,< 100 DM,>= 7 years,4,male : single,none,4,building society savings / life insurance,47,bank,own,3,skilled employee / official,2,yes,yes,No
no checking account,,critical account / other credits existing,car (used),2581,< 100 DM,1 - 4 years,2,male : single,none,2,real estate,25,stores,own,2,unskilled - resident,2,yes,yes,No
< 0 DM,22,existing credits paid back duly,furniture/equipment,2766,< 100 DM,< 1 year,4,female : divorced/separated/married,none,4,building society savings / life insurance,22,none,rent,2,unskilled - resident,1,yes,yes,Yes
no checking account,63,existing credits paid back duly,car (new),11614,< 100 DM,>= 7 years,2,male : single,none,4,building society savings / life insurance,42,none,own,1,management / self-employed / highly qualified,2,yes,yes,No
no checking account,24,all credits paid back duly,retraining,2871,< 100 DM,>= 7 years,4,male : single,none,4,car or other,37,none,own,1,management / self-employed / highly qualified,1,yes,yes,No
< 0 DM,45,existing credits paid back duly,radio/television,1897,< 100 DM,1 - 4 years,4,male : single,none,4,unknown / no property,25,none,for free,2,unskilled - resident,1,no,yes,Yes
0 - 200 DM,33,delay in paying off,car (new),2299,< 100 DM,>= 7 years,3,male : single,none,4,unknown / no property,56,bank,for free,1,skilled employee / official,1,no,yes,Yes
no checking account,12,existing credits paid back duly,radio/television,886,unknown / no savings,1 - 4 years,4,female : divorced/separated/married,none,2,car or other,21,none,own,1,skilled employee / official,1,no,yes,No
< 0 DM,26,existing credits paid back duly,car (used),5756,< 100 DM,unemployed,4,male : single,none,2,unknown / no property,28,none,for free,2,management / self-employed / highly qualified,1,no,yes,No
0 - 200 DM,24,existing credits paid back duly,furniture/equipment,3069,100 - 500 DM,>= 7 years,4,male : single,none,4,unknown / no property,30,none,for free,1,skilled employee / official,1,no,yes,No
< 0 DM,6,critical account / other credits existing,car (new),597,500 - 1000 DM,4 - 7 years,3,female : divorced/separated/married,none,3,real estate,36,bank,own,2,unskilled - resident,2,yes,yes,No
>= 200 DM,18,critical account / other credits existing,car (new),1087,< 100 DM,unemployed,3,male : single,none,4,car or other,69,none,own,4,unemployed / unskilled - non-resident,1,yes,yes,No
0 - 200 DM,39,delay in paying off,repairs,5065,< 100 DM,1 - 4 years,2,male : divorced/separated,none,1,real estate,33,stores,own,3,management / self-employed / highly qualified,1,yes,yes,Yes
no checking account,19,existing credits paid back duly,business,1506,100 - 500 DM,1 - 4 years,3,female : divorced/separated/married,none,4,building society savings / life insurance,22,none,rent,1,unskilled - resident,1,no,yes,No
0 - 200 DM,15,existing credits paid back duly,radio/television,1508,unknown / no savings,1 - 4 years,2,male : married/widowed,none,1,real estate,,none,own,1,skilled employee / official,1,yes,yes,Yes
no checking account,15,existing credits paid back duly,radio/television,1386,unknown / no savings,1 - 4 years,4,male : married/widowed,none,2,real estate,40,none,rent,1,skilled employee / official,1,yes,yes,No
no checking account,20,critical account / other credits existing,car (used),,< 100 DM,>= 7 years,2,male : single,none,4,car or other,39,none,own,1,management / self-employed / highly qualified,1,no,yes,No
0 - 200 DM,13,critical account / other credits existing,business,2454,>= 1000 DM,1 - 4 years,1,male : single,none,4,car or other,29,bank,own,1,skilled employee / official,1,no,yes,No
< 0 DM,18,existing credits paid back duly,retraining,1505,< 100 DM,< 1 year,2,male : single,none,2,real estate,39,none,own,1,skilled employee / official,1,no,yes,No
no checking account,14,existing credits paid back duly,radio/television,792,100 - 500 DM,1 - 4 years,3,male : single,none,3,real estate,27,bank,rent,3,skilled employee / official,1,no,yes,No
0 - 200 DM,11,all credits paid back duly,furniture/equipment,2203,>= 1000 DM,4 - 7 years,2,male : single,none,1,car or other,27,none,for free,1,management / self-employed / highly qualified,1,yes,yes,No
no checking account,51,existing credits paid back duly,business,3338,unknown / no savings,1 - 4 years,4,male : divorced/separated,none,2,real estate,38,none,own,2,skilled employee / official,2,no,yes,Yes
< 0 DM,33,existing credits paid back duly,furniture/equipment,4214,< 100 DM,unemployed,3,male : single,none,2,building society savings / life insurance,33,none,own,1,management / self-employed / highly qualified,1,yes,yes,No
< 0 DM,10,critical account / other credits existing,car (new),2391,< 100 DM,1 - 4 years,4,male : single,none,1,building society savings / life insurance,33,stores,own,2,skilled employee / official,1,no,yes,No
no checking account,9,critical account / other credits existing,radio/television,615,unknown / no savings,>= 7 years,3,male : single,none,4,unknown / no property,33,none,for free,3,skilled employee / official,1,no,yes,No
0 - 200 DM,13,existing credits paid back duly,radio/television,1143,< 100 DM,< 1 year,4,female : divorced/separated/married,guarantor,4,real estate,52,none,own,2,skilled employee / official,1,yes,yes,No
< 0 DM,46,existing credits paid back duly,business,16298,< 100 DM,4 - 7 years,2,male : single,none,2,car or other,22,none,own,1,skilled employee / official,1,yes,yes,Yes
< 0 DM,12,existing credits paid back duly,retraining,902,< 100 DM,4 - 7 years,4,male : married/widowed,none,4,building society savings / life insurance,21,none,rent,1,skilled employee / official,1,no,yes,Yes
no checking account,49,critical account / other credits existing,car (new),11364,500 - 1000 DM,1 - 4 years,3,male : single,none,1,unknown / no property,46,bank,for free,1,skilled employee / official,1,no,yes,Yes
no checking account,24,critical account / other credits existing,radio/television,1516,>= 1000 DM,1 - 4 years,4,female : divorced/separated/married,none,1,real estate,43,none,own,2,unskilled - resident,1,no,yes,No
no checking account,18,existing credits paid back duly,car (used),3463,100 - 500 DM,4 - 7 years,2,male : single,none,3,car or other,31,none,own,1,skilled employee / official,1,no,yes,No
no checking account,9,existing credits paid back duly,car (new),3006,unknown / no savings,< 1 year,2,male : single,none,2,building society savings / life insurance,47,none,own,2,management / self-employed / highly qualified,2,yes,no,No
no checking account,,existing credits paid back duly,furniture/equipment,2566,< 100 DM,< 1 year,2,male : single,none,4,building society savings / life insurance,30,bank,for free,2,unskilled - resident,1,no,yes,No
< 0 DM,21,existing credits paid back duly,furniture/equipment,3599,< 100 DM,4 - 7 years,1,female : divorced/separated/married,none,4,car or other,26,none,rent,1,unskilled - resident,1,no,yes,No
no checking account,48,critical account / other credits existing,radio/television,3578,unknown / no savings,>= 7 years,4,male : single,none,1,real estate,,none,own,1,skilled employee / official,1,yes,yes,No
>= 200 DM,8,critical account / other credits existing,car (new),842,< 100 DM,>= 7 years,3,male : single,none,4,unknown / no property,64,none,for free,2,management / self-employed / highly qualified,1,yes,yes,No
no checking account,35,delay in paying off,radio/television,4524,< 100 DM,1 - 4 years,4,male : single,none,2,car or other,24,none,own,3,management / self-employed / highly qualified,1,yes,yes,Yes
< 0 DM,6,existing credits paid back duly,car (new),14896,< 100 DM,>= 7 years,1,male : single,none,4,unknown / no property,68,bank,own,1,management / self-employed / highly qualified,1,yes,yes,Yes
< 0 DM,21,existing credits paid back duly,car (used),8169,unknown / no savings,>= 7 years,1,male : single,none,4,building society savings / life insurance,54,none,for free,1,skilled employee / official,1,yes,yes,Yes
no checking account,21,critical account / other credits existing,car (new),2201,< 100 DM,4 - 7 years,2,female : divorced/separated/married,none,2,car or other,26,none,own,2,management / self-employed / highly qualified,1,no,yes,No
0 - 200 DM,15,existing credits paid back duly,repairs,1514,100 - 500 DM,1 - 4 years,4,male : single,guarantor,2,real estate,22,none,own,1,skilled employee / official,1,no,yes,No
< 0 DM,36,existing credits paid back duly,car (new),3249,< 100 DM,4 - 7 years,2,male : single,none,4,unknown / no property,39,bank,for free,1,management / self-employed / highly qualified,2,yes,yes,No
no checking account,28,all credits paid back duly,car (used),7824,unknown / no savings,< 1 year,3,male : single,guarantor,4,real estate,40,bank,rent,2,skilled employee / official,2,yes,yes,No
0 - 200 DM,49,delay in paying off,others,6999,100 - 500 DM,unemployed,2,male : single,none,4,unknown / no property,34,none,for free,1,management / self-employed / highly qualified,1,yes,yes,No
no checking account,12,existing credits paid back duly,furniture/equipment,1724,< 100 DM,1 - 4 years,2,female : divorced/separated/married,co-applicant,3,car or other,19,none,rent,2,skilled employee / official,1,no,yes,Yes
no checking account,25,critical account / other credits existing,car (used),5476,>= 1000 DM,1 - 4 years,4,male : single,none,3,real estate,25,none,own,1,skilled employee / official,1,no,yes,No
< 0 DM,7,critical account / other credits existing,car (new),4765,unknown / no savings,< 1 year,1,male : single,none,3,real estate,46,none,own,2,unskilled - resident,1,no,no,No
no checking account,47,critical account / other credits existing,business,3930,>= 1000 DM,>= 7 years,4,male : single,none,1,real estate,47,none,own,1,management / self-employed / highly qualified,2,yes,yes,No
< 0 DM,12,existing credits paid back duly,radio/television,1680,500 - 1000 DM,>= 7 years,3,male : married/widowed,none,1,real estate,35,none,own,1,skilled employee / official,1,no,yes,No
no checking account,30,existing credits paid back duly,radio/television,1867,unknown / no savings,>= 7 years,4,male : single,none,4,car or other,58,none,own,1,skilled employee / official,1,yes,yes,No
no checking account,24,critical account / other credits existing,car (new),2463,100 - 500 DM,4 - 7 years,4,male : married/widowed,none,3,building society savings / life insurance,27,none,own,2,skilled employee / official,1,yes,yes,No
0 - 200 DM,9,existing credits paid back duly,radio/television,,500 - 1000 DM,,4,female : divorced/separated/married,none,3,real estate,66,none,own,1,unskilled - resident,1,no,yes,No
< 0 DM,12,critical account / other credits existing,radio/television,385,< 100 DM,4 - 7 years,4,female : divorced/separated/married,none,3,real estate,58,none,own,4,unskilled - resident,1,yes,yes,No
no checking account,12,existing credits paid back duly,radio/television,1493,< 100 DM,< 1 year,4,female : divorced/separated/married,none,3,car or other,34,none,own,1,skilled employee / official,2,no,yes,No
0 - 200 DM,30,critical account / other credits existing,car (new),,< 100 DM,unemployed,4,male : married/widowed,none,2,car or other,28,none,own,2,management / self-employed / highly qualified,1,no,yes,Yes
< 0 DM,33,delay in paying off,furniture/equipment,,< 100 DM,>= 7 years,4,female : divorced/separated/married,none,4,real estate,25,none,rent,2,skilled employee / official,1,no,yes,Yes
0 - 200 DM,22,existing credits paid back duly,radio/television,1176,100 - 500 DM,1 - 4 years,4,female : divorced/separated/married,none,3,car or other,33,none,own,1,skilled employee / official,1,no,yes,Yes
no checking account,6,existing credits paid back duly,radio/television,779,unknown / no savings,>= 7 years,4,male : single,none,4,unknown / no property,39,bank,for free,1,management / self-employed / highly qualified,1,no,yes,No
< 0 DM,33,no credits taken,furniture/equipment,3904,< 100 DM,1 - 4 years,2,male : divorced/separated,guarantor,2,real estate,33,none,own,1,skilled employee / official,1,no,yes,No
< 0 DM,24,existing credits paid back duly,radio/television,1987,< 100 DM,1 - 4 years,2,male : single,none,4,real estate,21,none,rent,1,unskilled - resident,2,no,yes,Yes
0 - 200 DM,27,delay in paying off,furniture/equipment,1891,< 100 DM,unemployed,3,female : divorced/separated/married,none,3,building society savings / life insurance,33,none,own,2,skilled employee / official,1,yes,yes,Yes
0 - 200 DM,15,delay in paying off,repairs,1512,>= 1000 DM,1 - 4 years,3,male : married/widowed,none,3,building society savings / life insurance,61,stores,own,2,skilled employee / official,1,no,yes,Yes
no checking account,27,existing credits paid back duly,radio/television,1697,< 100 DM,< 1 year,4,female : divorced/separated/married,none,3,unknown / no property,35,stores,own,1,skilled employee / official,1,yes,yes,No
>= 200 DM,36,existing credits paid back duly,radio/television,5848,< 100 DM,1 - 4 years,4,male : single,none,1,car or other,24,none,own,1,skilled employee / official,1,no,yes,No
no checking account,,existing credits paid back duly,radio/television,2461,unknown / no savings,1 - 4 years,4,male : single,none,4,car or other,36,none,for free,1,skilled employee / official,1,yes,yes,No
0 - 200 DM,18,critical account / other credits existing,furniture/equipment,7374,< 100 DM,unemployed,4,male : single,none,4,building society savings / life insurance,40,stores,own,2,management / self-employed / highly qualified,1,yes,yes,No
no checking account,34,critical account / other credits existing,car (used),6429,< 100 DM,>= 7 years,2,male : single,none,2,building society savings / life insurance,34,none,own,1,unskilled - resident,2,yes,yes,No
0 - 200 DM,21,existing credits paid back duly,business,2767,100 - 500 DM,>= 7 years,4,male : divorced/separated,none,2,car or other,61,bank,rent,2,unskilled - resident,1,no,yes,Yes
< 0 DM,24,existing credits paid back duly,furniture/equipment,2359,100 - 500 DM,unemployed,1,male : divorced/separated,none,1,building society savings / life insurance,33,none,own,1,skilled employee / official,1,no,yes,Yes
no checking account,12,critical account / other credits existing,radio/television,2331,unknown / no savings,>= 7 years,1,male : single,co-applicant,4,real estate,49,none,own,1,skilled employee / official,1,yes,yes,No
< 0 DM,3,existing credits paid back duly,car (new),660,< 100 DM,1 - 4 years,3,male : single,none,3,real estate,38,none,own,1,unskilled - resident,2,yes,yes,No
< 0 DM,24,existing credits paid back duly,car (used),2924,< 100 DM,1 - 4 years,3,male : single,guarantor,4,unknown / no property,63,bank,own,1,skilled employee / official,2,yes,yes,No
no checking account,21,no credits taken,car (new),5003,unknown / no savings,1 - 4 years,1,female : divorced/separated/married,none,4,building society savings / life insurance,29,bank,own,2,skilled employee / official,1,yes,yes,Yes
>= 200 DM,12,delay in paying off,car (new),,< 100 DM,1 - 4 years,2,female : divorced/separated/married,none,2,car or other,36,stores,own,2,skilled employee / official,1,yes,yes,No
no checking account,39,delay in paying off,radio/television,4208,< 100 DM,4 - 7 years,4,female : divorced/separated/married,none,4,real estate,34,none,own,2,skilled employee / official,1,no,yes,No
0 - 200 DM,36,critical account / other credits existing,radio/television,2337,< 100 DM,>= 7 years,4,male : single,none,4,real estate,36,none,own,1,skilled employee / official,1,no,yes,No
no checking account,12,existing credits paid back duly,furniture/equipment,1052,500 - 1000 DM,1 - 4 years,4,female : divorced/separated/married,none,4,building society savings / life insurance,27,bank,rent,1,unskilled - resident,1,no,no,Yes
0 - 200 DM,45,existing credits paid back duly,radio/television,3031,100 - 500 DM,1 - 4 years,4,male : single,guarantor,4,building society savings / life insurance,21,none,rent,1,skilled employee / official,1,no,yes,Yes
0 - 200 DM,36,existing credits paid back duly,education,12655,< 100 DM,1 - 4 years,1,male : single,none,4,unknown / no property,49,none,for free,1,skilled employee / official,2,yes,yes,Yes
0 - 200 DM,12,all credits paid back duly,furniture/equipment,1095,< 100 DM,1 - 4 years,2,female : divorced/separated/married,none,2,car or other,26,none,own,1,skilled employee / official,1,no,no,Yes
no checking account,15,existing credits paid back duly,business,2079,100 - 500 DM,4 - 7 years,3,male : single,none,2,unknown / no property,35,none,own,1,skilled employee / official,2,no,yes,No
0 - 200 DM,15,existing credits paid back duly,radio/television,611,< 100 DM,1 - 4 years,4,male : married/widowed,none,2,real estate,41,none,own,1,unskilled - resident,1,no,yes,No
0 - 200 DM,12,critical account / other credits existing,radio/television,3573,< 100 DM,1 - 4 years,1,female : divorced/separated/married,none,1,real estate,23,none,own,1,unskilled - resident,1,no,yes,No
0 - 200 DM,50,no credits taken,business,6409,< 100 DM,>= 7 years,3,female : divorced/separated/married,none,2,unknown / no property,57,none,rent,1,skilled employee / official,1,no,yes,Yes
no checking account,54,no credits taken,car (used),8435,unknown / no savings,1 - 4 years,2,male : single,none,1,car or other,38,none,own,1,unemployed / unskilled - non-resident,2,no,yes,No
0 - 200 DM,25,existing credits paid back duly,car (used),,< 100 DM,< 1 year,3,male : single,none,3,car or other,30,none,for free,2,management / self-employed / highly qualified,1,no,yes,No
0 - 200 DM,9,existing credits paid back duly,car (new),276,< 100 DM,1 - 4 years,4,male : married/widowed,none,4,real estate,22,none,rent,1,unskilled - resident,1,no,yes,No
0 - 200 DM,14,existing credits paid back duly,car (new),1946,< 100 DM,>= 7 years,2,male : single,none,4,building society savings / life insurance,28,none,rent,1,skilled employee / official,2,yes,yes,No
< 0 DM,7,critical account / other credits existing,car (new),4041,< 100 DM,1 - 4 years,1,male : single,none,3,real estate,40,none,rent,4,skilled employee / official,2,yes,no,No
< 0 DM,10,existing credits paid back duly,car (new),1436,< 100 DM,unemployed,4,female : divorced/separated/married,none,1,real estate,40,none,own,1,unskilled - resident,1,no,yes,Yes
0 - 200 DM,21,all credits paid back duly,furniture/equipment,,< 100 DM,1 - 4 years,1,male : divorced/separated,none,3,car or other,,bank,own,3,skilled employee / official,1,yes,yes,No
< 0 DM,30,existing credits paid back duly,car (used),4185,< 100 DM,1 - 4 years,3,male : divorced/separated,none,4,building society savings / life insurance,,none,own,1,management / self-employed / highly qualified,1,yes,yes,No
no checking account,13,delay in paying off,radio/television,2223,100 - 500 DM,4 - 7 years,4,female : divorced/separated/married,co-applicant,3,real estate,30,none,rent,1,skilled employee / official,1,no,yes,No
< 0 DM,12,all credits paid back duly,car (new),697,< 100 DM,< 1 year,4,male : single,none,2,car or other,46,bank,own,2,skilled employee / official,1,yes,yes,Yes
< 0 DM,57,existing credits paid back duly,business,7342,< 100 DM,>= 7 years,3,male : single,co-applicant,4,unknown / no property,36,none,rent,1,skilled employee / official,1,no,yes,Yes
>= 200 DM,9,no credits taken,radio/television,1337,< 100 DM,< 1 year,4,male : single,none,2,car or other,34,none,own,2,management / self-employed / highly qualified,1,yes,yes,Yes
no checking account,10,existing credits paid back duly,car (new),1309,unknown / no savings,1 - 4 years,4,male : single,guarantor,4,building society savings / life insurance,27,none,own,1,unskilled - resident,1,no,yes,Yes
0 - 200 DM,4,critical account / other credits existing,car (new),1115,< 100 DM,unemployed,4,male : single,none,4,building society savings / life insurance,44,none,own,1,management / self-employed / highly qualified,1,yes,yes,Yes
0 - 200 DM,47,no credits taken,furniture/equipment,6179,< 100 DM,1 - 4 years,3,female : divorced/separated/married,none,3,unknown / no property,52,none,for free,2,skilled employee / official,2,no,yes,Yes
0 - 200 DM,8,existing credits paid back duly,furniture/equipment,887,< 100 DM,1 - 4 years,4,female : divorced/separated/married,none,2,real estate,29,none,own,1,skilled employee / official,1,no,yes,Yes
0 - 200 DM,20,no credits taken,car (used),5332,100 - 500 DM,>= 7 years,4,male : married/widowed,none,4,car or other,28,bank,own,2,management / self-employed / highly qualified,1,yes,yes,No
0 - 200 DM,18,delay in paying off,car (new),2899,unknown / no savings,>= 7 years,4,male : single,none,4,car or other,,none,own,1,skilled employee / official,2,no,yes,No
0 - 200 DM,12,critical account / other credits existing,car (new),2366,500 - 1000 DM,4 - 7 years,3,male : divorced/separated,none,3,car or other,36,none,own,1,management / self-employed / highly qualified,1,yes,yes,No
no checking account,23,critical account / other credits existing,business,2874,unknown / no savings,1 - 4 years,3,male : single,none,4,real estate,33,none,own,1,skilled employee / official,2,yes,yes,No
0 - 200 DM,57,all credits paid back duly,business,18071,< 100 DM,< 1 year,4,male : single,none,4,unknown / no property,55,bank,own,2,skilled employee / official,1,yes,yes,Yes
no checking account,36,delay in paying off,car (new),10875,< 100 DM,>= 7 years,2,male : single,none,2,car or other,45,none,own,2,skilled employee / official,2,yes,yes,No
no checking account,24,critical account / other credits existing,business,4526,< 100 DM,1 - 4 years,3,male : single,none,2,real estate,74,none,own,1,management / self-employed / highly qualified,1,yes,yes,No
no checking account,27,all credits paid back duly,car (used),7185,unknown / no savings,< 1 year,4,male : married/widowed,guarantor,4,real estate,,bank,rent,3,skilled employee / official,2,yes,yes,No
no checking account,38,delay in paying off,car (used),6064,>= 1000 DM,>= 7 years,3,male : single,none,1,building society savings / life insurance,38,none,own,3,management / self-employed / highly qualified,1,yes,yes,No
< 0 DM,48,existing credits paid back duly,education,7476,< 100 DM,4 - 7 years,4,male : single,none,1,unknown / no property,50,none,for free,1,management / self-employed / highly qualified,1,yes,yes,No
0 - 200 DM,12,critical account / other credits existing,radio/television,1286,< 100 DM,>= 7 years,3,male : single,none,4,real estate,37,none,own,3,unemployed / unskilled - non-resident,1,no,yes,No
no checking account,8,delay in paying off,car (new),1691,< 100 DM,1 - 4 years,2,male : married/widowed,none,2,building society savings / life insurance,21,none,own,1,skilled employee / official,1,no,yes,No
< 0 DM,24,existing credits paid back duly,car (used),2910,< 100 DM,4 - 7 years,2,male : single,none,1,unknown / no property,34,none,for free,1,management / self-employed / highly qualified,1,yes,yes,No
no checking account,11,critical account / other credits existing,repairs,3514,unknown / no savings,< 1 year,1,male : married/widowed,none,1,building society savings / life insurance,34,none,own,2,unskilled - resident,2,no,yes,No
0 - 200 DM,22,existing credits paid back duly,furniture/equipment,4493,>= 1000 DM,4 - 7 years,1,male : single,none,4,car or other,34,none,own,1,skilled employee / official,1,yes,yes,No
< 0 DM,24,all credits paid back duly,radio/television,1546,< 100 DM,4 - 7 years,4,male : single,guarantor,4,car or other,24,bank,rent,1,unskilled - resident,1,no,yes,Yes
< 0 DM,49,existing credits paid back duly,car (used),4692,100 - 500 DM,4 - 7 years,4,male : married/widowed,none,3,building society savings / life insurance,28,none,own,1,unskilled - resident,2,no,yes,No
0 - 200 DM,39,critical account / other credits existing,education,12700,100 - 500 DM,4 - 7 years,2,male : single,none,3,unknown / no property,30,none,for free,2,unskilled - resident,1,yes,yes,No
0 - 200 DM,,existing credits paid back duly,car (new),285,< 100 DM,< 1 year,3,male : married/widowed,none,4,real estate,25,none,rent,1,unskilled - resident,1,no,yes,No
>= 200 DM,17,critical account / other credits existing,car (used),2593,>= 1000 DM,1 - 4 years,1,male : single,none,1,car or other,39,none,own,1,skilled employee / official,2,yes,yes,No
no checking account,,existing credits paid back duly,furniture/equipment,1766,< 100 DM,1 - 4 years,1,male : married/widowed,none,2,building society savings / life insurance,21,none,rent,1,skilled employee / official,1,no,yes,No
no checking account,15,existing credits paid back duly,education,715,< 100 DM,>= 7 years,4,male : single,none,4,car or other,40,bank,own,2,unemployed / unskilled - non-resident,2,no,no,Yes
0 - 200 DM,,delay in paying off,car (new),2498,>= 1000 DM,4 - 7 years,3,male : divorced/separated,none,2,unknown / no property,38,none,own,1,management / self-employed / highly qualified,1,no,yes,No
< 0 DM,22,critical account / other credits existing,car (used),6674,< 100 DM,>= 7 years,1,female : divorced/separated/married,none,4,unknown / no property,42,none,for free,2,management / self-employed / highly qualified,2,yes,yes,No
no checking account,21,delay in paying off,business,2580,500 - 1000 DM,< 1 year,4,male : single,none,2,real estate,41,bank,own,1,unskilled - resident,2,no,yes,Yes
no checking account,9,existing credits paid back duly,others,585,< 100 DM,1 - 4 years,4,female : divorced/separated/married,none,1,real estate,28,none,own,1,unskilled - resident,1,no,yes,No
0 - 200 DM,61,delay in paying off,radio/television,8291,>= 1000 DM,1 - 4 years,2,male : divorced/separated,none,1,real estate,24,none,own,2,unskilled - resident,1,no,yes,No
no checking account,18,critical account / other credits existing,education,1864,100 - 500 DM,1 - 4 years,4,female : divorced/separated/married,none,2,real estate,30,none,own,2,skilled employee / official,1,no,yes,Yes
no checking account,,existing credits paid back duly,car (new),1301,100 - 500 DM,< 1 year,3,male : married/widowed,none,3,real estate,27,none,own,1,skilled employee / official,1,no,yes,No
< 0 DM,22,existing credits paid back duly,furniture/equipment,3355,unknown / no savings,1 - 4 years,2,male : married/widowed,none,4,car or other,20,none,own,1,skilled employee / official,1,no,yes,Yes
0 - 200 DM,9,existing credits paid back duly,business,1391,< 100 DM,1 - 4 years,2,male : married/widowed,none,1,real estate,27,bank,own,1,skilled employee / official,1,yes,yes,No
< 0 DM,20,delay in paying off,repairs,,unknown / no savings,>= 7 years,3,male : single,none,3,building society savings / life insurance,40,none,own,2,skilled employee / official,1,yes,yes,No
0 - 200 DM,17,existing credits paid back duly,radio/television,1052,100 - 500 DM,< 1 year,3,female : divorced/separated/married,guarantor,4,real estate,29,none,own,1,unskilled - resident,2,no,yes,No
no checking account,24,existing credits paid back duly,car (new),1474,100 - 500 DM,< 1 year,4,male : married/widowed,none,3,real estate,33,none,own,1,skilled employee / official,1,yes,yes,No
>= 200 DM,21,existing credits paid back duly,furniture/equipment,2033,< 100 DM,1 - 4 years,1,male : single,none,2,real estate,26,none,own,1,skilled employee / official,1,no,yes,No
< 0 DM,26,all credits paid back duly,others,1629,< 100 DM,>= 7 years,4,female : divorced/separated/married,guarantor,4,real estate,55,none,own,1,unskilled - resident,1,yes,yes,No
0 - 200 DM,29,existing credits paid back duly,furniture/equipment,,unknown / no savings,>= 7 years,4,male : single,none,4,real estate,34,none,own,1,management / self-employed / highly qualified,1,no,yes,Yes
< 0 DM,48,existing credits paid back duly,radio/television,6999,< 100 DM,4 - 7 years,1,male : married/widowed,guarantor,1,real estate,34,none,own,2,skilled employee / official,1,yes,yes,Yes
0 - 200 DM,3,existing credits paid back duly,radio/television,2555,500 - 1000 DM,1 - 4 years,2,male : single,none,4,real estate,42,none,rent,1,skilled employee / official,2,no,yes,No
0 - 200 DM,27,no credits taken,business,8318,< 100 DM,>= 7 years,2,female : divorced/separated/married,none,4,unknown / no property,42,none,for free,2,management / self-employed / highly qualified,1,yes,yes,Yes
no checking account,8,critical account / other credits existing,radio/television,,500 - 1000 DM,unemployed,3,female : divorced/separated/married,none,4,real estate,55,none,own,3,unskilled - resident,1,no,yes,No
no checking account,12,existing credits paid back duly,car (new),640,< 100 DM,1 - 4 years,4,male : divorced/separated,none,2,real estate,49,none,own,1,unskilled - resident,1,no,yes,No
no checking account,12,critical account / other credits existing,car (used),2979,>= 1000 DM,>= 7 years,3,male : single,none,4,unknown / no property,26,none,rent,2,skilled employee / official,1,yes,yes,No
< 0 DM,,existing credits paid back duly,radio/television,1498,< 100 DM,1 - 4 years,4,female : divorced/separated/married,none,1,car or other,23,bank,own,1,skilled employee / official,1,no,yes,No
0 - 200 DM,24,delay in paying off,furniture/equipment,2333,unknown / no savings,< 1 year,4,male : single,none,2,building society savings / life insurance,29,bank,own,1,unskilled - resident,1,no,yes,No
no checking account,4,existing credits paid back duly,car (new),5097,< 100 DM,< 1 year,1,female : divorced/separated/married,none,3,building society savings / life insurance,35,none,own,1,skilled employee / official,1,no,yes,Yes
no checking account,15,existing credits paid back duly,furniture/equipment,2221,500 - 1000 DM,1 - 4 years,2,female : divorced/separated/married,none,4,car or other,20,none,rent,1,skilled employee / official,1,no,yes,No
>= 200 DM,24,existing credits paid back duly,car (new),946,< 100 DM,4 - 7 years,4,male : single,none,3,unknown / no property,36,bank,for free,2,skilled employee / official,2,no,yes,Yes
0 - 200 DM,12,existing credits paid back duly,furniture/equipment,2762,unknown / no savings,>= 7 years,1,female : divorced/separated/married,none,2,building society savings / life insurance,25,bank,own,1,skilled employee / official,1,yes,yes,Yes
< 0 DM,15,existing credits paid back duly,radio/television,1067,< 100 DM,1 - 4 years,3,male : single,none,2,real estate,19,none,own,1,management / self-employed / highly qualified,2,yes,yes,No
0 - 200 DM,10,existing credits paid back duly,car (new),1259,< 100 DM,< 1 year,3,female : divorced/separated/married,none,1,car or other,25,none,rent,1,management / self-employed / highly qualified,1,no,yes,Yes
< 0 DM,8,critical account / other credits existing,others,1164,< 100 DM,,3,male : single,none,4,unknown / no property,51,bank,for free,2,management / self-employed / highly qualified,2,yes,yes,No
no checking account,15,existing credits paid back duly,car (new),5324,500 - 1000 DM,>= 7 years,1,female : divorced/separated/married,none,4,unknown / no property,35,none,for free,1,skilled employee / official,1,no,yes,No
< 0 DM,12,existing credits paid back duly,furniture/equipment,708,< 100 DM,1 - 4 years,2,male : single,guarantor,3,building society savings / life insurance,38,none,own,1,unskilled - resident,2,no,yes,No
no checking account,63,delay in paying off,radio/television,9997,500 - 1000 DM,4 - 7 years,2,female : divorced/separated/married,none,4,real estate,19,none,own,2,skilled employee / official,1,yes,yes,No
0 - 200 DM,10,existing credits paid back duly,radio/television,2677,< 100 DM,< 1 year,1,female : divorced/separated/married,guarantor,1,real estate,48,none,own,1,skilled employee / official,2,no,yes,No
< 0 DM,24,existing credits paid back duly,radio/television,2439,< 100 DM,< 1 year,4,female : divorced/separated/married,none,4,real estate,35,none,own,1,skilled employee / official,1,yes,yes,Yes
no checking account,23,critical account / other credits existing,education,,< 100 DM,4 - 7 years,4,male : single,none,4,unknown / no property,54,none,for free,2,skilled employee / official,2,no,yes,No
no checking account,21,critical account / other credits existing,education,6242,< 100 DM,4 - 7 years,3,male : single,none,4,car or other,35,none,own,2,skilled employee / official,1,yes,yes,No
>= 200 DM,13,existing credits paid back duly,furniture/equipment,1405,< 100 DM,< 1 year,3,female : divorced/separated/married,none,2,building society savings / life insurance,31,bank,own,1,management / self-employed / highly qualified,2,yes,yes,No
>= 200 DM,19,existing credits paid back duly,business,1797,100 - 500 DM,,4,female : divorced/separated/married,none,3,building society savings / life insurance,25,none,for free,1,unskilled - resident,1,no,yes,No
< 0 DM,11,existing credits paid back duly,domestic appliances,1524,< 100 DM,< 1 year,3,male : single,none,2,unknown / no property,25,none,for free,1,management / self-employed / highly qualified,1,yes,yes,Yes
>= 200 DM,50,existing credits paid back duly,radio/television,2880,< 100 DM,1 - 4 years,4,male : single,none,4,building society savings / life insurance,29,stores,own,2,skilled employee / official,1,no,yes,Yes
no checking account,5,critical account / other credits existing,car (new),2062,500 - 1000 DM,< 1 year,2,male : married/widowed,none,1,building society savings / life insurance,26,none,own,1,skilled employee / official,1,no,yes,No
no checking account,10,existing credits paid back duly,car (used),2901,unknown / no savings,< 1 year,1,female : divorced/separated/married,none,4,real estate,31,none,rent,1,skilled employee / official,1,no,yes,No
< 0 DM,12,existing credits paid back duly,radio/television,1799,500 - 1000 DM,>= 7 years,2,male : married/widowed,none,2,real estate,37,none,rent,1,skilled employee / official,1,no,yes,No
no checking account,12,critical account / other credits existing,furniture/equipment,5801,unknown / no savings,>= 7 years,2,male : single,none,4,building society savings / life insurance,49,none,rent,1,skilled employee / official,1,yes,yes,No
no checking account,,delay in paying off,furniture/equipment,3249,< 100 DM,1 - 4 years,4,male : single,none,2,unknown / no property,25,none,own,1,skilled employee / official,1,yes,yes,No
0 - 200 DM,15,existing credits paid back duly,radio/television,546,< 100 DM,< 1 year,3,male : married/widowed,guarantor,1,real estate,24,bank,own,1,unskilled - resident,1,no,yes,No
0 - 200 DM,40,existing credits paid back duly,furniture/equipment,8622,< 100 DM,4 - 7 years,2,male : single,guarantor,3,building society savings / life insurance,42,none,for free,1,skilled employee / official,2,no,yes,No
< 0 DM,45,no credits taken,business,11816,< 100 DM,>= 7 years,2,male : single,none,4,car or other,29,none,rent,2,skilled employee / official,1,no,yes,Yes
0 - 200 DM,12,existing credits paid back duly,business,841,100 - 500 DM,4 - 7 years,2,female : divorced/separated/married,none,4,real estate,23,none,rent,1,unskilled - resident,1,no,yes,No
< 0 DM,13,existing credits paid back duly,furniture/equipment,1145,unknown / no savings,>= 7 years,2,male : divorced/separated,none,3,real estate,52,none,own,1,unskilled - resident,1,yes,yes,No
0 - 200 DM,18,delay in paying off,furniture/equipment,4297,< 100 DM,>= 7 years,4,male : divorced/separated,none,3,unknown / no property,40,none,own,1,management / self-employed / highly qualified,1,yes,yes,Yes
no checking account,24,critical account / other credits existing,radio/television,2872,100 - 500 DM,>= 7 years,3,male : single,none,4,real estate,36,none,own,1,skilled employee / official,2,yes,yes,No
no checking account,24,existing credits paid back duly,car (new),2942,500 - 1000 DM,4 - 7 years,2,female : divorced/separated/married,none,2,car or other,29,bank,own,1,management / self-employed / highly qualified,1,no,yes,No
no checking account,12,existing credits paid back duly,education,1393,< 100 DM,>= 7 years,4,male : single,none,4,building society savings / life insurance,47,bank,own,3,skilled employee / official,2,yes,yes,No
0 - 200 DM,,delay in paying off,business,2503,100 - 500 DM,>= 7 years,4,male : single,none,2,building society savings / life insurance,41,stores,own,2,skilled employee / official,1,no,yes,No
no checking account,30,critical account / other credits existing,radio/television,4530,< 100 DM,4 - 7 years,4,female : divorced/separated/married,none,4,car or other,26,none,rent,1,management / self-employed / highly qualified,1,yes,yes,No
no checking account,14,critical account / other credits existing,repairs,899,>= 1000 DM,,4,female : divorced/separated/married,none,4,real estate,25,bank,own,2,skilled employee / official,1,no,yes,No
no checking account,9,delay in paying off,furniture/equipment,1786,< 100 DM,1 - 4 years,3,male : single,none,2,real estate,23,none,rent,1,unemployed / unskilled - non-resident,1,no,yes,No
>= 200 DM,15,existing credits paid back duly,furniture/equipment,3027,< 100 DM,< 1 year,2,female : divorced/separated/married,none,1,building society savings / life insurance,43,stores,own,1,unskilled - resident,1,no,yes,No
no checking account,36,existing credits paid back duly,business,5742,100 - 500 DM,4 - 7 years,2,male : single,none,2,car or other,31,none,own,2,skilled employee / official,1,yes,yes,No
< 0 DM,12,existing credits paid back duly,car (used),3386,< 100 DM,>= 7 years,3,male : single,none,4,unknown / no property,35,none,for free,1,skilled employee / official,1,yes,yes,Yes
>= 200 DM,26,existing credits paid back duly,radio/television,2063,< 100 DM,< 1 year,1,male : married/widowed,none,1,building society savings / life insurance,25,none,own,1,skilled employee / official,1,yes,yes,Yes
0 - 200 DM,24,existing credits paid back duly,car (used),11560,< 100 DM,1 - 4 years,1,female : divorced/separated/married,none,4,car or other,,none,rent,2,management / self-employed / highly qualified,1,no,yes,Yes
no checking account,6,existing credits paid back duly,radio/television,580,< 100 DM,1 - 4 years,4,female : divorced/separated/married,none,1,real estate,29,stores,own,1,skilled employee / official,1,no,yes,No
no checking account,18,critical account / other credits existing,repairs,10876,unknown / no savings,>= 7 years,4,male : single,none,3,unknown / no property,30,none,for free,1,management / self-employed / highly qualified,1,yes,yes,Yes
no checking account,12,no credits taken,furniture/equipment,2759,< 100 DM,>= 7 years,2,male : single,none,4,building society savings / life insurance,34,none,own,2,skilled employee / official,1,no,yes,No
>= 200 DM,21,critical account / other credits existing,radio/television,3072,unknown / no savings,1 - 4 years,3,male : single,none,2,car or other,28,none,own,3,skilled employee / official,2,yes,yes,No
no checking account,11,critical account / other credits existing,business,1530,< 100 DM,1 - 4 years,3,female : divorced/separated/married,guarantor,2,real estate,27,none,own,2,management / self-employed / highly qualified,1,yes,yes,No
< 0 DM,17,critical account / other credits existing,furniture/equipment,2008,< 100 DM,,3,female : divorced/separated/married,none,4,real estate,27,none,rent,2,management / self-employed / highly qualified,1,no,yes,Yes
0 - 200 DM,15,no credits taken,furniture/equipment,2969,< 100 DM,< 1 year,4,female : divorced/separated/married,none,2,building society savings / life insurance,27,none,rent,2,skilled employee / official,1,no,yes,Yes
< 0 DM,21,no credits taken,furniture/equipment,3433,< 100 DM,1 - 4 years,1,female : divorced/separated/married,none,4,car or other,30,bank,own,2,skilled employee / official,1,yes,yes,No
>= 200 DM,35,existing credits paid back duly,others,5240,< 100 DM,< 1 year,4,female : divorced/separated/married,none,2,unknown / no property,33,none,own,2,management / self-employed / highly qualified,1,yes,yes,No
0 - 200 DM,12,existing credits paid back duly,car (used),2028,unknown / no savings,1 - 4 years,4,male : single,none,2,car or other,30,none,own,1,skilled employee / official,1,no,yes,No
< 0 DM,24,existing credits paid back duly,car (new),4817,< 100 DM,4 - 7 years,2,male : single,co-applicant,3,building society savings / life insurance,31,none,own,1,skilled employee / official,1,yes,yes,Yes
< 0 DM,47,no credits taken,business,11427,< 100 DM,4 - 7 years,2,male : single,none,3,car or other,28,none,rent,1,skilled employee / official,1,no,yes,Yes
0 - 200 DM,4,existing credits paid back duly,radio/television,,< 100 DM,< 1 year,3,male : single,guarantor,2,real estate,33,none,own,1,skilled employee / official,1,no,yes,No
0 - 200 DM,9,delay in paying off,car (new),,>= 1000 DM,< 1 year,4,female : divorced/separated/married,none,4,car or other,38,stores,own,2,skilled employee / official,1,yes,yes,No
>= 200 DM,11,existing credits paid back duly,radio/television,860,< 100 DM,< 1 year,2,male : married/widowed,none,2,real estate,29,none,own,1,skilled employee / official,1,yes,yes,No
< 0 DM,25,existing credits paid back duly,car (new),1271,>= 1000 DM,>= 7 years,3,female : divorced/separated/married,none,4,car or other,34,bank,rent,1,skilled employee / official,1,no,yes,Yes
no checking account,12,critical account / other credits existing,radio/television,2395,unknown / no savings,>= 7 years,1,male : single,co-applicant,4,real estate,48,none,own,2,unskilled - resident,1,yes,yes,No
< 0 DM,24,delay in paying off,car (new),4870,< 100 DM,1 - 4 years,3,male : single,none,4,unknown / no property,53,none,for free,2,skilled employee / official,2,no,yes,Yes
< 0 DM,6,critical account / other credits existing,car (new),666,>= 1000 DM,4 - 7 years,3,female : divorced/separated/married,none,4,real estate,39,none,own,2,unskilled - resident,1,yes,yes,No
>= 200 DM,10,critical account / other credits existing,car (new),683,< 100 DM,>= 7 years,4,male : single,none,4,unknown / no property,65,none,for free,1,skilled employee / official,1,yes,yes,No
0 - 200 DM,24,critical account / other credits existing,others,11938,< 100 DM,1 - 4 years,2,male : single,co-applicant,3,car or other,39,none,own,2,management / self-employed / highly qualified,2,yes,yes,Yes
< 0 DM,24,existing credits paid back duly,furniture/equipment,3149,< 100 DM,< 1 year,4,male : single,none,1,unknown / no property,22,bank,for free,1,skilled employee / official,1,no,yes,No
no checking account,12,critical account / other credits existing,car (new),1495,< 100 DM,>= 7 years,4,male : single,none,1,real estate,38,none,own,2,unskilled - resident,2,no,yes,No
no checking account,12,existing credits paid back duly,furniture/equipment,1574,< 100 DM,1 - 4 years,4,male : single,none,2,real estate,50,none,own,1,skilled employee / official,1,no,yes,No
0 - 200 DM,48,delay in paying off,business,6681,unknown / no savings,1 - 4 years,4,male : single,none,4,unknown / no property,38,none,for free,1,skilled employee / official,2,yes,yes,No
no checking account,,critical account / other credits existing,car (new),3478,< 100 DM,>= 7 years,1,female : divorced/separated/married,none,1,real estate,37,none,own,1,skilled employee / official,2,yes,yes,No
no checking account,21,existing credits paid back duly,car (used),2314,>= 1000 DM,4 - 7 years,2,female : divorced/separated/married,none,4,car or other,25,none,rent,1,skilled employee / official,1,yes,yes,No
0 - 200 DM,12,existing credits paid back duly,car (new),1223,< 100 DM,>= 7 years,1,male : divorced/separated,none,1,real estate,46,none,rent,2,skilled employee / official,1,no,yes,Yes
no checking account,7,existing credits paid back duly,education,3581,unknown / no savings,>= 7 years,1,male : single,none,4,real estate,63,none,own,1,unskilled - resident,1,no,yes,No
>= 200 DM,15,existing credits paid back duly,radio/television,2327,< 100 DM,< 1 year,2,female : divorced/separated/married,none,3,real estate,25,none,own,1,unskilled - resident,1,no,yes,Yes
< 0 DM,47,no credits taken,furniture/equipment,6782,< 100 DM,1 - 4 years,2,male : single,none,4,unknown / no property,55,none,for free,1,skilled employee / official,2,no,yes,Yes
< 0 DM,20,existing credits paid back duly,furniture/equipment,4540,< 100 DM,1 - 4 years,1,male : single,co-applicant,4,car or other,41,none,own,1,skilled employee / official,1,no,yes,Yes
< 0 DM,47,existing credits paid back duly,car (new),10812,< 100 DM,< 1 year,1,female : divorced/separated/married,none,1,building society savings / life insurance,35,none,own,1,unskilled - resident,2,yes,yes,No
< 0 DM,20,existing credits paid back duly,furniture/equipment,2081,< 100 DM,1 - 4 years,2,female : divorced/separated/married,none,4,real estate,,bank,rent,2,skilled employee / official,1,no,yes,Yes
0 - 200 DM,36,delay in paying off,car (new),8440,< 100 DM,1 - 4 years,1,female : divorced/separated/married,none,2,building society savings / life insurance,57,none,rent,1,skilled employee / official,1,no,yes,No
< 0 DM,27,all credits paid back duly,furniture/equipment,7277,< 100 DM,< 1 year,1,male : divorced/separated,none,1,building society savings / life insurance,52,bank,own,2,skilled employee / official,1,yes,yes,Yes
no checking account,25,critical account / other credits existing,radio/television,1772,< 100 DM,4 - 7 years,4,male : married/widowed,guarantor,3,car or other,31,none,own,2,skilled employee / official,1,yes,yes,No
< 0 DM,24,all credits paid back duly,car (used),3632,< 100 DM,1 - 4 years,1,female : divorced/separated/married,guarantor,4,car or other,22,bank,rent,1,skilled employee / official,1,no,no,No
no checking account,10,existing credits paid back duly,retraining,894,unknown / no savings,4 - 7 years,4,female : divorced/separated/married,none,3,building society savings / life insurance,40,none,own,1,skilled employee / official,1,yes,yes,No
0 - 200 DM,30,existing credits paid back duly,radio/television,1715,unknown / no savings,1 - 4 years,4,female : divorced/separated/married,none,1,car or other,26,none,own,1,skilled employee / official,1,no,yes,No
< 0 DM,20,existing credits paid back duly,radio/television,3289,< 100 DM,4 - 7 years,4,female : divorced/separated/married,guarantor,1,real estate,22,stores,own,1,skilled employee / official,1,no,yes,No
no checking account,15,existing credits paid back duly,radio/television,413,< 100 DM,unemployed,2,female : divorced/separated/married,co-applicant,4,real estate,25,none,rent,1,unskilled - resident,1,no,yes,Yes
no checking account,10,critical account / other credits existing,furniture/equipment,2146,< 100 DM,< 1 year,1,female : divorced/separated/married,none,3,real estate,23,none,rent,2,skilled employee / official,1,no,yes,No
< 0 DM,27,critical account / other credits existing,business,2442,< 100 DM,>= 7 years,4,male : single,none,4,car or other,43,stores,own,4,management / self-employed / highly qualified,2,yes,yes,No
0 - 200 DM,36,critical account / other credits existing,radio/television,4921,< 100 DM,4 - 7 years,3,male : single,guarantor,1,real estate,23,none,own,3,skilled employee / official,1,no,yes,Yes
no checking account,12,critical account / other credits existing,radio/television,1240,unknown / no savings,>= 7 years,4,female : divorced/separated/married,none,2,real estate,38,none,own,2,skilled employee / official,1,yes,yes,No
0 - 200 DM,21,critical account / other credits existing,business,3652,< 100 DM,4 - 7 years,2,male : single,none,3,building society savings / life insurance,27,none,own,2,skilled employee / official,1,no,yes,No
0 - 200 DM,11,existing credits paid back duly,furniture/equipment,1577,>= 1000 DM,< 1 year,4,female : divorced/separated/married,none,1,real estate,20,none,own,1,skilled employee / official,1,no,yes,No
< 0 DM,21,critical account / other credits existing,car (new),571,< 100 DM,>= 7 years,4,male : single,none,4,real estate,65,none,own,2,skilled employee / official,1,no,yes,No
